Meter No,Score,Band,Recency (Days),Vends (60d),Median Spend,Decision,Approved Amount,Reason
user_00001,40.3,D,0.0,3.0,2398.5,REJECTED,0.0,Insufficient history (3.0 vends/60d)
user_00002,42.5,D,4.0,2.0,2000.0,REJECTED,0.0,Insufficient history (2.0 vends/60d)
user_00003,48.0,D,3.0,8.0,2000.0,REJECTED,0.0,Low Score (Band D)
user_00004,73.3,B,11.0,9.0,57500.0,APPROVED,7500.0,Eligible
user_00005,74.4,B,1.0,9.0,180000.0,APPROVED,7500.0,Eligible
user_00006,48.1,D,5.0,10.0,2000.0,REJECTED,0.0,Low Score (Band D)
user_00007,38.9,D,1.0,7.0,1750.0,REJECTED,0.0,Low Score (Band D)
user_00008,48.9,D,13.0,4.0,2000.0,REJECTED,0.0,Insufficient history (4.0 vends/60d)
user_00009,48.9,D,0.0,9.0,2000.0,REJECTED,0.0,Low Score (Band D)
user_00010,70.4,B,1.0,7.0,58000.0,APPROVED,7500.0,Eligible
user_00011,39.5,D,2.0,7.0,1500.0,REJECTED,0.0,Low Score (Band D)
user_00012,66.3,B,4.0,4.0,51000.0,REJECTED,0.0,Insufficient history (4.0 vends/60d)
user_00013,42.8,D,3.0,9.0,2500.0,REJECTED,0.0,Low Score (Band D)
user_00014,48.0,D,32.0,1.0,3000.0,REJECTED,0.0,Insufficient history (1.0 vends/60d); Dormant (Last vend 32.0 days ago)
user_00015,41.8,D,3.0,7.0,1500.0,REJECTED,0.0,Low Score (Band D)
user_00016,51.5,C,3.0,17.0,2554.0,REJECTED,0.0,Calculated limit (1277.0) below min threshold
user_00017,36.7,D,0.0,5.0,1750.0,REJECTED,0.0,Insufficient history (5.0 vends/60d)
user_00018,35.7,D,2.0,3.0,1750.0,REJECTED,0.0,Insufficient history (3.0 vends/60d)
user_00019,42.2,D,5.0,5.0,2000.0,REJECTED,0.0,Insufficient history (5.0 vends/60d)
user_00020,37.7,D,2.0,7.0,2000.0,REJECTED,0.0,Low Score (Band D)
user_00021,37.3,D,17.0,3.0,1725.0,REJECTED,0.0,Insufficient history (3.0 vends/60d)
user_00022,39.7,D,5.0,7.0,1500.0,REJECTED,0.0,Low Score (Band D)
user_00023,43.3,D,3.0,7.0,2000.0,REJECTED,0.0,Low Score (Band D)
user_00024,43.3,D,2.0,7.0,2000.0,REJECTED,0.0,Low Score (Band D)
user_00025,36.2,D,2.0,6.0,1500.0,REJECTED,0.0,Low Score (Band D)
user_00026,45.2,D,8.0,7.0,2500.0,REJECTED,0.0,Low Score (Band D)
user_00027,45.2,D,0.0,9.0,1924.0,REJECTED,0.0,Low Score (Band D)
user_00028,45.7,D,1.0,13.0,1825.0,REJECTED,0.0,Low Score (Band D)
user_00029,34.8,D,5.0,4.0,1500.0,REJECTED,0.0,Insufficient history (4.0 vends/60d)
user_00030,45.9,D,2.0,5.0,2000.0,REJECTED,0.0,Insufficient history (5.0 vends/60d)
user_00031,40.5,D,5.0,4.0,2000.0,REJECTED,0.0,Insufficient history (4.0 vends/60d)
user_00032,42.8,D,3.0,13.0,1859.0,REJECTED,0.0,Low Score (Band D)
user_00033,40.8,D,1.0,6.0,2000.0,REJECTED,0.0,Low Score (Band D)
user_00034,45.8,D,1.0,10.0,2000.0,REJECTED,0.0,Low Score (Band D)
user_00035,36.0,D,3.0,5.0,2000.0,REJECTED,0.0,Insufficient history (5.0 vends/60d)
user_00036,69.5,B,0.0,5.0,180000.0,REJECTED,0.0,Insufficient history (5.0 vends/60d)
user_00037,70.9,B,0.0,11.0,62000.0,APPROVED,7500.0,Eligible
user_00038,41.2,D,5.0,3.0,2500.0,REJECTED,0.0,Insufficient history (3.0 vends/60d)
user_00039,42.3,D,1.0,10.0,2000.0,REJECTED,0.0,Low Score (Band D)
user_00040,64.9,C,11.0,4.0,54000.0,REJECTED,0.0,Insufficient history (4.0 vends/60d)
user_00041,46.6,D,3.0,7.0,2500.0,REJECTED,0.0,Low Score (Band D)
user_00042,42.3,D,1.0,7.0,2000.0,REJECTED,0.0,Low Score (Band D)
user_00043,42.9,D,3.0,7.0,1500.0,REJECTED,0.0,Low Score (Band D)
user_00044,73.0,B,10.0,8.0,51000.0,APPROVED,7500.0,Eligible
user_00045,48.6,D,6.0,11.0,1776.5,REJECTED,0.0,Low Score (Band D)
user_00046,36.8,D,20.0,3.0,2437.5,REJECTED,0.0,Insufficient history (3.0 vends/60d)
user_00047,73.4,B,2.0,12.0,53000.0,APPROVED,7500.0,Eligible
user_00048,66.2,B,4.0,6.0,51000.0,APPROVED,7500.0,Eligible
user_00049,38.4,D,5.0,7.0,1691.0,REJECTED,0.0,Low Score (Band D)
user_00050,45.9,D,14.0,4.0,2000.0,REJECTED,0.0,Insufficient history (4.0 vends/60d)
user_00051,49.7,D,26.0,7.0,2000.0,REJECTED,0.0,Low Score (Band D)
user_00052,42.4,D,5.0,10.0,2000.0,REJECTED,0.0,Low Score (Band D)
user_00053,44.0,D,0.0,12.0,1812.5,REJECTED,0.0,Low Score (Band D)
user_00054,48.2,D,4.0,9.0,1937.5,REJECTED,0.0,Low Score (Band D)
user_00055,40.7,D,3.0,12.0,1750.0,REJECTED,0.0,Low Score (Band D)
user_00056,75.3,B,1.0,7.0,180000.0,APPROVED,7500.0,Eligible
user_00057,45.0,D,2.0,6.0,3000.0,REJECTED,0.0,Low Score (Band D)
user_00058,49.4,D,3.0,9.0,2250.0,REJECTED,0.0,Low Score (Band D)
user_00059,46.0,D,5.0,11.0,2000.0,REJECTED,0.0,Low Score (Band D)
user_00060,39.3,D,0.0,9.0,1500.0,REJECTED,0.0,Low Score (Band D)
user_00061,48.0,D,108.0,0.0,2000.0,REJECTED,0.0,Insufficient history (0.0 vends/60d); Dormant (Last vend 108.0 days ago)
user_00062,44.6,D,12.0,9.0,2000.0,REJECTED,0.0,Low Score (Band D)
user_00063,50.3,C,0.0,15.0,2000.0,REJECTED,0.0,Calculated limit (1000.0) below min threshold
user_00064,40.9,D,7.0,8.0,2000.0,REJECTED,0.0,Low Score (Band D)
user_00065,45.7,D,4.0,11.0,2000.0,REJECTED,0.0,Low Score (Band D)
user_00066,30.8,D,0.0,2.0,1500.0,REJECTED,0.0,Insufficient history (2.0 vends/60d)
user_00067,43.6,D,10.0,5.0,2000.0,REJECTED,0.0,Insufficient history (5.0 vends/60d)
user_00068,66.8,B,3.0,5.0,49500.0,REJECTED,0.0,Insufficient history (5.0 vends/60d)
user_00069,44.1,D,1.0,6.0,2000.0,REJECTED,0.0,Low Score (Band D)
user_00070,40.8,D,2.0,11.0,2000.0,REJECTED,0.0,Low Score (Band D)
user_00071,45.4,D,3.0,9.0,1750.0,REJECTED,0.0,Low Score (Band D)
user_00072,45.1,D,6.0,7.0,2264.5,REJECTED,0.0,Low Score (Band D)
user_00073,49.0,D,3.0,7.0,2000.0,REJECTED,0.0,Low Score (Band D)
user_00074,29.8,D,1.0,3.0,1250.0,REJECTED,0.0,Insufficient history (3.0 vends/60d)
user_00075,44.0,D,3.0,8.0,2000.0,REJECTED,0.0,Low Score (Band D)
user_00076,30.5,D,13.0,3.0,1375.0,REJECTED,0.0,Insufficient history (3.0 vends/60d)
user_00077,45.6,D,0.0,11.0,2250.0,REJECTED,0.0,Low Score (Band D)
user_00078,46.1,D,2.0,9.0,1750.0,REJECTED,0.0,Low Score (Band D)
user_00079,64.8,C,32.0,5.0,44000.0,REJECTED,0.0,Insufficient history (5.0 vends/60d); Dormant (Last vend 32.0 days ago)
user_00080,62.2,C,1.0,3.0,48000.0,REJECTED,0.0,Insufficient history (3.0 vends/60d)
user_00081,66.4,B,3.0,7.0,50000.0,APPROVED,7500.0,Eligible
user_00082,43.2,D,1.0,12.0,2000.0,REJECTED,0.0,Low Score (Band D)
user_00083,72.6,B,14.0,8.0,50000.0,APPROVED,7500.0,Eligible
user_00084,39.8,D,0.0,7.0,2000.0,REJECTED,0.0,Low Score (Band D)
user_00085,44.3,D,13.0,6.0,2345.0,REJECTED,0.0,Low Score (Band D)
user_00086,33.5,D,13.0,3.0,2080.0,REJECTED,0.0,Insufficient history (3.0 vends/60d)
user_00087,46.8,D,0.0,10.0,2000.0,REJECTED,0.0,Low Score (Band D)
user_00088,43.0,D,5.0,6.0,2000.0,REJECTED,0.0,Low Score (Band D)
user_00089,40.2,D,19.0,3.0,1625.0,REJECTED,0.0,Insufficient history (3.0 vends/60d)
user_00090,44.1,D,2.0,15.0,1875.0,REJECTED,0.0,Low Score (Band D)
user_00091,44.8,D,1.0,8.0,2000.0,REJECTED,0.0,Low Score (Band D)
user_00092,37.8,D,4.0,8.0,2000.0,REJECTED,0.0,Low Score (Band D)
user_00093,44.4,D,5.0,4.0,2000.0,REJECTED,0.0,Insufficient history (4.0 vends/60d)
user_00094,42.9,D,2.0,12.0,2000.0,REJECTED,0.0,Low Score (Band D)
user_00095,42.2,D,0.0,9.0,1638.0,REJECTED,0.0,Low Score (Band D)
user_00096,68.2,B,2.0,6.0,180000.0,APPROVED,7500.0,Eligible
user_00097,31.8,D,4.0,2.0,1500.0,REJECTED,0.0,Insufficient history (2.0 vends/60d)
user_00098,65.6,B,1.0,6.0,50000.0,APPROVED,7500.0,Eligible
user_00099,41.4,D,5.0,7.0,2000.0,REJECTED,0.0,Low Score (Band D)
user_00100,50.0,C,1.0,7.0,3000.0,REJECTED,0.0,Calculated limit (1500.0) below min threshold
user_00101,43.6,D,0.0,13.0,1500.0,REJECTED,0.0,Low Score (Band D)
user_00102,48.4,D,3.0,12.0,2750.0,REJECTED,0.0,Low Score (Band D)
user_00103,42.3,D,0.0,8.0,2000.0,REJECTED,0.0,Low Score (Band D)
user_00104,70.0,B,2.0,5.0,68000.0,REJECTED,0.0,Insufficient history (5.0 vends/60d)
user_00105,46.9,D,3.0,15.0,1750.0,REJECTED,0.0,Low Score (Band D)
user_00106,41.6,D,1.0,6.0,1625.0,REJECTED,0.0,Low Score (Band D)
user_00107,42.1,D,33.0,1.0,2000.0,REJECTED,0.0,Insufficient history (1.0 vends/60d); Dormant (Last vend 33.0 days ago)
user_00108,67.7,B,0.0,6.0,40000.0,APPROVED,7500.0,Eligible
user_00109,35.5,D,13.0,3.0,2000.0,REJECTED,0.0,Insufficient history (3.0 vends/60d)
user_00110,66.3,B,41.0,2.0,81000.0,REJECTED,0.0,Insufficient history (2.0 vends/60d); Dormant (Last vend 41.0 days ago)
user_00111,35.6,D,3.0,8.0,1500.0,REJECTED,0.0,Low Score (Band D)
user_00112,44.1,D,2.0,6.0,2000.0,REJECTED,0.0,Low Score (Band D)
user_00113,39.1,D,2.0,6.0,1500.0,REJECTED,0.0,Low Score (Band D)
user_00114,40.0,D,2.0,10.0,1750.0,REJECTED,0.0,Low Score (Band D)
user_00115,63.3,C,3.0,2.0,62000.0,REJECTED,0.0,Insufficient history (2.0 vends/60d)
user_00116,47.4,D,5.0,10.0,2000.0,REJECTED,0.0,Low Score (Band D)
user_00117,33.0,D,0.0,6.0,1042.5,REJECTED,0.0,Low Score (Band D)
user_00118,36.3,D,5.0,7.0,1530.0,REJECTED,0.0,Low Score (Band D)
user_00119,41.1,D,3.0,6.0,1706.0,REJECTED,0.0,Low Score (Band D)
user_00120,37.7,D,21.0,5.0,1507.5,REJECTED,0.0,Insufficient history (5.0 vends/60d)
user_00121,43.4,D,2.0,13.0,1500.0,REJECTED,0.0,Low Score (Band D)
user_00122,47.4,D,2.0,7.0,2000.0,REJECTED,0.0,Low Score (Band D)
user_00123,34.4,D,18.0,3.0,1292.0,REJECTED,0.0,Insufficient history (3.0 vends/60d)
user_00124,44.9,D,3.0,6.0,2500.0,REJECTED,0.0,Low Score (Band D)
user_00125,45.6,D,2.0,10.0,2000.0,REJECTED,0.0,Low Score (Band D)
user_00126,38.8,D,1.0,4.0,1929.0,REJECTED,0.0,Insufficient history (4.0 vends/60d)
user_00127,39.7,D,2.0,3.0,2250.0,REJECTED,0.0,Insufficient history (3.0 vends/60d)
user_00128,42.9,D,2.0,8.0,2345.0,REJECTED,0.0,Low Score (Band D)
user_00129,32.5,D,5.0,5.0,1500.0,REJECTED,0.0,Insufficient history (5.0 vends/60d)
user_00130,68.1,B,22.0,3.0,180000.0,REJECTED,0.0,Insufficient history (3.0 vends/60d)
user_00131,42.9,D,5.0,4.0,2000.0,REJECTED,0.0,Insufficient history (4.0 vends/60d)
user_00132,43.7,D,8.0,6.0,1500.0,REJECTED,0.0,Low Score (Band D)
user_00133,39.9,D,0.0,5.0,2000.0,REJECTED,0.0,Insufficient history (5.0 vends/60d)
user_00134,66.6,B,1.0,5.0,69000.0,REJECTED,0.0,Insufficient history (5.0 vends/60d)
user_00135,44.9,D,3.0,10.0,2000.0,REJECTED,0.0,Low Score (Band D)
user_00136,47.3,D,6.0,6.0,2345.0,REJECTED,0.0,Low Score (Band D)
user_00137,47.2,D,6.0,14.0,1760.5,REJECTED,0.0,Low Score (Band D)
user_00138,44.6,D,0.0,9.0,2000.0,REJECTED,0.0,Low Score (Band D)
user_00139,73.2,B,13.0,5.0,53000.0,REJECTED,0.0,Insufficient history (5.0 vends/60d)
user_00140,39.2,D,4.0,8.0,1879.0,REJECTED,0.0,Low Score (Band D)
user_00141,46.4,D,0.0,2.0,3375.0,REJECTED,0.0,Insufficient history (2.0 vends/60d)
user_00142,39.0,D,35.0,2.0,2000.0,REJECTED,0.0,Insufficient history (2.0 vends/60d); Dormant (Last vend 35.0 days ago)
user_00143,31.1,D,0.0,1.0,1625.0,REJECTED,0.0,Insufficient history (1.0 vends/60d)
user_00144,35.9,D,20.0,5.0,1625.0,REJECTED,0.0,Insufficient history (5.0 vends/60d)
user_00145,45.8,D,5.0,10.0,1500.0,REJECTED,0.0,Low Score (Band D)
user_00146,45.7,D,0.0,11.0,1601.0,REJECTED,0.0,Low Score (Band D)
user_00147,44.7,D,4.0,8.0,2000.0,REJECTED,0.0,Low Score (Band D)
user_00148,62.0,C,64.0,0.0,160000.0,REJECTED,0.0,Insufficient history (0.0 vends/60d); Dormant (Last vend 64.0 days ago)
user_00149,42.8,D,0.0,10.0,1750.0,REJECTED,0.0,Low Score (Band D)
user_00150,44.8,D,2.0,12.0,2000.0,REJECTED,0.0,Low Score (Band D)
user_00151,61.3,C,3.0,1.0,149548.0,REJECTED,0.0,Insufficient history (1.0 vends/60d)
user_00152,28.9,D,3.0,2.0,1000.0,REJECTED,0.0,Insufficient history (2.0 vends/60d)
user_00153,33.7,D,2.0,3.0,1500.0,REJECTED,0.0,Insufficient history (3.0 vends/60d)
user_00154,29.9,D,2.0,2.0,1125.0,REJECTED,0.0,Insufficient history (2.0 vends/60d)
user_00155,45.7,D,0.0,12.0,1956.0,REJECTED,0.0,Low Score (Band D)
user_00156,43.6,D,0.0,9.0,1500.0,REJECTED,0.0,Low Score (Band D)
user_00157,71.0,B,2.0,8.0,74000.0,APPROVED,7500.0,Eligible
user_00158,63.7,C,8.0,6.0,50000.0,APPROVED,5000.0,Eligible
user_00159,46.3,D,6.0,11.0,2000.0,REJECTED,0.0,Low Score (Band D)
user_00160,43.9,D,0.0,8.0,2000.0,REJECTED,0.0,Low Score (Band D)
user_00161,44.7,D,7.0,12.0,2000.0,REJECTED,0.0,Low Score (Band D)
user_00162,44.7,D,5.0,10.0,2051.0,REJECTED,0.0,Low Score (Band D)
user_00163,44.7,D,4.0,4.0,2875.0,REJECTED,0.0,Insufficient history (4.0 vends/60d)
user_00164,46.6,D,5.0,7.0,2000.0,REJECTED,0.0,Low Score (Band D)
user_00165,35.3,D,5.0,2.0,1250.0,REJECTED,0.0,Insufficient history (2.0 vends/60d)
user_00166,74.6,B,3.0,12.0,50000.0,APPROVED,7500.0,Eligible
user_00167,42.1,D,3.0,6.0,2000.0,REJECTED,0.0,Low Score (Band D)
user_00168,35.7,D,13.0,5.0,1750.0,REJECTED,0.0,Insufficient history (5.0 vends/60d)
user_00169,42.9,D,0.0,12.0,1500.0,REJECTED,0.0,Low Score (Band D)
user_00170,43.8,D,5.0,9.0,2000.0,REJECTED,0.0,Low Score (Band D)
user_00171,43.2,D,0.0,9.0,1750.0,REJECTED,0.0,Low Score (Band D)
user_00172,72.1,B,1.0,11.0,150000.0,APPROVED,7500.0,Eligible
user_00173,46.8,D,10.0,5.0,2242.5,REJECTED,0.0,Insufficient history (5.0 vends/60d)
user_00174,70.2,B,0.0,9.0,40000.0,APPROVED,7500.0,Eligible
user_00175,37.4,D,33.0,2.0,2000.0,REJECTED,0.0,Insufficient history (2.0 vends/60d); Dormant (Last vend 33.0 days ago)
user_00176,44.7,D,3.0,9.0,1500.0,REJECTED,0.0,Low Score (Band D)
user_00177,48.2,D,2.0,7.0,1869.5,REJECTED,0.0,Low Score (Band D)
user_00178,41.3,D,3.0,9.0,2000.0,REJECTED,0.0,Low Score (Band D)
user_00179,36.3,D,2.0,5.0,1500.0,REJECTED,0.0,Insufficient history (5.0 vends/60d)
user_00180,44.2,D,4.0,8.0,2000.0,REJECTED,0.0,Low Score (Band D)
user_00181,48.3,D,1.0,9.0,2000.0,REJECTED,0.0,Low Score (Band D)
user_00182,36.8,D,2.0,2.0,1875.0,REJECTED,0.0,Insufficient history (2.0 vends/60d)
user_00183,43.0,D,1.0,12.0,1574.5,REJECTED,0.0,Low Score (Band D)
user_00184,38.9,D,3.0,6.0,1500.0,REJECTED,0.0,Low Score (Band D)
user_00185,43.9,D,3.0,8.0,1750.0,REJECTED,0.0,Low Score (Band D)
user_00186,41.7,D,2.0,8.0,1590.0,REJECTED,0.0,Low Score (Band D)
user_00187,35.0,D,1.0,4.0,1500.0,REJECTED,0.0,Insufficient history (4.0 vends/60d)
user_00188,45.3,D,0.0,15.0,2000.0,REJECTED,0.0,Low Score (Band D)
user_00189,66.2,B,3.0,2.0,47000.0,REJECTED,0.0,Insufficient history (2.0 vends/60d)
user_00190,41.0,D,10.0,7.0,2000.0,REJECTED,0.0,Low Score (Band D)
user_00191,40.5,D,2.0,6.0,2000.0,REJECTED,0.0,Low Score (Band D)
user_00192,48.5,D,4.0,2.0,1857.0,REJECTED,0.0,Insufficient history (2.0 vends/60d)
user_00193,73.0,B,3.0,6.0,174726.0,APPROVED,7500.0,Eligible
user_00194,40.0,D,1.0,3.0,2000.0,REJECTED,0.0,Insufficient history (3.0 vends/60d)
user_00195,67.5,B,97.0,0.0,120685.0,REJECTED,0.0,Insufficient history (0.0 vends/60d); Dormant (Last vend 97.0 days ago)
user_00196,30.8,D,0.0,2.0,1375.0,REJECTED,0.0,Insufficient history (2.0 vends/60d)
user_00197,72.3,B,3.0,9.0,61000.0,APPROVED,7500.0,Eligible
user_00198,70.9,B,0.0,7.0,64000.0,APPROVED,7500.0,Eligible
user_00199,39.8,D,7.0,3.0,2000.0,REJECTED,0.0,Insufficient history (3.0 vends/60d)
user_00200,36.0,D,2.0,9.0,1500.0,REJECTED,0.0,Low Score (Band D)
user_00201,70.6,B,2.0,7.0,75000.0,APPROVED,7500.0,Eligible
user_00202,40.7,D,0.0,5.0,2000.0,REJECTED,0.0,Insufficient history (5.0 vends/60d)
user_00203,72.8,B,0.0,10.0,50000.0,APPROVED,7500.0,Eligible
user_00204,72.3,B,15.0,7.0,45000.0,APPROVED,7500.0,Eligible
user_00205,42.9,D,0.0,9.0,1750.0,REJECTED,0.0,Low Score (Band D)
user_00206,39.8,D,2.0,4.0,2000.0,REJECTED,0.0,Insufficient history (4.0 vends/60d)
user_00207,47.3,D,9.0,7.0,2500.0,REJECTED,0.0,Low Score (Band D)
user_00208,47.9,D,0.0,15.0,2500.0,REJECTED,0.0,Low Score (Band D)
user_00209,43.2,D,14.0,4.0,2000.0,REJECTED,0.0,Insufficient history (4.0 vends/60d)
user_00210,41.0,D,0.0,7.0,1250.0,REJECTED,0.0,Low Score (Band D)
user_00211,31.5,D,0.0,3.0,1125.0,REJECTED,0.0,Insufficient history (3.0 vends/60d)
user_00212,42.2,D,0.0,5.0,2000.0,REJECTED,0.0,Insufficient history (5.0 vends/60d)
user_00213,45.4,D,1.0,7.0,2250.0,REJECTED,0.0,Low Score (Band D)
user_00214,49.3,D,1.0,13.0,2000.0,REJECTED,0.0,Low Score (Band D)
user_00215,42.1,D,3.0,1.0,1676.5,REJECTED,0.0,Insufficient history (1.0 vends/60d)
user_00216,66.9,B,22.0,1.0,180000.0,REJECTED,0.0,Insufficient history (1.0 vends/60d)
user_00217,36.1,D,4.0,5.0,2250.0,REJECTED,0.0,Insufficient history (5.0 vends/60d)
user_00218,41.4,D,42.0,3.0,2039.0,REJECTED,0.0,Insufficient history (3.0 vends/60d); Dormant (Last vend 42.0 days ago)
user_00219,44.9,D,1.0,5.0,2000.0,REJECTED,0.0,Insufficient history (5.0 vends/60d)
user_00220,39.5,D,5.0,5.0,1892.0,REJECTED,0.0,Insufficient history (5.0 vends/60d)
user_00221,48.1,D,2.0,7.0,2250.0,REJECTED,0.0,Low Score (Band D)
user_00222,42.2,D,5.0,8.0,1500.0,REJECTED,0.0,Low Score (Band D)
user_00223,41.9,D,1.0,2.0,1000.0,REJECTED,0.0,Insufficient history (2.0 vends/60d)
user_00224,42.9,D,1.0,3.0,2000.0,REJECTED,0.0,Insufficient history (3.0 vends/60d)
user_00225,43.9,D,4.0,7.0,1750.0,REJECTED,0.0,Low Score (Band D)
user_00226,66.4,B,0.0,5.0,50500.0,REJECTED,0.0,Insufficient history (5.0 vends/60d)
user_00227,41.6,D,14.0,5.0,1500.0,REJECTED,0.0,Insufficient history (5.0 vends/60d)
user_00228,39.8,D,5.0,4.0,2000.0,REJECTED,0.0,Insufficient history (4.0 vends/60d)
user_00229,44.8,D,10.0,5.0,1500.0,REJECTED,0.0,Insufficient history (5.0 vends/60d)
user_00230,38.1,D,5.0,4.0,2000.0,REJECTED,0.0,Insufficient history (4.0 vends/60d)
user_00231,40.0,D,4.0,8.0,1500.0,REJECTED,0.0,Low Score (Band D)
user_00232,48.2,D,1.0,11.0,2000.0,REJECTED,0.0,Low Score (Band D)
user_00233,39.4,D,5.0,8.0,2250.0,REJECTED,0.0,Low Score (Band D)
user_00234,44.3,D,0.0,11.0,2000.0,REJECTED,0.0,Low Score (Band D)
user_00235,46.1,D,5.0,12.0,2000.0,REJECTED,0.0,Low Score (Band D)
user_00236,36.4,D,0.0,4.0,2000.0,REJECTED,0.0,Insufficient history (4.0 vends/60d)
user_00237,67.2,B,0.0,6.0,66000.0,APPROVED,7500.0,Eligible
user_00238,42.5,D,0.0,9.0,1875.0,REJECTED,0.0,Low Score (Band D)
user_00239,46.6,D,2.0,7.0,2000.0,REJECTED,0.0,Low Score (Band D)
user_00240,64.4,C,4.0,6.0,50000.0,APPROVED,5000.0,Eligible
user_00241,45.4,D,3.0,10.0,2000.0,REJECTED,0.0,Low Score (Band D)
user_00242,34.7,D,1.0,3.0,1881.5,REJECTED,0.0,Insufficient history (3.0 vends/60d)
user_00243,63.9,C,13.0,5.0,40000.0,REJECTED,0.0,Insufficient history (5.0 vends/60d)
user_00244,44.7,D,4.0,11.0,2000.0,REJECTED,0.0,Low Score (Band D)
user_00245,48.7,D,9.0,5.0,2000.0,REJECTED,0.0,Insufficient history (5.0 vends/60d)
user_00246,41.0,D,0.0,5.0,1837.0,REJECTED,0.0,Insufficient history (5.0 vends/60d)
user_00247,45.0,D,1.0,13.0,2329.5,REJECTED,0.0,Low Score (Band D)
user_00248,53.4,C,0.0,13.0,2956.0,REJECTED,0.0,Calculated limit (1478.0) below min threshold
user_00249,47.3,D,2.0,5.0,2000.0,REJECTED,0.0,Insufficient history (5.0 vends/60d)
user_00250,43.7,D,1.0,12.0,1875.0,REJECTED,0.0,Low Score (Band D)
user_00251,46.4,D,2.0,6.0,1937.5,REJECTED,0.0,Low Score (Band D)
user_00252,41.2,D,3.0,7.0,1632.0,REJECTED,0.0,Low Score (Band D)
user_00253,47.6,D,0.0,13.0,2070.0,REJECTED,0.0,Low Score (Band D)
user_00254,40.8,D,1.0,4.0,2000.0,REJECTED,0.0,Insufficient history (4.0 vends/60d)
user_00255,68.4,B,4.0,8.0,50000.0,APPROVED,7500.0,Eligible
user_00256,45.5,D,4.0,2.0,1500.0,REJECTED,0.0,Insufficient history (2.0 vends/60d)
user_00257,74.3,B,11.0,11.0,50000.0,APPROVED,7500.0,Eligible
user_00258,45.4,D,28.0,8.0,2000.0,REJECTED,0.0,Low Score (Band D)
user_00259,39.3,D,6.0,7.0,1358.5,REJECTED,0.0,Low Score (Band D)
user_00260,39.2,D,31.0,1.0,1500.0,REJECTED,0.0,Insufficient history (1.0 vends/60d); Dormant (Last vend 31.0 days ago)
user_00261,41.3,D,0.0,5.0,2000.0,REJECTED,0.0,Insufficient history (5.0 vends/60d)
user_00262,47.2,D,1.0,10.0,2000.0,REJECTED,0.0,Low Score (Band D)
user_00263,41.8,D,6.0,3.0,2345.0,REJECTED,0.0,Insufficient history (3.0 vends/60d)
user_00264,41.2,D,3.0,3.0,2000.0,REJECTED,0.0,Insufficient history (3.0 vends/60d)
user_00265,43.2,D,7.0,13.0,1375.0,REJECTED,0.0,Low Score (Band D)
user_00266,34.7,D,1.0,3.0,1704.0,REJECTED,0.0,Insufficient history (3.0 vends/60d)
user_00267,41.8,D,3.0,5.0,2000.0,REJECTED,0.0,Insufficient history (5.0 vends/60d)
user_00268,33.2,D,3.0,4.0,1500.0,REJECTED,0.0,Insufficient history (4.0 vends/60d)
user_00269,40.9,D,3.0,8.0,2000.0,REJECTED,0.0,Low Score (Band D)
user_00270,39.3,D,0.0,5.0,1500.0,REJECTED,0.0,Insufficient history (5.0 vends/60d)
user_00271,37.6,D,2.0,4.0,2000.0,REJECTED,0.0,Insufficient history (4.0 vends/60d)
user_00272,48.2,D,0.0,8.0,3000.0,REJECTED,0.0,Low Score (Band D)
user_00273,42.0,D,5.0,9.0,1500.0,REJECTED,0.0,Low Score (Band D)
user_00274,46.9,D,4.0,3.0,3000.0,REJECTED,0.0,Insufficient history (3.0 vends/60d)
user_00275,47.7,D,25.0,5.0,1500.0,REJECTED,0.0,Insufficient history (5.0 vends/60d)
user_00276,41.6,D,5.0,11.0,2000.0,REJECTED,0.0,Low Score (Band D)
user_00277,43.1,D,4.0,6.0,2500.0,REJECTED,0.0,Low Score (Band D)
user_00278,44.1,D,1.0,5.0,2750.0,REJECTED,0.0,Insufficient history (5.0 vends/60d)
user_00279,43.1,D,1.0,9.0,1937.5,REJECTED,0.0,Low Score (Band D)
user_00280,58.9,C,36.0,3.0,59000.0,REJECTED,0.0,Insufficient history (3.0 vends/60d); Dormant (Last vend 36.0 days ago)
user_00281,44.2,D,3.0,8.0,2750.0,REJECTED,0.0,Low Score (Band D)
user_00282,47.9,D,5.0,3.0,1000.0,REJECTED,0.0,Insufficient history (3.0 vends/60d)
user_00283,47.2,D,4.0,6.0,2000.0,REJECTED,0.0,Low Score (Band D)
user_00284,40.6,D,1.0,6.0,1592.0,REJECTED,0.0,Low Score (Band D)
user_00285,66.7,B,3.0,7.0,60500.0,APPROVED,7500.0,Eligible
user_00286,45.8,D,2.0,7.0,2000.0,REJECTED,0.0,Low Score (Band D)
user_00287,45.7,D,1.0,15.0,2000.0,REJECTED,0.0,Low Score (Band D)
user_00288,36.6,D,5.0,4.0,2000.0,REJECTED,0.0,Insufficient history (4.0 vends/60d)
user_00289,42.9,D,5.0,5.0,2000.0,REJECTED,0.0,Insufficient history (5.0 vends/60d)
user_00290,41.9,D,0.0,10.0,1500.0,REJECTED,0.0,Low Score (Band D)
user_00291,46.1,D,65.0,0.0,1875.0,REJECTED,0.0,Insufficient history (0.0 vends/60d); Dormant (Last vend 65.0 days ago)
user_00292,39.6,D,61.0,0.0,2000.0,REJECTED,0.0,Insufficient history (0.0 vends/60d); Dormant (Last vend 61.0 days ago)
user_00293,43.9,D,3.0,3.0,3000.0,REJECTED,0.0,Insufficient history (3.0 vends/60d)
user_00294,35.7,D,3.0,4.0,2000.0,REJECTED,0.0,Insufficient history (4.0 vends/60d)
user_00295,76.4,B,2.0,11.0,62000.0,APPROVED,7500.0,Eligible
user_00296,44.4,D,22.0,7.0,2000.0,REJECTED,0.0,Low Score (Band D)
user_00297,41.1,D,2.0,9.0,2000.0,REJECTED,0.0,Low Score (Band D)
user_00298,39.1,D,3.0,9.0,1750.0,REJECTED,0.0,Low Score (Band D)
user_00299,61.1,C,35.0,2.0,55000.0,REJECTED,0.0,Insufficient history (2.0 vends/60d); Dormant (Last vend 35.0 days ago)
user_00300,62.5,C,1.0,2.0,47000.0,REJECTED,0.0,Insufficient history (2.0 vends/60d)
user_00301,37.7,D,1.0,3.0,2000.0,REJECTED,0.0,Insufficient history (3.0 vends/60d)
user_00302,40.0,D,2.0,14.0,1250.0,REJECTED,0.0,Low Score (Band D)
user_00303,45.3,D,0.0,9.0,2000.0,REJECTED,0.0,Low Score (Band D)
user_00304,42.0,D,4.0,5.0,2250.0,REJECTED,0.0,Insufficient history (5.0 vends/60d)
user_00305,45.5,D,4.0,11.0,2000.0,REJECTED,0.0,Low Score (Band D)
user_00306,44.2,D,0.0,13.0,2000.0,REJECTED,0.0,Low Score (Band D)
user_00307,42.0,D,4.0,13.0,1750.0,REJECTED,0.0,Low Score (Band D)
user_00308,74.6,B,2.0,11.0,43000.0,APPROVED,7500.0,Eligible
user_00309,34.7,D,51.0,2.0,2000.0,REJECTED,0.0,Insufficient history (2.0 vends/60d); Dormant (Last vend 51.0 days ago)
user_00310,47.3,D,10.0,6.0,2000.0,REJECTED,0.0,Low Score (Band D)
user_00311,47.8,D,21.0,2.0,3000.0,REJECTED,0.0,Insufficient history (2.0 vends/60d)
user_00312,49.5,D,1.0,12.0,2571.5,REJECTED,0.0,Low Score (Band D)
user_00313,68.7,B,3.0,6.0,57000.0,APPROVED,7500.0,Eligible
user_00314,36.9,D,54.0,1.0,1250.0,REJECTED,0.0,Insufficient history (1.0 vends/60d); Dormant (Last vend 54.0 days ago)
user_00315,50.5,C,0.0,9.0,2500.0,REJECTED,0.0,Calculated limit (1250.0) below min threshold
user_00316,43.2,D,2.0,6.0,2000.0,REJECTED,0.0,Low Score (Band D)
user_00317,40.2,D,2.0,8.0,2000.0,REJECTED,0.0,Low Score (Band D)
user_00318,43.9,D,13.0,9.0,2000.0,REJECTED,0.0,Low Score (Band D)
user_00319,44.5,D,4.0,8.0,2500.0,REJECTED,0.0,Low Score (Band D)
user_00320,44.6,D,6.0,7.0,1875.0,REJECTED,0.0,Low Score (Band D)
user_00321,43.4,D,3.0,3.0,3000.0,REJECTED,0.0,Insufficient history (3.0 vends/60d)
user_00322,74.0,B,30.0,7.0,180000.0,APPROVED,7500.0,Eligible
user_00323,36.6,D,0.0,7.0,1500.0,REJECTED,0.0,Low Score (Band D)
user_00324,37.7,D,20.0,3.0,1500.0,REJECTED,0.0,Insufficient history (3.0 vends/60d)
user_00325,50.9,C,0.0,9.0,2000.0,REJECTED,0.0,Calculated limit (1000.0) below min threshold
user_00326,47.0,D,9.0,5.0,2000.0,REJECTED,0.0,Insufficient history (5.0 vends/60d)
user_00327,34.1,D,13.0,3.0,2000.0,REJECTED,0.0,Insufficient history (3.0 vends/60d)
user_00328,44.8,D,15.0,6.0,2000.0,REJECTED,0.0,Low Score (Band D)
user_00329,44.9,D,1.0,7.0,1751.0,REJECTED,0.0,Low Score (Band D)
user_00330,42.8,D,2.0,6.0,1500.0,REJECTED,0.0,Low Score (Band D)
user_00331,72.6,B,12.0,12.0,66500.0,APPROVED,7500.0,Eligible
user_00332,68.2,B,4.0,7.0,48000.0,APPROVED,7500.0,Eligible
user_00333,34.0,D,64.0,0.0,2000.0,REJECTED,0.0,Insufficient history (0.0 vends/60d); Dormant (Last vend 64.0 days ago)
user_00334,47.9,D,2.0,11.0,2000.0,REJECTED,0.0,Low Score (Band D)
user_00335,39.8,D,4.0,4.0,1750.0,REJECTED,0.0,Insufficient history (4.0 vends/60d)
user_00336,44.1,D,0.0,8.0,2000.0,REJECTED,0.0,Low Score (Band D)
user_00337,32.2,D,0.0,4.0,1500.0,REJECTED,0.0,Insufficient history (4.0 vends/60d)
user_00338,73.4,B,0.0,8.0,180142.0,APPROVED,7500.0,Eligible
user_00339,44.2,D,1.0,10.0,1875.0,REJECTED,0.0,Low Score (Band D)
user_00340,72.3,B,4.0,7.0,49500.0,APPROVED,7500.0,Eligible
user_00341,35.4,D,0.0,2.0,1500.0,REJECTED,0.0,Insufficient history (2.0 vends/60d)
user_00342,70.4,B,12.0,3.0,185511.0,REJECTED,0.0,Insufficient history (3.0 vends/60d)
user_00343,38.8,D,4.0,7.0,1539.5,REJECTED,0.0,Low Score (Band D)
user_00344,42.2,D,3.0,9.0,2000.0,REJECTED,0.0,Low Score (Band D)
user_00345,45.4,D,0.0,9.0,2000.0,REJECTED,0.0,Low Score (Band D)
user_00346,44.6,D,1.0,6.0,1750.0,REJECTED,0.0,Low Score (Band D)
user_00347,29.7,D,12.0,2.0,1295.0,REJECTED,0.0,Insufficient history (2.0 vends/60d)
user_00348,34.4,D,0.0,4.0,1500.0,REJECTED,0.0,Insufficient history (4.0 vends/60d)
user_00349,36.6,D,28.0,4.0,2000.0,REJECTED,0.0,Insufficient history (4.0 vends/60d)
user_00350,35.9,D,30.0,2.0,1625.0,REJECTED,0.0,Insufficient history (2.0 vends/60d)
user_00351,46.9,D,1.0,8.0,1750.0,REJECTED,0.0,Low Score (Band D)
user_00352,42.3,D,4.0,11.0,1750.0,REJECTED,0.0,Low Score (Band D)
user_00353,36.8,D,0.0,6.0,1250.0,REJECTED,0.0,Low Score (Band D)
user_00354,34.4,D,21.0,4.0,2000.0,REJECTED,0.0,Insufficient history (4.0 vends/60d)
user_00355,39.0,D,0.0,7.0,1750.0,REJECTED,0.0,Low Score (Band D)
user_00356,46.0,D,4.0,5.0,1574.0,REJECTED,0.0,Insufficient history (5.0 vends/60d)
user_00357,48.7,D,2.0,13.0,2000.0,REJECTED,0.0,Low Score (Band D)
user_00358,33.9,D,17.0,4.0,1750.0,REJECTED,0.0,Insufficient history (4.0 vends/60d)
user_00359,62.4,C,83.0,0.0,55000.0,REJECTED,0.0,Insufficient history (0.0 vends/60d); Dormant (Last vend 83.0 days ago)
user_00360,41.5,D,1.0,9.0,1500.0,REJECTED,0.0,Low Score (Band D)
user_00361,43.3,D,1.0,5.0,2000.0,REJECTED,0.0,Insufficient history (5.0 vends/60d)
user_00362,44.1,D,1.0,8.0,2000.0,REJECTED,0.0,Low Score (Band D)
user_00363,49.9,D,0.0,8.0,2000.0,REJECTED,0.0,Low Score (Band D)
user_00364,33.4,D,2.0,1.0,2000.0,REJECTED,0.0,Insufficient history (1.0 vends/60d)
user_00365,73.8,B,11.0,8.0,50000.0,APPROVED,7500.0,Eligible
user_00366,42.7,D,0.0,8.0,2250.0,REJECTED,0.0,Low Score (Band D)
user_00367,33.7,D,3.0,3.0,1500.0,REJECTED,0.0,Insufficient history (3.0 vends/60d)
user_00368,39.6,D,0.0,5.0,2000.0,REJECTED,0.0,Insufficient history (5.0 vends/60d)
user_00369,44.4,D,8.0,7.0,2000.0,REJECTED,0.0,Low Score (Band D)
user_00370,43.5,D,1.0,7.0,2000.0,REJECTED,0.0,Low Score (Band D)
user_00371,45.9,D,3.0,7.0,2000.0,REJECTED,0.0,Low Score (Band D)
user_00372,48.6,D,1.0,14.0,2000.0,REJECTED,0.0,Low Score (Band D)
user_00373,36.1,D,11.0,6.0,1500.0,REJECTED,0.0,Low Score (Band D)
user_00374,41.9,D,2.0,6.0,2000.0,REJECTED,0.0,Low Score (Band D)
user_00375,64.9,C,20.0,4.0,50000.0,REJECTED,0.0,Insufficient history (4.0 vends/60d)
user_00376,43.9,D,3.0,7.0,2500.0,REJECTED,0.0,Low Score (Band D)
user_00377,48.7,D,7.0,11.0,2000.0,REJECTED,0.0,Low Score (Band D)
user_00378,34.5,D,92.0,0.0,2000.0,REJECTED,0.0,Insufficient history (0.0 vends/60d); Dormant (Last vend 92.0 days ago)
user_00379,35.7,D,3.0,2.0,2000.0,REJECTED,0.0,Insufficient history (2.0 vends/60d)
user_00380,65.7,B,18.0,6.0,50000.0,APPROVED,7500.0,Eligible
user_00381,40.0,D,4.0,9.0,1500.0,REJECTED,0.0,Low Score (Band D)
user_00382,70.8,B,3.0,8.0,50000.0,APPROVED,7500.0,Eligible
user_00383,45.2,D,0.0,9.0,1750.0,REJECTED,0.0,Low Score (Band D)
user_00384,39.9,D,0.0,11.0,2000.0,REJECTED,0.0,Low Score (Band D)
user_00385,44.3,D,7.0,10.0,2000.0,REJECTED,0.0,Low Score (Band D)
user_00386,76.8,B,2.0,10.0,200000.0,APPROVED,7500.0,Eligible
user_00387,42.6,D,2.0,8.0,1882.0,REJECTED,0.0,Low Score (Band D)
user_00388,37.9,D,2.0,8.0,1750.0,REJECTED,0.0,Low Score (Band D)
user_00389,70.9,B,1.0,5.0,52500.0,REJECTED,0.0,Insufficient history (5.0 vends/60d)
user_00390,37.9,D,4.0,7.0,2000.0,REJECTED,0.0,Low Score (Band D)
user_00391,75.3,B,0.0,8.0,58000.0,APPROVED,7500.0,Eligible
user_00392,38.6,D,0.0,4.0,2000.0,REJECTED,0.0,Insufficient history (4.0 vends/60d)
user_00393,41.0,D,3.0,4.0,2316.5,REJECTED,0.0,Insufficient history (4.0 vends/60d)
user_00394,41.6,D,0.0,13.0,1500.0,REJECTED,0.0,Low Score (Band D)
user_00395,48.9,D,5.0,16.0,2000.0,REJECTED,0.0,Low Score (Band D)
user_00396,42.4,D,0.0,7.0,2000.0,REJECTED,0.0,Low Score (Band D)
user_00397,36.8,D,1.0,4.0,1800.0,REJECTED,0.0,Insufficient history (4.0 vends/60d)
user_00398,41.7,D,2.0,6.0,2000.0,REJECTED,0.0,Low Score (Band D)
user_00399,43.4,D,10.0,9.0,2000.0,REJECTED,0.0,Low Score (Band D)
user_00400,47.3,D,1.0,11.0,1907.0,REJECTED,0.0,Low Score (Band D)
user_00401,66.8,B,2.0,6.0,50000.0,APPROVED,7500.0,Eligible
user_00402,43.9,D,12.0,8.0,2000.0,REJECTED,0.0,Low Score (Band D)
user_00403,77.7,B,0.0,13.0,180000.0,APPROVED,7500.0,Eligible
user_00404,48.6,D,2.0,7.0,2500.0,REJECTED,0.0,Low Score (Band D)
user_00405,48.9,D,24.0,2.0,4228.0,REJECTED,0.0,Insufficient history (2.0 vends/60d)
user_00406,35.6,D,0.0,7.0,1500.0,REJECTED,0.0,Low Score (Band D)
user_00407,49.0,D,1.0,13.0,2000.0,REJECTED,0.0,Low Score (Band D)
user_00408,40.4,D,3.0,6.0,1500.0,REJECTED,0.0,Low Score (Band D)
user_00409,73.7,B,1.0,9.0,65500.0,APPROVED,7500.0,Eligible
user_00410,37.4,D,20.0,3.0,2000.0,REJECTED,0.0,Insufficient history (3.0 vends/60d)
user_00411,59.4,C,17.0,2.0,44000.0,REJECTED,0.0,Insufficient history (2.0 vends/60d)
user_00412,64.7,C,12.0,5.0,200000.0,REJECTED,0.0,Insufficient history (5.0 vends/60d)
user_00413,40.8,D,4.0,8.0,1506.5,REJECTED,0.0,Low Score (Band D)
user_00414,36.0,D,0.0,8.0,1500.0,REJECTED,0.0,Low Score (Band D)
user_00415,41.0,D,1.0,7.0,2000.0,REJECTED,0.0,Low Score (Band D)
user_00416,42.7,D,1.0,5.0,1750.0,REJECTED,0.0,Insufficient history (5.0 vends/60d)
user_00417,41.8,D,3.0,4.0,2000.0,REJECTED,0.0,Insufficient history (4.0 vends/60d)
user_00418,42.2,D,36.0,3.0,2500.0,REJECTED,0.0,Insufficient history (3.0 vends/60d); Dormant (Last vend 36.0 days ago)
user_00419,42.6,D,1.0,13.0,1500.0,REJECTED,0.0,Low Score (Band D)
user_00420,74.9,B,4.0,6.0,186058.5,APPROVED,7500.0,Eligible
user_00421,40.9,D,3.0,10.0,2000.0,REJECTED,0.0,Low Score (Band D)
user_00422,30.4,D,31.0,1.0,1500.0,REJECTED,0.0,Insufficient history (1.0 vends/60d); Dormant (Last vend 31.0 days ago)
user_00423,41.4,D,1.0,5.0,2000.0,REJECTED,0.0,Insufficient history (5.0 vends/60d)
user_00424,45.5,D,4.0,7.0,2000.0,REJECTED,0.0,Low Score (Band D)
user_00425,32.2,D,0.0,5.0,1055.0,REJECTED,0.0,Insufficient history (5.0 vends/60d)
user_00426,41.5,D,0.0,2.0,2500.0,REJECTED,0.0,Insufficient history (2.0 vends/60d)
user_00427,37.3,D,45.0,1.0,2458.0,REJECTED,0.0,Insufficient history (1.0 vends/60d); Dormant (Last vend 45.0 days ago)
user_00428,48.2,D,1.0,8.0,2250.0,REJECTED,0.0,Low Score (Band D)
user_00429,40.0,D,4.0,10.0,1524.0,REJECTED,0.0,Low Score (Band D)
user_00430,64.2,C,5.0,3.0,50000.0,REJECTED,0.0,Insufficient history (3.0 vends/60d)
user_00431,65.7,B,6.0,7.0,40000.0,APPROVED,7500.0,Eligible
user_00432,61.9,C,36.0,2.0,69000.0,REJECTED,0.0,Insufficient history (2.0 vends/60d); Dormant (Last vend 36.0 days ago)
user_00433,41.0,D,3.0,5.0,1500.0,REJECTED,0.0,Insufficient history (5.0 vends/60d)
user_00434,46.5,D,0.0,10.0,2000.0,REJECTED,0.0,Low Score (Band D)
user_00435,34.2,D,0.0,3.0,2000.0,REJECTED,0.0,Insufficient history (3.0 vends/60d)
user_00436,37.7,D,4.0,7.0,1500.0,REJECTED,0.0,Low Score (Band D)
user_00437,49.0,D,10.0,13.0,2000.0,REJECTED,0.0,Low Score (Band D)
user_00438,73.5,B,1.0,11.0,54000.0,APPROVED,7500.0,Eligible
user_00439,39.9,D,1.0,7.0,1884.0,REJECTED,0.0,Low Score (Band D)
user_00440,43.3,D,62.0,0.0,1750.0,REJECTED,0.0,Insufficient history (0.0 vends/60d); Dormant (Last vend 62.0 days ago)
user_00441,44.8,D,0.0,12.0,1625.0,REJECTED,0.0,Low Score (Band D)
user_00442,70.9,B,14.0,5.0,44000.0,REJECTED,0.0,Insufficient history (5.0 vends/60d)
user_00443,47.9,D,12.0,4.0,2500.0,REJECTED,0.0,Insufficient history (4.0 vends/60d)
user_00444,34.0,D,0.0,4.0,1500.0,REJECTED,0.0,Insufficient history (4.0 vends/60d)
user_00445,69.5,B,15.0,3.0,74000.0,REJECTED,0.0,Insufficient history (3.0 vends/60d)
user_00446,38.0,D,0.0,4.0,1952.5,REJECTED,0.0,Insufficient history (4.0 vends/60d)
user_00447,44.9,D,32.0,1.0,3000.0,REJECTED,0.0,Insufficient history (1.0 vends/60d); Dormant (Last vend 32.0 days ago)
user_00448,67.2,B,0.0,4.0,200000.0,REJECTED,0.0,Insufficient history (4.0 vends/60d)
user_00449,63.9,C,31.0,2.0,52500.0,REJECTED,0.0,Insufficient history (2.0 vends/60d); Dormant (Last vend 31.0 days ago)
user_00450,52.0,C,14.0,6.0,3000.0,REJECTED,0.0,Calculated limit (1500.0) below min threshold
user_00451,40.3,D,0.0,6.0,1750.0,REJECTED,0.0,Low Score (Band D)
user_00452,40.3,D,17.0,4.0,1750.0,REJECTED,0.0,Insufficient history (4.0 vends/60d)
user_00453,40.9,D,3.0,13.0,2000.0,REJECTED,0.0,Low Score (Band D)
user_00454,47.5,D,1.0,16.0,2000.0,REJECTED,0.0,Low Score (Band D)
user_00455,44.1,D,1.0,8.0,2000.0,REJECTED,0.0,Low Score (Band D)
user_00456,74.2,B,4.0,12.0,50000.0,APPROVED,7500.0,Eligible
user_00457,64.1,C,6.0,2.0,50000.0,REJECTED,0.0,Insufficient history (2.0 vends/60d)
user_00458,38.7,D,0.0,3.0,2000.0,REJECTED,0.0,Insufficient history (3.0 vends/60d)
user_00459,46.0,D,12.0,5.0,1500.0,REJECTED,0.0,Insufficient history (5.0 vends/60d)
user_00460,41.0,D,11.0,11.0,1875.0,REJECTED,0.0,Low Score (Band D)
user_00461,36.8,D,19.0,3.0,1672.5,REJECTED,0.0,Insufficient history (3.0 vends/60d)
user_00462,70.7,B,17.0,6.0,42000.0,APPROVED,7500.0,Eligible
user_00463,42.9,D,0.0,5.0,1750.0,REJECTED,0.0,Insufficient history (5.0 vends/60d)
user_00464,41.8,D,4.0,9.0,1875.0,REJECTED,0.0,Low Score (Band D)
user_00465,45.6,D,3.0,9.0,2000.0,REJECTED,0.0,Low Score (Band D)
user_00466,66.0,B,1.0,5.0,60500.0,REJECTED,0.0,Insufficient history (5.0 vends/60d)
user_00467,74.3,B,6.0,8.0,200000.0,APPROVED,7500.0,Eligible
user_00468,46.4,D,0.0,14.0,2000.0,REJECTED,0.0,Low Score (Band D)
user_00469,34.6,D,16.0,6.0,1750.0,REJECTED,0.0,Low Score (Band D)
user_00470,42.1,D,5.0,3.0,3000.0,REJECTED,0.0,Insufficient history (3.0 vends/60d)
user_00471,42.5,D,4.0,8.0,2000.0,REJECTED,0.0,Low Score (Band D)
user_00472,46.5,D,10.0,7.0,2500.0,REJECTED,0.0,Low Score (Band D)
user_00473,45.5,D,0.0,13.0,1875.0,REJECTED,0.0,Low Score (Band D)
user_00474,41.1,D,11.0,11.0,1750.0,REJECTED,0.0,Low Score (Band D)
user_00475,47.2,D,2.0,3.0,2345.0,REJECTED,0.0,Insufficient history (3.0 vends/60d)
user_00476,38.8,D,4.0,5.0,1500.0,REJECTED,0.0,Insufficient history (5.0 vends/60d)
user_00477,39.7,D,10.0,4.0,2500.0,REJECTED,0.0,Insufficient history (4.0 vends/60d)
user_00478,42.1,D,4.0,13.0,2000.0,REJECTED,0.0,Low Score (Band D)
user_00479,45.1,D,5.0,9.0,2345.0,REJECTED,0.0,Low Score (Band D)
user_00480,39.5,D,26.0,6.0,1750.0,REJECTED,0.0,Low Score (Band D)
user_00481,38.1,D,17.0,4.0,2250.0,REJECTED,0.0,Insufficient history (4.0 vends/60d)
user_00482,36.9,D,29.0,3.0,1889.0,REJECTED,0.0,Insufficient history (3.0 vends/60d)
user_00483,43.5,D,1.0,10.0,2304.0,REJECTED,0.0,Low Score (Band D)
user_00484,43.5,D,1.0,9.0,2000.0,REJECTED,0.0,Low Score (Band D)
user_00485,45.0,D,28.0,6.0,2000.0,REJECTED,0.0,Low Score (Band D)
user_00486,41.0,D,2.0,8.0,2000.0,REJECTED,0.0,Low Score (Band D)
user_00487,71.1,B,6.0,4.0,180000.0,REJECTED,0.0,Insufficient history (4.0 vends/60d)
user_00488,68.9,B,2.0,9.0,68500.0,APPROVED,7500.0,Eligible
user_00489,66.4,B,4.0,5.0,56000.0,REJECTED,0.0,Insufficient history (5.0 vends/60d)
user_00490,34.1,D,0.0,3.0,1250.0,REJECTED,0.0,Insufficient history (3.0 vends/60d)
user_00491,40.7,D,3.0,12.0,2000.0,REJECTED,0.0,Low Score (Band D)
user_00492,34.9,D,24.0,5.0,1817.0,REJECTED,0.0,Insufficient history (5.0 vends/60d)
user_00493,44.5,D,0.0,4.0,1937.5,REJECTED,0.0,Insufficient history (4.0 vends/60d)
user_00494,47.4,D,58.0,1.0,3000.0,REJECTED,0.0,Insufficient history (1.0 vends/60d); Dormant (Last vend 58.0 days ago)
user_00495,64.3,C,2.0,1.0,88000.0,REJECTED,0.0,Insufficient history (1.0 vends/60d)
user_00496,39.1,D,2.0,8.0,1375.0,REJECTED,0.0,Low Score (Band D)
user_00497,47.2,D,20.0,5.0,2000.0,REJECTED,0.0,Insufficient history (5.0 vends/60d)
user_00498,47.0,D,4.0,3.0,3750.0,REJECTED,0.0,Insufficient history (3.0 vends/60d)
user_00499,45.7,D,0.0,8.0,2000.0,REJECTED,0.0,Low Score (Band D)
user_00500,42.6,D,6.0,5.0,2000.0,REJECTED,0.0,Insufficient history (5.0 vends/60d)
user_00501,50.4,C,0.0,10.0,2171.0,REJECTED,0.0,Calculated limit (1085.5) below min threshold
user_00502,66.9,B,7.0,7.0,150000.0,APPROVED,7500.0,Eligible
user_00503,38.4,D,0.0,3.0,2000.0,REJECTED,0.0,Insufficient history (3.0 vends/60d)
user_00504,45.5,D,5.0,8.0,3000.0,REJECTED,0.0,Low Score (Band D)
user_00505,40.8,D,1.0,8.0,1750.0,REJECTED,0.0,Low Score (Band D)
user_00506,42.1,D,11.0,9.0,2000.0,REJECTED,0.0,Low Score (Band D)
user_00507,43.9,D,0.0,7.0,1500.0,REJECTED,0.0,Low Score (Band D)
user_00508,40.6,D,2.0,11.0,2000.0,REJECTED,0.0,Low Score (Band D)
user_00509,39.8,D,0.0,5.0,1687.5,REJECTED,0.0,Insufficient history (5.0 vends/60d)
user_00510,35.8,D,0.0,5.0,1750.0,REJECTED,0.0,Insufficient history (5.0 vends/60d)
user_00511,66.1,B,5.0,7.0,47000.0,APPROVED,7500.0,Eligible
user_00512,71.8,B,3.0,17.0,45000.0,APPROVED,7500.0,Eligible
user_00513,72.1,B,4.0,8.0,56000.0,APPROVED,7500.0,Eligible
user_00514,30.6,D,4.0,2.0,1273.5,REJECTED,0.0,Insufficient history (2.0 vends/60d)
user_00515,46.0,D,0.0,7.0,2248.0,REJECTED,0.0,Low Score (Band D)
user_00516,49.0,D,3.0,9.0,2000.0,REJECTED,0.0,Low Score (Band D)
user_00517,43.4,D,5.0,6.0,2000.0,REJECTED,0.0,Low Score (Band D)
user_00518,43.2,D,1.0,8.0,2000.0,REJECTED,0.0,Low Score (Band D)
user_00519,41.5,D,4.0,4.0,1750.0,REJECTED,0.0,Insufficient history (4.0 vends/60d)
user_00520,30.4,D,14.0,1.0,1500.0,REJECTED,0.0,Insufficient history (1.0 vends/60d)
user_00521,42.0,D,0.0,4.0,2500.0,REJECTED,0.0,Insufficient history (4.0 vends/60d)
user_00522,41.7,D,4.0,5.0,2000.0,REJECTED,0.0,Insufficient history (5.0 vends/60d)
user_00523,34.5,D,18.0,3.0,2000.0,REJECTED,0.0,Insufficient history (3.0 vends/60d)
user_00524,45.8,D,2.0,9.0,2000.0,REJECTED,0.0,Low Score (Band D)
user_00525,46.4,D,2.0,7.0,2500.0,REJECTED,0.0,Low Score (Band D)
user_00526,39.8,D,1.0,8.0,2000.0,REJECTED,0.0,Low Score (Band D)
user_00527,67.5,B,11.0,4.0,237528.0,REJECTED,0.0,Insufficient history (4.0 vends/60d)
user_00528,43.8,D,1.0,7.0,2000.0,REJECTED,0.0,Low Score (Band D)
user_00529,31.5,D,4.0,3.0,1500.0,REJECTED,0.0,Insufficient history (3.0 vends/60d)
user_00530,44.6,D,2.0,6.0,2250.0,REJECTED,0.0,Low Score (Band D)
user_00531,47.1,D,3.0,12.0,2000.0,REJECTED,0.0,Low Score (Band D)
user_00532,47.2,D,2.0,7.0,1500.0,REJECTED,0.0,Low Score (Band D)
user_00533,42.3,D,1.0,8.0,2000.0,REJECTED,0.0,Low Score (Band D)
user_00534,42.8,D,15.0,5.0,1875.0,REJECTED,0.0,Insufficient history (5.0 vends/60d)
user_00535,47.2,D,2.0,9.0,2000.0,REJECTED,0.0,Low Score (Band D)
user_00536,44.5,D,8.0,3.0,3000.0,REJECTED,0.0,Insufficient history (3.0 vends/60d)
user_00537,44.0,D,2.0,14.0,1953.0,REJECTED,0.0,Low Score (Band D)
user_00538,41.5,D,5.0,4.0,1875.0,REJECTED,0.0,Insufficient history (4.0 vends/60d)
user_00539,45.0,D,0.0,8.0,2000.0,REJECTED,0.0,Low Score (Band D)
user_00540,42.9,D,6.0,7.0,2000.0,REJECTED,0.0,Low Score (Band D)
user_00541,44.3,D,0.0,12.0,1934.0,REJECTED,0.0,Low Score (Band D)
user_00542,45.4,D,8.0,7.0,2500.0,REJECTED,0.0,Low Score (Band D)
user_00543,35.0,D,27.0,3.0,1428.5,REJECTED,0.0,Insufficient history (3.0 vends/60d)
user_00544,41.9,D,2.0,3.0,1937.5,REJECTED,0.0,Insufficient history (3.0 vends/60d)
user_00545,47.0,D,1.0,10.0,2000.0,REJECTED,0.0,Low Score (Band D)
user_00546,45.1,D,4.0,8.0,2000.0,REJECTED,0.0,Low Score (Band D)
user_00547,74.4,B,2.0,14.0,180000.0,APPROVED,7500.0,Eligible
user_00548,45.4,D,34.0,1.0,2058.0,REJECTED,0.0,Insufficient history (1.0 vends/60d); Dormant (Last vend 34.0 days ago)
user_00549,42.4,D,4.0,10.0,2000.0,REJECTED,0.0,Low Score (Band D)
user_00550,71.9,B,3.0,7.0,46000.0,APPROVED,7500.0,Eligible
user_00551,36.0,D,3.0,6.0,1500.0,REJECTED,0.0,Low Score (Band D)
user_00552,37.3,D,3.0,3.0,2000.0,REJECTED,0.0,Insufficient history (3.0 vends/60d)
user_00553,43.0,D,0.0,12.0,2000.0,REJECTED,0.0,Low Score (Band D)
user_00554,45.1,D,2.0,8.0,2000.0,REJECTED,0.0,Low Score (Band D)
user_00555,29.1,D,66.0,0.0,1000.0,REJECTED,0.0,Insufficient history (0.0 vends/60d); Dormant (Last vend 66.0 days ago)
user_00556,73.7,B,5.0,9.0,55000.0,APPROVED,7500.0,Eligible
user_00557,72.6,B,2.0,10.0,56000.0,APPROVED,7500.0,Eligible
user_00558,37.8,D,21.0,2.0,2000.0,REJECTED,0.0,Insufficient history (2.0 vends/60d)
user_00559,33.9,D,0.0,3.0,1875.0,REJECTED,0.0,Insufficient history (3.0 vends/60d)
user_00560,43.2,D,3.0,6.0,1919.5,REJECTED,0.0,Low Score (Band D)
user_00561,46.9,D,3.0,8.0,2000.0,REJECTED,0.0,Low Score (Band D)
user_00562,74.2,B,7.0,18.0,50000.0,APPROVED,7500.0,Eligible
user_00563,35.9,D,4.0,2.0,2000.0,REJECTED,0.0,Insufficient history (2.0 vends/60d)
user_00564,35.3,D,1.0,4.0,1625.0,REJECTED,0.0,Insufficient history (4.0 vends/60d)
user_00565,36.9,D,1.0,6.0,1698.0,REJECTED,0.0,Low Score (Band D)
user_00566,47.0,D,7.0,13.0,2000.0,REJECTED,0.0,Low Score (Band D)
user_00567,70.3,B,31.0,2.0,180000.0,REJECTED,0.0,Insufficient history (2.0 vends/60d); Dormant (Last vend 31.0 days ago)
user_00568,33.1,D,13.0,1.0,2000.0,REJECTED,0.0,Insufficient history (1.0 vends/60d)
user_00569,39.5,D,13.0,1.0,2228.0,REJECTED,0.0,Insufficient history (1.0 vends/60d)
user_00570,47.5,D,14.0,10.0,2274.0,REJECTED,0.0,Low Score (Band D)
user_00571,43.7,D,1.0,7.0,2000.0,REJECTED,0.0,Low Score (Band D)
user_00572,36.0,D,0.0,3.0,2000.0,REJECTED,0.0,Insufficient history (3.0 vends/60d)
user_00573,38.7,D,21.0,6.0,1937.5,REJECTED,0.0,Low Score (Band D)
user_00574,68.3,B,5.0,7.0,163410.5,APPROVED,7500.0,Eligible
user_00575,41.4,D,2.0,8.0,2000.0,REJECTED,0.0,Low Score (Band D)
user_00576,41.2,D,2.0,9.0,1937.5,REJECTED,0.0,Low Score (Band D)
user_00577,41.1,D,3.0,6.0,2000.0,REJECTED,0.0,Low Score (Band D)
user_00578,43.1,D,1.0,11.0,2000.0,REJECTED,0.0,Low Score (Band D)
user_00579,43.7,D,0.0,16.0,2000.0,REJECTED,0.0,Low Score (Band D)
user_00580,42.9,D,0.0,9.0,2000.0,REJECTED,0.0,Low Score (Band D)
user_00581,39.7,D,27.0,2.0,1500.0,REJECTED,0.0,Insufficient history (2.0 vends/60d)
user_00582,72.0,B,0.0,12.0,58500.0,APPROVED,7500.0,Eligible
user_00583,36.3,D,3.0,3.0,1750.0,REJECTED,0.0,Insufficient history (3.0 vends/60d)
user_00584,42.7,D,1.0,5.0,2000.0,REJECTED,0.0,Insufficient history (5.0 vends/60d)
user_00585,40.7,D,10.0,8.0,1500.0,REJECTED,0.0,Low Score (Band D)
user_00586,70.4,B,18.0,6.0,45000.0,APPROVED,7500.0,Eligible
user_00587,36.1,D,1.0,5.0,1500.0,REJECTED,0.0,Insufficient history (5.0 vends/60d)
user_00588,43.1,D,0.0,8.0,2000.0,REJECTED,0.0,Low Score (Band D)
user_00589,51.1,C,8.0,9.0,2000.0,REJECTED,0.0,Calculated limit (1000.0) below min threshold
user_00590,65.3,B,32.0,1.0,300000.0,REJECTED,0.0,Insufficient history (1.0 vends/60d); Dormant (Last vend 32.0 days ago)
user_00591,69.7,B,9.0,9.0,52000.0,APPROVED,7500.0,Eligible
user_00592,44.4,D,0.0,14.0,1750.0,REJECTED,0.0,Low Score (Band D)
user_00593,41.4,D,9.0,5.0,1500.0,REJECTED,0.0,Insufficient history (5.0 vends/60d)
user_00594,65.0,B,31.0,1.0,60500.0,REJECTED,0.0,Insufficient history (1.0 vends/60d); Dormant (Last vend 31.0 days ago)
user_00595,35.2,D,3.0,5.0,1750.0,REJECTED,0.0,Insufficient history (5.0 vends/60d)
user_00596,70.3,B,2.0,7.0,43000.0,APPROVED,7500.0,Eligible
user_00597,68.8,B,34.0,1.0,63500.0,REJECTED,0.0,Insufficient history (1.0 vends/60d); Dormant (Last vend 34.0 days ago)
user_00598,44.4,D,2.0,13.0,2000.0,REJECTED,0.0,Low Score (Band D)
user_00599,47.3,D,2.0,10.0,2000.0,REJECTED,0.0,Low Score (Band D)
user_00600,74.5,B,3.0,9.0,180000.0,APPROVED,7500.0,Eligible
user_00601,50.2,C,0.0,6.0,2500.0,REJECTED,0.0,Calculated limit (1250.0) below min threshold
user_00602,44.9,D,19.0,2.0,2000.0,REJECTED,0.0,Insufficient history (2.0 vends/60d)
user_00603,44.3,D,2.0,8.0,2000.0,REJECTED,0.0,Low Score (Band D)
user_00604,40.3,D,8.0,6.0,2062.0,REJECTED,0.0,Low Score (Band D)
user_00605,38.9,D,5.0,7.0,1892.5,REJECTED,0.0,Low Score (Band D)
user_00606,31.7,D,4.0,2.0,1687.5,REJECTED,0.0,Insufficient history (2.0 vends/60d)
user_00607,45.9,D,9.0,7.0,2000.0,REJECTED,0.0,Low Score (Band D)
user_00608,44.7,D,7.0,6.0,2000.0,REJECTED,0.0,Low Score (Band D)
user_00609,34.3,D,3.0,3.0,2009.0,REJECTED,0.0,Insufficient history (3.0 vends/60d)
user_00610,40.7,D,9.0,1.0,2500.0,REJECTED,0.0,Insufficient history (1.0 vends/60d)
user_00611,52.7,C,0.0,7.0,2000.0,REJECTED,0.0,Calculated limit (1000.0) below min threshold
user_00612,42.7,D,0.0,9.0,1687.5,REJECTED,0.0,Low Score (Band D)
user_00613,38.2,D,2.0,7.0,2000.0,REJECTED,0.0,Low Score (Band D)
user_00614,62.2,C,9.0,2.0,45000.0,REJECTED,0.0,Insufficient history (2.0 vends/60d)
user_00615,44.4,D,1.0,7.0,2000.0,REJECTED,0.0,Low Score (Band D)
user_00616,42.2,D,12.0,6.0,2000.0,REJECTED,0.0,Low Score (Band D)
user_00617,38.2,D,1.0,4.0,2000.0,REJECTED,0.0,Insufficient history (4.0 vends/60d)
user_00618,75.4,B,5.0,9.0,50500.0,APPROVED,7500.0,Eligible
user_00619,38.8,D,2.0,7.0,1500.0,REJECTED,0.0,Low Score (Band D)
user_00620,37.9,D,10.0,7.0,1625.0,REJECTED,0.0,Low Score (Band D)
user_00621,70.8,B,3.0,9.0,75000.0,APPROVED,7500.0,Eligible
user_00622,44.7,D,1.0,3.0,3000.0,REJECTED,0.0,Insufficient history (3.0 vends/60d)
user_00623,42.0,D,1.0,7.0,1500.0,REJECTED,0.0,Low Score (Band D)
user_00624,48.6,D,0.0,8.0,2000.0,REJECTED,0.0,Low Score (Band D)
user_00625,38.4,D,0.0,3.0,2000.0,REJECTED,0.0,Insufficient history (3.0 vends/60d)
user_00626,45.6,D,5.0,3.0,3000.0,REJECTED,0.0,Insufficient history (3.0 vends/60d)
user_00627,63.7,C,3.0,3.0,50000.0,REJECTED,0.0,Insufficient history (3.0 vends/60d)
user_00628,42.7,D,4.0,2.0,1750.0,REJECTED,0.0,Insufficient history (2.0 vends/60d)
user_00629,43.6,D,0.0,12.0,1937.5,REJECTED,0.0,Low Score (Band D)
user_00630,29.5,D,10.0,3.0,1234.0,REJECTED,0.0,Insufficient history (3.0 vends/60d)
user_00631,43.9,D,0.0,7.0,2000.0,REJECTED,0.0,Low Score (Band D)
user_00632,37.5,D,3.0,2.0,2125.0,REJECTED,0.0,Insufficient history (2.0 vends/60d)
user_00633,45.4,D,12.0,13.0,1658.0,REJECTED,0.0,Low Score (Band D)
user_00634,42.5,D,5.0,10.0,2000.0,REJECTED,0.0,Low Score (Band D)
user_00635,64.8,C,4.0,3.0,46000.0,REJECTED,0.0,Insufficient history (3.0 vends/60d)
user_00636,43.3,D,3.0,5.0,1625.0,REJECTED,0.0,Insufficient history (5.0 vends/60d)
user_00637,43.1,D,4.0,9.0,2000.0,REJECTED,0.0,Low Score (Band D)
user_00638,65.2,B,3.0,3.0,60000.0,REJECTED,0.0,Insufficient history (3.0 vends/60d)
user_00639,41.3,D,0.0,7.0,1750.0,REJECTED,0.0,Low Score (Band D)
user_00640,72.5,B,1.0,7.0,48500.0,APPROVED,7500.0,Eligible
user_00641,72.9,B,3.0,13.0,53500.0,APPROVED,7500.0,Eligible
user_00642,45.4,D,4.0,13.0,1807.0,REJECTED,0.0,Low Score (Band D)
user_00643,42.3,D,1.0,10.0,2000.0,REJECTED,0.0,Low Score (Band D)
user_00644,30.4,D,0.0,3.0,1250.0,REJECTED,0.0,Insufficient history (3.0 vends/60d)
user_00645,42.0,D,1.0,9.0,1875.0,REJECTED,0.0,Low Score (Band D)
user_00646,36.4,D,16.0,8.0,1250.0,REJECTED,0.0,Low Score (Band D)
user_00647,34.1,D,4.0,4.0,1625.0,REJECTED,0.0,Insufficient history (4.0 vends/60d)
user_00648,47.7,D,0.0,14.0,2016.0,REJECTED,0.0,Low Score (Band D)
user_00649,42.2,D,8.0,8.0,2000.0,REJECTED,0.0,Low Score (Band D)
user_00650,46.3,D,0.0,9.0,2000.0,REJECTED,0.0,Low Score (Band D)
user_00651,45.0,D,4.0,3.0,2000.0,REJECTED,0.0,Insufficient history (3.0 vends/60d)
user_00652,64.2,C,14.0,3.0,70000.0,REJECTED,0.0,Insufficient history (3.0 vends/60d)
user_00653,45.3,D,0.0,11.0,1500.0,REJECTED,0.0,Low Score (Band D)
user_00654,47.1,D,0.0,11.0,2000.0,REJECTED,0.0,Low Score (Band D)
user_00655,70.3,B,7.0,6.0,50000.0,APPROVED,7500.0,Eligible
user_00656,36.4,D,23.0,3.0,1250.0,REJECTED,0.0,Insufficient history (3.0 vends/60d)
user_00657,36.8,D,11.0,4.0,2000.0,REJECTED,0.0,Insufficient history (4.0 vends/60d)
user_00658,45.7,D,1.0,13.0,2000.0,REJECTED,0.0,Low Score (Band D)
user_00659,41.3,D,2.0,13.0,1500.0,REJECTED,0.0,Low Score (Band D)
user_00660,42.7,D,9.0,4.0,2000.0,REJECTED,0.0,Insufficient history (4.0 vends/60d)
user_00661,43.7,D,3.0,9.0,2000.0,REJECTED,0.0,Low Score (Band D)
user_00662,47.2,D,2.0,10.0,1875.0,REJECTED,0.0,Low Score (Band D)
user_00663,47.3,D,2.0,8.0,1889.0,REJECTED,0.0,Low Score (Band D)
user_00664,48.0,D,12.0,5.0,2000.0,REJECTED,0.0,Insufficient history (5.0 vends/60d)
user_00665,66.7,B,4.0,5.0,75000.0,REJECTED,0.0,Insufficient history (5.0 vends/60d)
user_00666,64.7,C,6.0,5.0,50000.0,REJECTED,0.0,Insufficient history (5.0 vends/60d)
user_00667,62.2,C,2.0,1.0,195077.5,REJECTED,0.0,Insufficient history (1.0 vends/60d)
user_00668,44.5,D,5.0,4.0,2182.5,REJECTED,0.0,Insufficient history (4.0 vends/60d)
user_00669,36.3,D,44.0,1.0,1750.0,REJECTED,0.0,Insufficient history (1.0 vends/60d); Dormant (Last vend 44.0 days ago)
user_00670,39.4,D,3.0,8.0,1660.5,REJECTED,0.0,Low Score (Band D)
user_00671,42.9,D,0.0,8.0,2000.0,REJECTED,0.0,Low Score (Band D)
user_00672,44.5,D,3.0,11.0,1916.5,REJECTED,0.0,Low Score (Band D)
user_00673,39.7,D,1.0,9.0,1500.0,REJECTED,0.0,Low Score (Band D)
user_00674,47.8,D,4.0,9.0,2057.0,REJECTED,0.0,Low Score (Band D)
user_00675,63.3,C,32.0,1.0,62500.0,REJECTED,0.0,Insufficient history (1.0 vends/60d); Dormant (Last vend 32.0 days ago)
user_00676,44.2,D,5.0,4.0,2000.0,REJECTED,0.0,Insufficient history (4.0 vends/60d)
user_00677,40.6,D,4.0,2.0,1937.5,REJECTED,0.0,Insufficient history (2.0 vends/60d)
user_00678,38.7,D,1.0,6.0,2000.0,REJECTED,0.0,Low Score (Band D)
user_00679,42.0,D,8.0,9.0,2000.0,REJECTED,0.0,Low Score (Band D)
user_00680,43.1,D,15.0,8.0,2000.0,REJECTED,0.0,Low Score (Band D)
user_00681,38.4,D,1.0,5.0,1500.0,REJECTED,0.0,Insufficient history (5.0 vends/60d)
user_00682,66.5,B,8.0,1.0,50000.0,REJECTED,0.0,Insufficient history (1.0 vends/60d)
user_00683,43.0,D,1.0,9.0,1875.0,REJECTED,0.0,Low Score (Band D)
user_00684,40.0,D,27.0,4.0,2000.0,REJECTED,0.0,Insufficient history (4.0 vends/60d)
user_00685,50.0,C,4.0,9.0,2750.0,REJECTED,0.0,Calculated limit (1375.0) below min threshold
user_00686,71.0,B,1.0,5.0,60000.0,REJECTED,0.0,Insufficient history (5.0 vends/60d)
user_00687,41.5,D,1.0,6.0,1500.0,REJECTED,0.0,Low Score (Band D)
user_00688,45.8,D,6.0,5.0,2000.0,REJECTED,0.0,Insufficient history (5.0 vends/60d)
user_00689,44.9,D,2.0,7.0,1953.0,REJECTED,0.0,Low Score (Band D)
user_00690,40.0,D,6.0,6.0,1500.0,REJECTED,0.0,Low Score (Band D)
user_00691,49.8,D,0.0,4.0,2250.0,REJECTED,0.0,Insufficient history (4.0 vends/60d)
user_00692,41.9,D,13.0,6.0,1808.5,REJECTED,0.0,Low Score (Band D)
user_00693,71.6,B,0.0,9.0,50000.0,APPROVED,7500.0,Eligible
user_00694,42.3,D,12.0,5.0,2500.0,REJECTED,0.0,Insufficient history (5.0 vends/60d)
user_00695,45.5,D,4.0,9.0,2000.0,REJECTED,0.0,Low Score (Band D)
user_00696,51.9,C,1.0,11.0,2000.0,REJECTED,0.0,Calculated limit (1000.0) below min threshold
user_00697,73.8,B,12.0,12.0,46000.0,APPROVED,7500.0,Eligible
user_00698,47.7,D,5.0,5.0,2000.0,REJECTED,0.0,Insufficient history (5.0 vends/60d)
user_00699,35.9,D,6.0,1.0,2000.0,REJECTED,0.0,Insufficient history (1.0 vends/60d)
user_00700,44.5,D,5.0,8.0,2000.0,REJECTED,0.0,Low Score (Band D)
user_00701,41.4,D,15.0,3.0,2000.0,REJECTED,0.0,Insufficient history (3.0 vends/60d)
user_00702,37.6,D,5.0,6.0,2000.0,REJECTED,0.0,Low Score (Band D)
user_00703,67.4,B,2.0,5.0,178747.0,REJECTED,0.0,Insufficient history (5.0 vends/60d)
user_00704,41.8,D,3.0,10.0,2000.0,REJECTED,0.0,Low Score (Band D)
user_00705,45.6,D,1.0,9.0,2000.0,REJECTED,0.0,Low Score (Band D)
user_00706,42.8,D,3.0,13.0,1750.0,REJECTED,0.0,Low Score (Band D)
user_00707,41.8,D,17.0,4.0,2000.0,REJECTED,0.0,Insufficient history (4.0 vends/60d)
user_00708,41.3,D,2.0,13.0,1750.0,REJECTED,0.0,Low Score (Band D)
user_00709,34.6,D,0.0,5.0,1614.0,REJECTED,0.0,Insufficient history (5.0 vends/60d)
user_00710,47.2,D,5.0,7.0,2000.0,REJECTED,0.0,Low Score (Band D)
user_00711,42.4,D,6.0,8.0,1774.0,REJECTED,0.0,Low Score (Band D)
user_00712,42.4,D,5.0,2.0,2000.0,REJECTED,0.0,Insufficient history (2.0 vends/60d)
user_00713,43.5,D,0.0,8.0,2000.0,REJECTED,0.0,Low Score (Band D)
user_00714,39.2,D,3.0,10.0,1500.0,REJECTED,0.0,Low Score (Band D)
user_00715,72.9,B,19.0,9.0,62500.0,APPROVED,7500.0,Eligible
user_00716,42.4,D,6.0,12.0,1750.0,REJECTED,0.0,Low Score (Band D)
user_00717,40.9,D,0.0,6.0,1875.0,REJECTED,0.0,Low Score (Band D)
user_00718,41.8,D,0.0,7.0,1875.0,REJECTED,0.0,Low Score (Band D)
user_00719,71.1,B,4.0,9.0,50000.0,APPROVED,7500.0,Eligible
user_00720,31.8,D,4.0,4.0,1323.0,REJECTED,0.0,Insufficient history (4.0 vends/60d)
user_00721,72.1,B,1.0,7.0,180412.0,APPROVED,7500.0,Eligible
user_00722,29.0,D,21.0,2.0,1000.0,REJECTED,0.0,Insufficient history (2.0 vends/60d)
user_00723,48.2,D,23.0,2.0,3000.0,REJECTED,0.0,Insufficient history (2.0 vends/60d)
user_00724,66.6,B,0.0,2.0,69000.0,REJECTED,0.0,Insufficient history (2.0 vends/60d)
user_00725,32.3,D,4.0,2.0,1500.0,REJECTED,0.0,Insufficient history (2.0 vends/60d)
user_00726,39.3,D,0.0,6.0,1750.0,REJECTED,0.0,Low Score (Band D)
user_00727,44.5,D,4.0,4.0,3000.0,REJECTED,0.0,Insufficient history (4.0 vends/60d)
user_00728,41.4,D,3.0,7.0,2075.0,REJECTED,0.0,Low Score (Band D)
user_00729,42.2,D,2.0,9.0,1500.0,REJECTED,0.0,Low Score (Band D)
user_00730,46.0,D,2.0,12.0,2000.0,REJECTED,0.0,Low Score (Band D)
user_00731,61.2,C,65.0,0.0,189448.0,REJECTED,0.0,Insufficient history (0.0 vends/60d); Dormant (Last vend 65.0 days ago)
user_00732,34.6,D,0.0,3.0,1625.0,REJECTED,0.0,Insufficient history (3.0 vends/60d)
user_00733,39.1,D,2.0,2.0,2250.0,REJECTED,0.0,Insufficient history (2.0 vends/60d)
user_00734,43.2,D,3.0,13.0,2000.0,REJECTED,0.0,Low Score (Band D)
user_00735,41.0,D,0.0,3.0,2311.5,REJECTED,0.0,Insufficient history (3.0 vends/60d)
user_00736,71.2,B,2.0,7.0,62000.0,APPROVED,7500.0,Eligible
user_00737,67.8,B,12.0,3.0,53000.0,REJECTED,0.0,Insufficient history (3.0 vends/60d)
user_00738,36.9,D,5.0,4.0,2000.0,REJECTED,0.0,Insufficient history (4.0 vends/60d)
user_00739,74.3,B,1.0,11.0,51000.0,APPROVED,7500.0,Eligible
user_00740,45.1,D,0.0,8.0,2000.0,REJECTED,0.0,Low Score (Band D)
user_00741,60.3,C,33.0,1.0,30000.0,REJECTED,0.0,Insufficient history (1.0 vends/60d); Dormant (Last vend 33.0 days ago)
user_00742,37.8,D,3.0,4.0,2000.0,REJECTED,0.0,Insufficient history (4.0 vends/60d)
user_00743,70.0,B,34.0,2.0,165000.0,REJECTED,0.0,Insufficient history (2.0 vends/60d); Dormant (Last vend 34.0 days ago)
user_00744,35.6,D,1.0,8.0,1500.0,REJECTED,0.0,Low Score (Band D)
user_00745,37.7,D,4.0,6.0,1875.0,REJECTED,0.0,Low Score (Band D)
user_00746,41.1,D,0.0,7.0,2000.0,REJECTED,0.0,Low Score (Band D)
user_00747,50.2,C,0.0,12.0,2345.0,REJECTED,0.0,Calculated limit (1172.5) below min threshold
user_00748,51.6,C,12.0,6.0,2500.0,REJECTED,0.0,Calculated limit (1250.0) below min threshold
user_00749,29.8,D,4.0,3.0,1250.0,REJECTED,0.0,Insufficient history (3.0 vends/60d)
user_00750,66.6,B,1.0,5.0,50000.0,REJECTED,0.0,Insufficient history (5.0 vends/60d)
user_00751,45.2,D,0.0,3.0,1750.0,REJECTED,0.0,Insufficient history (3.0 vends/60d)
user_00752,37.1,D,1.0,2.0,2000.0,REJECTED,0.0,Insufficient history (2.0 vends/60d)
user_00753,40.4,D,13.0,6.0,1875.0,REJECTED,0.0,Low Score (Band D)
user_00754,71.3,B,0.0,7.0,50000.0,APPROVED,7500.0,Eligible
user_00755,38.6,D,3.0,5.0,2250.0,REJECTED,0.0,Insufficient history (5.0 vends/60d)
user_00756,45.0,D,4.0,5.0,2000.0,REJECTED,0.0,Insufficient history (5.0 vends/60d)
user_00757,33.7,D,44.0,1.0,1875.0,REJECTED,0.0,Insufficient history (1.0 vends/60d); Dormant (Last vend 44.0 days ago)
user_00758,54.2,C,1.0,8.0,1500.0,REJECTED,0.0,Calculated limit (750.0) below min threshold
user_00759,76.6,B,2.0,12.0,155203.0,APPROVED,7500.0,Eligible
user_00760,44.5,D,2.0,9.0,2000.0,REJECTED,0.0,Low Score (Band D)
user_00761,32.9,D,1.0,5.0,1375.0,REJECTED,0.0,Insufficient history (5.0 vends/60d)
user_00762,70.2,B,3.0,6.0,62500.0,APPROVED,7500.0,Eligible
user_00763,42.8,D,2.0,11.0,2000.0,REJECTED,0.0,Low Score (Band D)
user_00764,47.4,D,1.0,5.0,3000.0,REJECTED,0.0,Insufficient history (5.0 vends/60d)
user_00765,41.2,D,15.0,4.0,2000.0,REJECTED,0.0,Insufficient history (4.0 vends/60d)
user_00766,70.5,B,1.0,9.0,47000.0,APPROVED,7500.0,Eligible
user_00767,69.6,B,4.0,8.0,150000.0,APPROVED,7500.0,Eligible
user_00768,48.7,D,12.0,15.0,2000.0,REJECTED,0.0,Low Score (Band D)
user_00769,37.4,D,0.0,4.0,2000.0,REJECTED,0.0,Insufficient history (4.0 vends/60d)
user_00770,75.2,B,3.0,13.0,180000.0,APPROVED,7500.0,Eligible
user_00771,42.1,D,1.0,7.0,2000.0,REJECTED,0.0,Low Score (Band D)
user_00772,71.7,B,4.0,10.0,46000.0,APPROVED,7500.0,Eligible
user_00773,71.4,B,5.0,7.0,50500.0,APPROVED,7500.0,Eligible
user_00774,38.4,D,2.0,6.0,2000.0,REJECTED,0.0,Low Score (Band D)
user_00775,68.3,B,15.0,6.0,165000.0,APPROVED,7500.0,Eligible
user_00776,64.5,C,5.0,5.0,40000.0,REJECTED,0.0,Insufficient history (5.0 vends/60d)
user_00777,40.9,D,2.0,5.0,2000.0,REJECTED,0.0,Insufficient history (5.0 vends/60d)
user_00778,74.2,B,16.0,7.0,165000.0,APPROVED,7500.0,Eligible
user_00779,40.1,D,0.0,6.0,2000.0,REJECTED,0.0,Low Score (Band D)
user_00780,36.0,D,17.0,7.0,2000.0,REJECTED,0.0,Low Score (Band D)
user_00781,62.7,C,7.0,3.0,62500.0,REJECTED,0.0,Insufficient history (3.0 vends/60d)
user_00782,46.0,D,1.0,10.0,2000.0,REJECTED,0.0,Low Score (Band D)
user_00783,42.1,D,0.0,6.0,2000.0,REJECTED,0.0,Low Score (Band D)
user_00784,40.1,D,2.0,6.0,1500.0,REJECTED,0.0,Low Score (Band D)
user_00785,42.5,D,4.0,5.0,1750.0,REJECTED,0.0,Insufficient history (5.0 vends/60d)
user_00786,74.9,B,3.0,10.0,180000.0,APPROVED,7500.0,Eligible
user_00787,46.0,D,1.0,5.0,2000.0,REJECTED,0.0,Insufficient history (5.0 vends/60d)
user_00788,72.7,B,23.0,5.0,50000.0,REJECTED,0.0,Insufficient history (5.0 vends/60d)
user_00789,46.9,D,3.0,13.0,2000.0,REJECTED,0.0,Low Score (Band D)
user_00790,44.6,D,2.0,5.0,2000.0,REJECTED,0.0,Insufficient history (5.0 vends/60d)
user_00791,69.6,B,4.0,5.0,41500.0,REJECTED,0.0,Insufficient history (5.0 vends/60d)
user_00792,45.3,D,0.0,2.0,3000.0,REJECTED,0.0,Insufficient history (2.0 vends/60d)
user_00793,36.3,D,5.0,4.0,1500.0,REJECTED,0.0,Insufficient history (4.0 vends/60d)
user_00794,44.4,D,23.0,2.0,2000.0,REJECTED,0.0,Insufficient history (2.0 vends/60d)
user_00795,33.1,D,5.0,3.0,1750.0,REJECTED,0.0,Insufficient history (3.0 vends/60d)
user_00796,42.1,D,0.0,14.0,1750.0,REJECTED,0.0,Low Score (Band D)
user_00797,46.1,D,4.0,8.0,2000.0,REJECTED,0.0,Low Score (Band D)
user_00798,39.7,D,0.0,10.0,2000.0,REJECTED,0.0,Low Score (Band D)
user_00799,45.1,D,27.0,2.0,1020.5,REJECTED,0.0,Insufficient history (2.0 vends/60d)
user_00800,38.5,D,1.0,8.0,1875.0,REJECTED,0.0,Low Score (Band D)
user_00801,36.7,D,3.0,5.0,1500.0,REJECTED,0.0,Insufficient history (5.0 vends/60d)
user_00802,30.0,D,0.0,3.0,1250.0,REJECTED,0.0,Insufficient history (3.0 vends/60d)
user_00803,41.4,D,12.0,8.0,2000.0,REJECTED,0.0,Low Score (Band D)
user_00804,45.2,D,2.0,9.0,2000.0,REJECTED,0.0,Low Score (Band D)
user_00805,41.4,D,0.0,5.0,2000.0,REJECTED,0.0,Insufficient history (5.0 vends/60d)
user_00806,46.4,D,2.0,11.0,1500.0,REJECTED,0.0,Low Score (Band D)
user_00807,68.5,B,0.0,4.0,75000.0,REJECTED,0.0,Insufficient history (4.0 vends/60d)
user_00808,40.5,D,2.0,8.0,2000.0,REJECTED,0.0,Low Score (Band D)
user_00809,42.5,D,0.0,8.0,2000.0,REJECTED,0.0,Low Score (Band D)
user_00810,44.0,D,2.0,4.0,2750.0,REJECTED,0.0,Insufficient history (4.0 vends/60d)
user_00811,31.7,D,3.0,2.0,1500.0,REJECTED,0.0,Insufficient history (2.0 vends/60d)
user_00812,47.9,D,3.0,6.0,2250.0,REJECTED,0.0,Low Score (Band D)
user_00813,34.8,D,2.0,6.0,1357.0,REJECTED,0.0,Low Score (Band D)
user_00814,49.0,D,0.0,2.0,3500.0,REJECTED,0.0,Insufficient history (2.0 vends/60d)
user_00815,42.8,D,4.0,11.0,2000.0,REJECTED,0.0,Low Score (Band D)
user_00816,44.6,D,3.0,16.0,1651.5,REJECTED,0.0,Low Score (Band D)
user_00817,44.9,D,0.0,13.0,1500.0,REJECTED,0.0,Low Score (Band D)
user_00818,41.2,D,2.0,5.0,2000.0,REJECTED,0.0,Insufficient history (5.0 vends/60d)
user_00819,60.6,C,0.0,2.0,67500.0,REJECTED,0.0,Insufficient history (2.0 vends/60d)
user_00820,45.7,D,3.0,12.0,2000.0,REJECTED,0.0,Low Score (Band D)
user_00821,43.6,D,3.0,4.0,1875.0,REJECTED,0.0,Insufficient history (4.0 vends/60d)
user_00822,71.7,B,5.0,3.0,52500.0,REJECTED,0.0,Insufficient history (3.0 vends/60d)
user_00823,43.3,D,2.0,7.0,2000.0,REJECTED,0.0,Low Score (Band D)
user_00824,72.7,B,5.0,7.0,51000.0,APPROVED,7500.0,Eligible
user_00825,45.2,D,9.0,10.0,2000.0,REJECTED,0.0,Low Score (Band D)
user_00826,41.9,D,0.0,3.0,1750.0,REJECTED,0.0,Insufficient history (3.0 vends/60d)
user_00827,40.2,D,5.0,10.0,1500.0,REJECTED,0.0,Low Score (Band D)
user_00828,43.8,D,3.0,3.0,2000.0,REJECTED,0.0,Insufficient history (3.0 vends/60d)
user_00829,43.2,D,2.0,6.0,2000.0,REJECTED,0.0,Low Score (Band D)
user_00830,37.0,D,2.0,4.0,2000.0,REJECTED,0.0,Insufficient history (4.0 vends/60d)
user_00831,31.8,D,18.0,3.0,1641.0,REJECTED,0.0,Insufficient history (3.0 vends/60d)
user_00832,44.6,D,31.0,4.0,1625.0,REJECTED,0.0,Insufficient history (4.0 vends/60d); Dormant (Last vend 31.0 days ago)
user_00833,44.2,D,2.0,13.0,2000.0,REJECTED,0.0,Low Score (Band D)
user_00834,47.6,D,8.0,5.0,3000.0,REJECTED,0.0,Insufficient history (5.0 vends/60d)
user_00835,35.7,D,1.0,5.0,1500.0,REJECTED,0.0,Insufficient history (5.0 vends/60d)
user_00836,40.3,D,2.0,4.0,2000.0,REJECTED,0.0,Insufficient history (4.0 vends/60d)
user_00837,49.9,D,7.0,9.0,2000.0,REJECTED,0.0,Low Score (Band D)
user_00838,45.4,D,2.0,8.0,2000.0,REJECTED,0.0,Low Score (Band D)
user_00839,43.8,D,1.0,6.0,1993.5,REJECTED,0.0,Low Score (Band D)
user_00840,39.0,D,0.0,9.0,1571.0,REJECTED,0.0,Low Score (Band D)
user_00841,40.5,D,27.0,4.0,2000.0,REJECTED,0.0,Insufficient history (4.0 vends/60d)
user_00842,44.7,D,6.0,7.0,2000.0,REJECTED,0.0,Low Score (Band D)
user_00843,42.7,D,5.0,7.0,2000.0,REJECTED,0.0,Low Score (Band D)
user_00844,45.8,D,2.0,10.0,2000.0,REJECTED,0.0,Low Score (Band D)
user_00845,52.9,C,0.0,3.0,4107.5,REJECTED,0.0,Insufficient history (3.0 vends/60d)
user_00846,45.4,D,43.0,1.0,1500.0,REJECTED,0.0,Insufficient history (1.0 vends/60d); Dormant (Last vend 43.0 days ago)
user_00847,47.2,D,0.0,9.0,2000.0,REJECTED,0.0,Low Score (Band D)
user_00848,43.5,D,3.0,7.0,2000.0,REJECTED,0.0,Low Score (Band D)
user_00849,46.9,D,7.0,8.0,2172.5,REJECTED,0.0,Low Score (Band D)
user_00850,38.5,D,15.0,5.0,2000.0,REJECTED,0.0,Insufficient history (5.0 vends/60d)
user_00851,40.9,D,20.0,3.0,2500.0,REJECTED,0.0,Insufficient history (3.0 vends/60d)
user_00852,44.2,D,2.0,15.0,1500.0,REJECTED,0.0,Low Score (Band D)
user_00853,44.8,D,0.0,10.0,1875.0,REJECTED,0.0,Low Score (Band D)
user_00854,39.1,D,24.0,5.0,1500.0,REJECTED,0.0,Insufficient history (5.0 vends/60d)
user_00855,43.8,D,7.0,7.0,2000.0,REJECTED,0.0,Low Score (Band D)
user_00856,42.9,D,0.0,7.0,2000.0,REJECTED,0.0,Low Score (Band D)
user_00857,73.1,B,10.0,10.0,79000.0,APPROVED,7500.0,Eligible
user_00858,31.5,D,13.0,2.0,1500.0,REJECTED,0.0,Insufficient history (2.0 vends/60d)
user_00859,48.0,D,1.0,11.0,2172.5,REJECTED,0.0,Low Score (Band D)
user_00860,37.0,D,32.0,2.0,2250.0,REJECTED,0.0,Insufficient history (2.0 vends/60d); Dormant (Last vend 32.0 days ago)
user_00861,74.0,B,2.0,9.0,198628.0,APPROVED,7500.0,Eligible
user_00862,60.0,C,2.0,2.0,68000.0,REJECTED,0.0,Insufficient history (2.0 vends/60d)
user_00863,68.1,B,9.0,9.0,48500.0,APPROVED,7500.0,Eligible
user_00864,44.3,D,3.0,11.0,2000.0,REJECTED,0.0,Low Score (Band D)
user_00865,45.8,D,7.0,10.0,2000.0,REJECTED,0.0,Low Score (Band D)
user_00866,44.3,D,16.0,7.0,1812.5,REJECTED,0.0,Low Score (Band D)
user_00867,70.3,B,4.0,5.0,58000.0,REJECTED,0.0,Insufficient history (5.0 vends/60d)
user_00868,45.6,D,6.0,10.0,2345.0,REJECTED,0.0,Low Score (Band D)
user_00869,37.2,D,0.0,6.0,2000.0,REJECTED,0.0,Low Score (Band D)
user_00870,40.9,D,3.0,9.0,1750.0,REJECTED,0.0,Low Score (Band D)
user_00871,37.2,D,3.0,5.0,1625.0,REJECTED,0.0,Insufficient history (5.0 vends/60d)
user_00872,34.0,D,19.0,5.0,1500.0,REJECTED,0.0,Insufficient history (5.0 vends/60d)
user_00873,35.2,D,4.0,2.0,2000.0,REJECTED,0.0,Insufficient history (2.0 vends/60d)
user_00874,48.4,D,1.0,8.0,2000.0,REJECTED,0.0,Low Score (Band D)
user_00875,61.5,C,22.0,3.0,68000.0,REJECTED,0.0,Insufficient history (3.0 vends/60d)
user_00876,47.9,D,0.0,8.0,2000.0,REJECTED,0.0,Low Score (Band D)
user_00877,45.3,D,2.0,8.0,2000.0,REJECTED,0.0,Low Score (Band D)
user_00878,65.8,B,3.0,4.0,57000.0,REJECTED,0.0,Insufficient history (4.0 vends/60d)
user_00879,68.1,B,4.0,5.0,200000.0,REJECTED,0.0,Insufficient history (5.0 vends/60d)
user_00880,37.5,D,1.0,3.0,1875.0,REJECTED,0.0,Insufficient history (3.0 vends/60d)
user_00881,43.6,D,1.0,4.0,2000.0,REJECTED,0.0,Insufficient history (4.0 vends/60d)
user_00882,42.6,D,5.0,6.0,1875.0,REJECTED,0.0,Low Score (Band D)
user_00883,40.7,D,11.0,4.0,1500.0,REJECTED,0.0,Insufficient history (4.0 vends/60d)
user_00884,40.5,D,4.0,6.0,2000.0,REJECTED,0.0,Low Score (Band D)
user_00885,31.1,D,28.0,2.0,1500.0,REJECTED,0.0,Insufficient history (2.0 vends/60d)
user_00886,41.7,D,24.0,5.0,1500.0,REJECTED,0.0,Insufficient history (5.0 vends/60d)
user_00887,39.8,D,1.0,6.0,1500.0,REJECTED,0.0,Low Score (Band D)
user_00888,29.5,D,26.0,2.0,1117.0,REJECTED,0.0,Insufficient history (2.0 vends/60d)
user_00889,40.5,D,18.0,4.0,2021.5,REJECTED,0.0,Insufficient history (4.0 vends/60d)
user_00890,50.2,C,0.0,6.0,3000.0,REJECTED,0.0,Calculated limit (1500.0) below min threshold
user_00891,42.4,D,0.0,10.0,1875.0,REJECTED,0.0,Low Score (Band D)
user_00892,41.4,D,0.0,4.0,2000.0,REJECTED,0.0,Insufficient history (4.0 vends/60d)
user_00893,39.1,D,1.0,8.0,1750.0,REJECTED,0.0,Low Score (Band D)
user_00894,36.7,D,4.0,5.0,1875.0,REJECTED,0.0,Insufficient history (5.0 vends/60d)
user_00895,50.7,C,3.0,13.0,1875.0,REJECTED,0.0,Calculated limit (937.5) below min threshold
user_00896,32.5,D,33.0,1.0,1750.0,REJECTED,0.0,Insufficient history (1.0 vends/60d); Dormant (Last vend 33.0 days ago)
user_00897,43.1,D,1.0,5.0,2000.0,REJECTED,0.0,Insufficient history (5.0 vends/60d)
user_00898,41.6,D,2.0,9.0,1875.0,REJECTED,0.0,Low Score (Band D)
user_00899,50.6,C,10.0,7.0,3000.0,REJECTED,0.0,Calculated limit (1500.0) below min threshold
user_00900,68.7,B,2.0,8.0,48000.0,APPROVED,7500.0,Eligible
user_00901,34.7,D,1.0,6.0,1500.0,REJECTED,0.0,Low Score (Band D)
user_00902,70.0,B,2.0,6.0,56500.0,APPROVED,7500.0,Eligible
user_00903,67.5,B,1.0,5.0,55000.0,REJECTED,0.0,Insufficient history (5.0 vends/60d)
user_00904,47.1,D,5.0,8.0,2500.0,REJECTED,0.0,Low Score (Band D)
user_00905,71.7,B,1.0,7.0,173070.0,APPROVED,7500.0,Eligible
user_00906,37.2,D,4.0,7.0,1375.0,REJECTED,0.0,Low Score (Band D)
user_00907,42.6,D,11.0,7.0,2000.0,REJECTED,0.0,Low Score (Band D)
user_00908,40.3,D,0.0,9.0,1500.0,REJECTED,0.0,Low Score (Band D)
user_00909,43.2,D,3.0,4.0,2000.0,REJECTED,0.0,Insufficient history (4.0 vends/60d)
user_00910,44.4,D,3.0,7.0,1863.0,REJECTED,0.0,Low Score (Band D)
user_00911,39.1,D,0.0,9.0,1500.0,REJECTED,0.0,Low Score (Band D)
user_00912,67.2,B,1.0,4.0,74500.0,REJECTED,0.0,Insufficient history (4.0 vends/60d)
user_00913,63.1,C,34.0,2.0,48500.0,REJECTED,0.0,Insufficient history (2.0 vends/60d); Dormant (Last vend 34.0 days ago)
user_00914,40.6,D,13.0,5.0,1812.5,REJECTED,0.0,Insufficient history (5.0 vends/60d)
user_00915,40.5,D,4.0,5.0,1500.0,REJECTED,0.0,Insufficient history (5.0 vends/60d)
user_00916,39.7,D,3.0,8.0,1500.0,REJECTED,0.0,Low Score (Band D)
user_00917,39.0,D,4.0,3.0,2000.0,REJECTED,0.0,Insufficient history (3.0 vends/60d)
user_00918,43.7,D,15.0,8.0,2000.0,REJECTED,0.0,Low Score (Band D)
user_00919,64.5,C,6.0,6.0,46000.0,APPROVED,5000.0,Eligible
user_00920,35.6,D,4.0,8.0,1539.5,REJECTED,0.0,Low Score (Band D)
user_00921,43.2,D,2.0,2.0,1750.0,REJECTED,0.0,Insufficient history (2.0 vends/60d)
user_00922,42.3,D,0.0,7.0,2000.0,REJECTED,0.0,Low Score (Band D)
user_00923,47.5,D,1.0,11.0,2000.0,REJECTED,0.0,Low Score (Band D)
user_00924,39.7,D,4.0,7.0,1619.0,REJECTED,0.0,Low Score (Band D)
user_00925,74.4,B,4.0,6.0,197366.0,APPROVED,7500.0,Eligible
user_00926,48.0,D,7.0,5.0,1750.0,REJECTED,0.0,Insufficient history (5.0 vends/60d)
user_00927,42.8,D,0.0,11.0,2000.0,REJECTED,0.0,Low Score (Band D)
user_00928,48.8,D,2.0,10.0,2000.0,REJECTED,0.0,Low Score (Band D)
user_00929,37.7,D,19.0,6.0,1463.0,REJECTED,0.0,Low Score (Band D)
user_00930,47.2,D,2.0,10.0,1500.0,REJECTED,0.0,Low Score (Band D)
user_00931,43.1,D,3.0,6.0,2000.0,REJECTED,0.0,Low Score (Band D)
user_00932,71.3,B,3.0,7.0,50000.0,APPROVED,7500.0,Eligible
user_00933,32.3,D,1.0,4.0,1058.0,REJECTED,0.0,Insufficient history (4.0 vends/60d)
user_00934,65.8,B,27.0,1.0,56000.0,REJECTED,0.0,Insufficient history (1.0 vends/60d)
user_00935,36.7,D,5.0,4.0,1863.5,REJECTED,0.0,Insufficient history (4.0 vends/60d)
user_00936,43.9,D,1.0,10.0,2000.0,REJECTED,0.0,Low Score (Band D)
user_00937,44.4,D,0.0,10.0,2000.0,REJECTED,0.0,Low Score (Band D)
user_00938,36.9,D,1.0,4.0,1750.0,REJECTED,0.0,Insufficient history (4.0 vends/60d)
user_00939,45.2,D,2.0,8.0,1750.0,REJECTED,0.0,Low Score (Band D)
user_00940,59.3,C,0.0,1.0,32000.0,REJECTED,0.0,Insufficient history (1.0 vends/60d)
user_00941,39.2,D,1.0,11.0,1500.0,REJECTED,0.0,Low Score (Band D)
user_00942,43.1,D,2.0,7.0,1875.0,REJECTED,0.0,Low Score (Band D)
user_00943,44.6,D,3.0,9.0,2000.0,REJECTED,0.0,Low Score (Band D)
user_00944,46.3,D,0.0,10.0,2000.0,REJECTED,0.0,Low Score (Band D)
user_00945,67.8,B,8.0,9.0,50000.0,APPROVED,7500.0,Eligible
user_00946,63.1,C,1.0,4.0,49000.0,REJECTED,0.0,Insufficient history (4.0 vends/60d)
user_00947,36.9,D,15.0,3.0,1893.0,REJECTED,0.0,Insufficient history (3.0 vends/60d)
user_00948,71.4,B,2.0,9.0,50000.0,APPROVED,7500.0,Eligible
user_00949,71.9,B,0.0,10.0,50000.0,APPROVED,7500.0,Eligible
user_00950,51.5,C,4.0,2.0,4000.0,REJECTED,0.0,Insufficient history (2.0 vends/60d)
user_00951,38.9,D,3.0,5.0,2000.0,REJECTED,0.0,Insufficient history (5.0 vends/60d)
user_00952,44.1,D,1.0,6.0,2500.0,REJECTED,0.0,Low Score (Band D)
user_00953,40.1,D,5.0,3.0,2000.0,REJECTED,0.0,Insufficient history (3.0 vends/60d)
user_00954,45.1,D,1.0,3.0,2000.0,REJECTED,0.0,Insufficient history (3.0 vends/60d)
user_00955,66.7,B,9.0,5.0,61000.0,REJECTED,0.0,Insufficient history (5.0 vends/60d)
user_00956,51.2,C,1.0,4.0,4000.0,REJECTED,0.0,Insufficient history (4.0 vends/60d)
user_00957,33.8,D,1.0,4.0,1375.0,REJECTED,0.0,Insufficient history (4.0 vends/60d)
user_00958,43.1,D,2.0,8.0,2000.0,REJECTED,0.0,Low Score (Band D)
user_00959,29.8,D,0.0,4.0,1250.0,REJECTED,0.0,Insufficient history (4.0 vends/60d)
user_00960,70.5,B,4.0,6.0,51500.0,APPROVED,7500.0,Eligible
user_00961,40.7,D,0.0,10.0,1750.0,REJECTED,0.0,Low Score (Band D)
user_00962,62.2,C,1.0,3.0,62000.0,REJECTED,0.0,Insufficient history (3.0 vends/60d)
user_00963,38.7,D,24.0,3.0,1538.5,REJECTED,0.0,Insufficient history (3.0 vends/60d)
user_00964,36.9,D,6.0,9.0,1500.0,REJECTED,0.0,Low Score (Band D)
user_00965,75.2,B,6.0,11.0,64000.0,APPROVED,7500.0,Eligible
user_00966,74.0,B,0.0,10.0,71000.0,APPROVED,7500.0,Eligible
user_00967,43.5,D,4.0,9.0,2000.0,REJECTED,0.0,Low Score (Band D)
user_00968,68.4,B,0.0,8.0,53000.0,APPROVED,7500.0,Eligible
user_00969,44.9,D,4.0,6.0,2500.0,REJECTED,0.0,Low Score (Band D)
user_00970,38.7,D,31.0,4.0,1500.0,REJECTED,0.0,Insufficient history (4.0 vends/60d); Dormant (Last vend 31.0 days ago)
user_00971,70.9,B,1.0,10.0,50000.0,APPROVED,7500.0,Eligible
user_00972,37.3,D,0.0,5.0,1500.0,REJECTED,0.0,Insufficient history (5.0 vends/60d)
user_00973,44.0,D,2.0,10.0,1750.0,REJECTED,0.0,Low Score (Band D)
user_00974,42.2,D,12.0,8.0,1750.0,REJECTED,0.0,Low Score (Band D)
user_00975,65.6,B,5.0,1.0,50000.0,REJECTED,0.0,Insufficient history (1.0 vends/60d)
user_00976,39.2,D,11.0,4.0,2000.0,REJECTED,0.0,Insufficient history (4.0 vends/60d)
user_00977,41.7,D,0.0,4.0,2000.0,REJECTED,0.0,Insufficient history (4.0 vends/60d)
user_00978,44.9,D,0.0,9.0,2000.0,REJECTED,0.0,Low Score (Band D)
user_00979,44.8,D,3.0,12.0,2000.0,REJECTED,0.0,Low Score (Band D)
user_00980,37.2,D,28.0,4.0,2000.0,REJECTED,0.0,Insufficient history (4.0 vends/60d)
user_00981,50.7,C,1.0,10.0,1750.0,REJECTED,0.0,Calculated limit (875.0) below min threshold
user_00982,44.3,D,0.0,5.0,1894.0,REJECTED,0.0,Insufficient history (5.0 vends/60d)
user_00983,70.0,B,3.0,6.0,50000.0,APPROVED,7500.0,Eligible
user_00984,37.9,D,1.0,7.0,1500.0,REJECTED,0.0,Low Score (Band D)
user_00985,34.6,D,0.0,3.0,1937.5,REJECTED,0.0,Insufficient history (3.0 vends/60d)
user_00986,49.4,D,3.0,9.0,2250.0,REJECTED,0.0,Low Score (Band D)
user_00987,41.3,D,1.0,12.0,1500.0,REJECTED,0.0,Low Score (Band D)
user_00988,48.1,D,0.0,15.0,1750.0,REJECTED,0.0,Low Score (Band D)
user_00989,40.6,D,4.0,6.0,2000.0,REJECTED,0.0,Low Score (Band D)
user_00990,44.3,D,0.0,5.0,2000.0,REJECTED,0.0,Insufficient history (5.0 vends/60d)
user_00991,44.3,D,5.0,12.0,2000.0,REJECTED,0.0,Low Score (Band D)
user_00992,49.8,D,0.0,10.0,2000.0,REJECTED,0.0,Low Score (Band D)
user_00993,41.1,D,5.0,7.0,1750.0,REJECTED,0.0,Low Score (Band D)
user_00994,51.3,C,0.0,11.0,2000.0,REJECTED,0.0,Calculated limit (1000.0) below min threshold
user_00995,69.5,B,5.0,7.0,54000.0,APPROVED,7500.0,Eligible
user_00996,63.4,C,62.0,0.0,190000.0,REJECTED,0.0,Insufficient history (0.0 vends/60d); Dormant (Last vend 62.0 days ago)
user_00997,36.3,D,96.0,0.0,2250.0,REJECTED,0.0,Insufficient history (0.0 vends/60d); Dormant (Last vend 96.0 days ago)
user_00998,70.6,B,11.0,9.0,50000.0,APPROVED,7500.0,Eligible
user_00999,48.2,D,1.0,9.0,2000.0,REJECTED,0.0,Low Score (Band D)
user_01000,42.5,D,3.0,8.0,2000.0,REJECTED,0.0,Low Score (Band D)
user_01001,65.0,B,32.0,1.0,185214.0,REJECTED,0.0,Insufficient history (1.0 vends/60d); Dormant (Last vend 32.0 days ago)
user_01002,34.7,D,9.0,1.0,2000.0,REJECTED,0.0,Insufficient history (1.0 vends/60d)
user_01003,37.9,D,2.0,5.0,2000.0,REJECTED,0.0,Insufficient history (5.0 vends/60d)
user_01004,27.9,D,4.0,3.0,1000.0,REJECTED,0.0,Insufficient history (3.0 vends/60d)
user_01005,42.6,D,0.0,8.0,1500.0,REJECTED,0.0,Low Score (Band D)
user_01006,41.3,D,4.0,3.0,2000.0,REJECTED,0.0,Insufficient history (3.0 vends/60d)
user_01007,44.4,D,3.0,12.0,2000.0,REJECTED,0.0,Low Score (Band D)
user_01008,45.3,D,1.0,8.0,2000.0,REJECTED,0.0,Low Score (Band D)
user_01009,48.4,D,4.0,13.0,2000.0,REJECTED,0.0,Low Score (Band D)
user_01010,70.8,B,20.0,6.0,50000.0,APPROVED,7500.0,Eligible
user_01011,45.1,D,4.0,9.0,2000.0,REJECTED,0.0,Low Score (Band D)
user_01012,49.8,D,0.0,11.0,2000.0,REJECTED,0.0,Low Score (Band D)
user_01013,39.4,D,16.0,3.0,2500.0,REJECTED,0.0,Insufficient history (3.0 vends/60d)
user_01014,70.3,B,5.0,9.0,55000.0,APPROVED,7500.0,Eligible
user_01015,62.6,C,3.0,4.0,44000.0,REJECTED,0.0,Insufficient history (4.0 vends/60d)
user_01016,35.9,D,21.0,3.0,1750.0,REJECTED,0.0,Insufficient history (3.0 vends/60d)
user_01017,32.1,D,22.0,2.0,1375.0,REJECTED,0.0,Insufficient history (2.0 vends/60d)
user_01018,64.6,C,0.0,4.0,32000.0,REJECTED,0.0,Insufficient history (4.0 vends/60d)
user_01019,63.7,C,2.0,9.0,50000.0,APPROVED,5000.0,Eligible
user_01020,44.9,D,1.0,9.0,1590.0,REJECTED,0.0,Low Score (Band D)
user_01021,50.8,C,0.0,10.0,2000.0,REJECTED,0.0,Calculated limit (1000.0) below min threshold
user_01022,68.2,B,31.0,3.0,50000.0,REJECTED,0.0,Insufficient history (3.0 vends/60d); Dormant (Last vend 31.0 days ago)
user_01023,47.5,D,3.0,7.0,2000.0,REJECTED,0.0,Low Score (Band D)
user_01024,47.1,D,3.0,6.0,2750.0,REJECTED,0.0,Low Score (Band D)
user_01025,43.6,D,4.0,11.0,1500.0,REJECTED,0.0,Low Score (Band D)
user_01026,42.1,D,1.0,9.0,1999.0,REJECTED,0.0,Low Score (Band D)
user_01027,48.7,D,2.0,12.0,2000.0,REJECTED,0.0,Low Score (Band D)
user_01028,44.5,D,0.0,13.0,1727.0,REJECTED,0.0,Low Score (Band D)
user_01029,63.2,C,1.0,3.0,50000.0,REJECTED,0.0,Insufficient history (3.0 vends/60d)
user_01030,71.6,B,4.0,12.0,52000.0,APPROVED,7500.0,Eligible
user_01031,49.9,D,0.0,9.0,2000.0,REJECTED,0.0,Low Score (Band D)
user_01032,44.9,D,0.0,14.0,1931.0,REJECTED,0.0,Low Score (Band D)
user_01033,67.3,B,1.0,7.0,44000.0,APPROVED,7500.0,Eligible
user_01034,66.5,B,15.0,3.0,54500.0,REJECTED,0.0,Insufficient history (3.0 vends/60d)
user_01035,40.0,D,2.0,3.0,1833.5,REJECTED,0.0,Insufficient history (3.0 vends/60d)
user_01036,44.2,D,2.0,6.0,2000.0,REJECTED,0.0,Low Score (Band D)
user_01037,47.2,D,8.0,8.0,2000.0,REJECTED,0.0,Low Score (Band D)
user_01038,39.7,D,2.0,8.0,2000.0,REJECTED,0.0,Low Score (Band D)
user_01039,37.4,D,0.0,7.0,1500.0,REJECTED,0.0,Low Score (Band D)
user_01040,38.8,D,0.0,6.0,2000.0,REJECTED,0.0,Low Score (Band D)
user_01041,67.1,B,0.0,4.0,58000.0,REJECTED,0.0,Insufficient history (4.0 vends/60d)
user_01042,40.4,D,2.0,8.0,1500.0,REJECTED,0.0,Low Score (Band D)
user_01043,62.9,C,1.0,10.0,53000.0,APPROVED,5000.0,Eligible
user_01044,41.3,D,0.0,3.0,1951.5,REJECTED,0.0,Insufficient history (3.0 vends/60d)
user_01045,45.0,D,2.0,9.0,2000.0,REJECTED,0.0,Low Score (Band D)
user_01046,36.9,D,3.0,4.0,1812.5,REJECTED,0.0,Insufficient history (4.0 vends/60d)
user_01047,68.8,B,19.0,5.0,55000.0,REJECTED,0.0,Insufficient history (5.0 vends/60d)
user_01048,67.2,B,12.0,3.0,56500.0,REJECTED,0.0,Insufficient history (3.0 vends/60d)
user_01049,34.6,D,18.0,6.0,1500.0,REJECTED,0.0,Low Score (Band D)
user_01050,37.5,D,1.0,11.0,1445.0,REJECTED,0.0,Low Score (Band D)
user_01051,43.0,D,1.0,10.0,1500.0,REJECTED,0.0,Low Score (Band D)
user_01052,47.7,D,1.0,10.0,2000.0,REJECTED,0.0,Low Score (Band D)
user_01053,49.9,D,6.0,14.0,2000.0,REJECTED,0.0,Low Score (Band D)
user_01054,43.0,D,3.0,12.0,1937.5,REJECTED,0.0,Low Score (Band D)
user_01055,37.8,D,0.0,2.0,2625.0,REJECTED,0.0,Insufficient history (2.0 vends/60d)
user_01056,40.3,D,13.0,7.0,2000.0,REJECTED,0.0,Low Score (Band D)
user_01057,69.6,B,5.0,5.0,58000.0,REJECTED,0.0,Insufficient history (5.0 vends/60d)
user_01058,70.1,B,3.0,7.0,41500.0,APPROVED,7500.0,Eligible
user_01059,44.9,D,8.0,9.0,1500.0,REJECTED,0.0,Low Score (Band D)
user_01060,42.9,D,0.0,4.0,2750.0,REJECTED,0.0,Insufficient history (4.0 vends/60d)
user_01061,43.9,D,0.0,8.0,2000.0,REJECTED,0.0,Low Score (Band D)
user_01062,37.2,D,0.0,11.0,1500.0,REJECTED,0.0,Low Score (Band D)
user_01063,44.5,D,61.0,0.0,2000.0,REJECTED,0.0,Insufficient history (0.0 vends/60d); Dormant (Last vend 61.0 days ago)
user_01064,42.7,D,4.0,13.0,1153.0,REJECTED,0.0,Low Score (Band D)
user_01065,36.1,D,22.0,1.0,2000.0,REJECTED,0.0,Insufficient history (1.0 vends/60d)
user_01066,43.9,D,0.0,10.0,2000.0,REJECTED,0.0,Low Score (Band D)
user_01067,71.7,B,8.0,6.0,50000.0,APPROVED,7500.0,Eligible
user_01068,43.9,D,1.0,5.0,1500.0,REJECTED,0.0,Insufficient history (5.0 vends/60d)
user_01069,45.5,D,1.0,12.0,2000.0,REJECTED,0.0,Low Score (Band D)
user_01070,43.5,D,2.0,8.0,1912.5,REJECTED,0.0,Low Score (Band D)
user_01071,67.9,B,4.0,5.0,65000.0,REJECTED,0.0,Insufficient history (5.0 vends/60d)
user_01072,43.0,D,3.0,6.0,2000.0,REJECTED,0.0,Low Score (Band D)
user_01073,68.4,B,5.0,8.0,40000.0,APPROVED,7500.0,Eligible
user_01074,41.1,D,29.0,3.0,3375.0,REJECTED,0.0,Insufficient history (3.0 vends/60d)
user_01075,52.9,C,3.0,11.0,3000.0,REJECTED,0.0,Calculated limit (1500.0) below min threshold
user_01076,44.5,D,0.0,1.0,2000.0,REJECTED,0.0,Insufficient history (1.0 vends/60d)
user_01077,45.7,D,3.0,12.0,2000.0,REJECTED,0.0,Low Score (Band D)
user_01078,44.3,D,3.0,6.0,2000.0,REJECTED,0.0,Low Score (Band D)
user_01079,46.1,D,0.0,8.0,2000.0,REJECTED,0.0,Low Score (Band D)
user_01080,70.0,B,2.0,5.0,53500.0,REJECTED,0.0,Insufficient history (5.0 vends/60d)
user_01081,39.3,D,6.0,8.0,2000.0,REJECTED,0.0,Low Score (Band D)
user_01082,42.7,D,1.0,11.0,1750.0,REJECTED,0.0,Low Score (Band D)
user_01083,76.0,B,3.0,7.0,173393.0,APPROVED,7500.0,Eligible
user_01084,39.6,D,0.0,4.0,1500.0,REJECTED,0.0,Insufficient history (4.0 vends/60d)
user_01085,72.0,B,9.0,10.0,53000.0,APPROVED,7500.0,Eligible
user_01086,36.7,D,2.0,3.0,2000.0,REJECTED,0.0,Insufficient history (3.0 vends/60d)
user_01087,46.1,D,1.0,11.0,2000.0,REJECTED,0.0,Low Score (Band D)
user_01088,39.0,D,4.0,4.0,2000.0,REJECTED,0.0,Insufficient history (4.0 vends/60d)
user_01089,32.6,D,4.0,3.0,1000.0,REJECTED,0.0,Insufficient history (3.0 vends/60d)
user_01090,43.9,D,2.0,7.0,2000.0,REJECTED,0.0,Low Score (Band D)
user_01091,63.7,C,11.0,4.0,62000.0,REJECTED,0.0,Insufficient history (4.0 vends/60d)
user_01092,72.4,B,5.0,7.0,68000.0,APPROVED,7500.0,Eligible
user_01093,64.6,C,4.0,8.0,46000.0,APPROVED,5000.0,Eligible
user_01094,45.2,D,2.0,4.0,2000.0,REJECTED,0.0,Insufficient history (4.0 vends/60d)
user_01095,51.4,C,0.0,10.0,2000.0,REJECTED,0.0,Calculated limit (1000.0) below min threshold
user_01096,40.1,D,0.0,7.0,1750.0,REJECTED,0.0,Low Score (Band D)
user_01097,48.9,D,4.0,12.0,2000.0,REJECTED,0.0,Low Score (Band D)
user_01098,46.3,D,0.0,6.0,2000.0,REJECTED,0.0,Low Score (Band D)
user_01099,42.4,D,11.0,7.0,2000.0,REJECTED,0.0,Low Score (Band D)
user_01100,47.6,D,2.0,9.0,2000.0,REJECTED,0.0,Low Score (Band D)
user_01101,67.6,B,0.0,8.0,50000.0,APPROVED,7500.0,Eligible
user_01102,42.5,D,4.0,5.0,2000.0,REJECTED,0.0,Insufficient history (5.0 vends/60d)
user_01103,49.1,D,4.0,3.0,2000.0,REJECTED,0.0,Insufficient history (3.0 vends/60d)
user_01104,40.3,D,3.0,2.0,1500.0,REJECTED,0.0,Insufficient history (2.0 vends/60d)
user_01105,44.6,D,1.0,10.0,2000.0,REJECTED,0.0,Low Score (Band D)
user_01106,40.1,D,5.0,4.0,2500.0,REJECTED,0.0,Insufficient history (4.0 vends/60d)
user_01107,40.9,D,6.0,10.0,2000.0,REJECTED,0.0,Low Score (Band D)
user_01108,61.7,C,0.0,2.0,44500.0,REJECTED,0.0,Insufficient history (2.0 vends/60d)
user_01109,33.7,D,12.0,2.0,1625.0,REJECTED,0.0,Insufficient history (2.0 vends/60d)
user_01110,39.6,D,1.0,1.0,1500.0,REJECTED,0.0,Insufficient history (1.0 vends/60d)
user_01111,43.9,D,7.0,10.0,1750.0,REJECTED,0.0,Low Score (Band D)
user_01112,62.5,C,94.0,0.0,200000.0,REJECTED,0.0,Insufficient history (0.0 vends/60d); Dormant (Last vend 94.0 days ago)
user_01113,47.9,D,4.0,4.0,2000.0,REJECTED,0.0,Insufficient history (4.0 vends/60d)
user_01114,41.0,D,4.0,2.0,2000.0,REJECTED,0.0,Insufficient history (2.0 vends/60d)
user_01115,45.6,D,8.0,4.0,2000.0,REJECTED,0.0,Insufficient history (4.0 vends/60d)
user_01116,46.0,D,0.0,8.0,2000.0,REJECTED,0.0,Low Score (Band D)
user_01117,38.5,D,0.0,10.0,1500.0,REJECTED,0.0,Low Score (Band D)
user_01118,47.3,D,2.0,11.0,2000.0,REJECTED,0.0,Low Score (Band D)
user_01119,41.3,D,1.0,9.0,2000.0,REJECTED,0.0,Low Score (Band D)
user_01120,41.5,D,29.0,4.0,1500.0,REJECTED,0.0,Insufficient history (4.0 vends/60d)
user_01121,37.7,D,2.0,4.0,2152.5,REJECTED,0.0,Insufficient history (4.0 vends/60d)
user_01122,48.4,D,11.0,4.0,1997.0,REJECTED,0.0,Insufficient history (4.0 vends/60d)
user_01123,43.3,D,2.0,6.0,2500.0,REJECTED,0.0,Low Score (Band D)
user_01124,69.8,B,2.0,8.0,60500.0,APPROVED,7500.0,Eligible
user_01125,41.1,D,9.0,4.0,2000.0,REJECTED,0.0,Insufficient history (4.0 vends/60d)
user_01126,73.9,B,3.0,11.0,180000.0,APPROVED,7500.0,Eligible
user_01127,37.0,D,4.0,6.0,1500.0,REJECTED,0.0,Low Score (Band D)
user_01128,44.3,D,16.0,8.0,1750.0,REJECTED,0.0,Low Score (Band D)
user_01129,39.6,D,3.0,4.0,2193.0,REJECTED,0.0,Insufficient history (4.0 vends/60d)
user_01130,43.1,D,19.0,7.0,1500.0,REJECTED,0.0,Low Score (Band D)
user_01131,33.0,D,1.0,2.0,1875.0,REJECTED,0.0,Insufficient history (2.0 vends/60d)
user_01132,44.9,D,1.0,8.0,2000.0,REJECTED,0.0,Low Score (Band D)
user_01133,41.2,D,1.0,8.0,1971.0,REJECTED,0.0,Low Score (Band D)
user_01134,50.2,C,1.0,13.0,2500.0,REJECTED,0.0,Calculated limit (1250.0) below min threshold
user_01135,68.5,B,6.0,8.0,50000.0,APPROVED,7500.0,Eligible
user_01136,69.1,B,1.0,5.0,50000.0,REJECTED,0.0,Insufficient history (5.0 vends/60d)
user_01137,38.8,D,4.0,4.0,1557.0,REJECTED,0.0,Insufficient history (4.0 vends/60d)
user_01138,40.0,D,3.0,7.0,1750.0,REJECTED,0.0,Low Score (Band D)
user_01139,72.5,B,2.0,8.0,165000.0,APPROVED,7500.0,Eligible
user_01140,45.3,D,13.0,11.0,1937.5,REJECTED,0.0,Low Score (Band D)
user_01141,66.1,B,1.0,3.0,172251.0,REJECTED,0.0,Insufficient history (3.0 vends/60d)
user_01142,44.0,D,3.0,9.0,2000.0,REJECTED,0.0,Low Score (Band D)
user_01143,49.8,D,0.0,17.0,2000.0,REJECTED,0.0,Low Score (Band D)
user_01144,47.0,D,3.0,9.0,2000.0,REJECTED,0.0,Low Score (Band D)
user_01145,44.1,D,4.0,10.0,2000.0,REJECTED,0.0,Low Score (Band D)
user_01146,48.4,D,2.0,9.0,1500.0,REJECTED,0.0,Low Score (Band D)
user_01147,39.2,D,11.0,6.0,1875.0,REJECTED,0.0,Low Score (Band D)
user_01148,40.9,D,2.0,7.0,2000.0,REJECTED,0.0,Low Score (Band D)
user_01149,65.7,B,0.0,7.0,45000.0,APPROVED,7500.0,Eligible
user_01150,45.8,D,0.0,6.0,2000.0,REJECTED,0.0,Low Score (Band D)
user_01151,50.3,C,1.0,14.0,2000.0,REJECTED,0.0,Calculated limit (1000.0) below min threshold
user_01152,38.1,D,0.0,2.0,2875.0,REJECTED,0.0,Insufficient history (2.0 vends/60d)
user_01153,63.8,C,12.0,3.0,38000.0,REJECTED,0.0,Insufficient history (3.0 vends/60d)
user_01154,70.2,B,10.0,9.0,60000.0,APPROVED,7500.0,Eligible
user_01155,36.1,D,2.0,2.0,2000.0,REJECTED,0.0,Insufficient history (2.0 vends/60d)
user_01156,73.7,B,1.0,8.0,67000.0,APPROVED,7500.0,Eligible
user_01157,41.6,D,17.0,5.0,1750.0,REJECTED,0.0,Insufficient history (5.0 vends/60d)
user_01158,63.4,C,2.0,3.0,50000.0,REJECTED,0.0,Insufficient history (3.0 vends/60d)
user_01159,34.6,D,0.0,2.0,1250.0,REJECTED,0.0,Insufficient history (2.0 vends/60d)
user_01160,49.4,D,10.0,10.0,2000.0,REJECTED,0.0,Low Score (Band D)
user_01161,39.5,D,0.0,6.0,1500.0,REJECTED,0.0,Low Score (Band D)
user_01162,63.9,C,16.0,3.0,56000.0,REJECTED,0.0,Insufficient history (3.0 vends/60d)
user_01163,39.8,D,0.0,4.0,2000.0,REJECTED,0.0,Insufficient history (4.0 vends/60d)
user_01164,71.4,B,1.0,9.0,55000.0,APPROVED,7500.0,Eligible
user_01165,60.4,C,5.0,2.0,40000.0,REJECTED,0.0,Insufficient history (2.0 vends/60d)
user_01166,47.8,D,0.0,3.0,2083.0,REJECTED,0.0,Insufficient history (3.0 vends/60d)
user_01167,37.3,D,0.0,5.0,2035.0,REJECTED,0.0,Insufficient history (5.0 vends/60d)
user_01168,28.6,D,2.0,2.0,1000.0,REJECTED,0.0,Insufficient history (2.0 vends/60d)
user_01169,42.6,D,2.0,11.0,2000.0,REJECTED,0.0,Low Score (Band D)
user_01170,41.7,D,2.0,8.0,2000.0,REJECTED,0.0,Low Score (Band D)
user_01171,32.8,D,0.0,3.0,1661.0,REJECTED,0.0,Insufficient history (3.0 vends/60d)
user_01172,69.1,B,34.0,2.0,43500.0,REJECTED,0.0,Insufficient history (2.0 vends/60d); Dormant (Last vend 34.0 days ago)
user_01173,63.3,C,12.0,2.0,80000.0,REJECTED,0.0,Insufficient history (2.0 vends/60d)
user_01174,32.3,D,6.0,3.0,1500.0,REJECTED,0.0,Insufficient history (3.0 vends/60d)
user_01175,46.8,D,3.0,2.0,1875.0,REJECTED,0.0,Insufficient history (2.0 vends/60d)
user_01176,38.4,D,65.0,0.0,2000.0,REJECTED,0.0,Insufficient history (0.0 vends/60d); Dormant (Last vend 65.0 days ago)
user_01177,43.9,D,2.0,12.0,2000.0,REJECTED,0.0,Low Score (Band D)
user_01178,42.1,D,0.0,5.0,1500.0,REJECTED,0.0,Insufficient history (5.0 vends/60d)
user_01179,42.8,D,0.0,11.0,2000.0,REJECTED,0.0,Low Score (Band D)
user_01180,67.8,B,5.0,4.0,74000.0,REJECTED,0.0,Insufficient history (4.0 vends/60d)
user_01181,40.9,D,25.0,11.0,1750.0,REJECTED,0.0,Low Score (Band D)
user_01182,43.1,D,2.0,5.0,1750.0,REJECTED,0.0,Insufficient history (5.0 vends/60d)
user_01183,46.5,D,22.0,3.0,3000.0,REJECTED,0.0,Insufficient history (3.0 vends/60d)
user_01184,73.8,B,1.0,11.0,180000.0,APPROVED,7500.0,Eligible
user_01185,47.3,D,2.0,12.0,3000.0,REJECTED,0.0,Low Score (Band D)
user_01186,40.9,D,6.0,5.0,1307.5,REJECTED,0.0,Insufficient history (5.0 vends/60d)
user_01187,31.9,D,5.0,2.0,1500.0,REJECTED,0.0,Insufficient history (2.0 vends/60d)
user_01188,44.1,D,0.0,8.0,2000.0,REJECTED,0.0,Low Score (Band D)
user_01189,52.0,C,2.0,8.0,3000.0,REJECTED,0.0,Calculated limit (1500.0) below min threshold
user_01190,43.9,D,8.0,8.0,2000.0,REJECTED,0.0,Low Score (Band D)
user_01191,36.4,D,0.0,4.0,2000.0,REJECTED,0.0,Insufficient history (4.0 vends/60d)
user_01192,41.0,D,5.0,6.0,2000.0,REJECTED,0.0,Low Score (Band D)
user_01193,40.3,D,5.0,12.0,1500.0,REJECTED,0.0,Low Score (Band D)
user_01194,41.7,D,5.0,4.0,2500.0,REJECTED,0.0,Insufficient history (4.0 vends/60d)
user_01195,57.6,C,9.0,2.0,32000.0,REJECTED,0.0,Insufficient history (2.0 vends/60d)
user_01196,65.8,B,33.0,2.0,44500.0,REJECTED,0.0,Insufficient history (2.0 vends/60d); Dormant (Last vend 33.0 days ago)
user_01197,50.2,C,2.0,10.0,2669.0,REJECTED,0.0,Calculated limit (1334.5) below min threshold
user_01198,38.0,D,5.0,5.0,1716.0,REJECTED,0.0,Insufficient history (5.0 vends/60d)
user_01199,38.5,D,4.0,8.0,1375.0,REJECTED,0.0,Low Score (Band D)
user_01200,46.9,D,16.0,6.0,2000.0,REJECTED,0.0,Low Score (Band D)
user_01201,45.9,D,14.0,9.0,1750.0,REJECTED,0.0,Low Score (Band D)
user_01202,43.3,D,1.0,12.0,1665.5,REJECTED,0.0,Low Score (Band D)
user_01203,42.0,D,5.0,7.0,1750.0,REJECTED,0.0,Low Score (Band D)
user_01204,45.4,D,0.0,9.0,2000.0,REJECTED,0.0,Low Score (Band D)
user_01205,60.8,C,33.0,1.0,180000.0,REJECTED,0.0,Insufficient history (1.0 vends/60d); Dormant (Last vend 33.0 days ago)
user_01206,38.8,D,0.0,9.0,1500.0,REJECTED,0.0,Low Score (Band D)
user_01207,37.8,D,4.0,4.0,1500.0,REJECTED,0.0,Insufficient history (4.0 vends/60d)
user_01208,60.9,C,1.0,2.0,32000.0,REJECTED,0.0,Insufficient history (2.0 vends/60d)
user_01209,71.6,B,0.0,8.0,40000.0,APPROVED,7500.0,Eligible
user_01210,44.9,D,1.0,4.0,2000.0,REJECTED,0.0,Insufficient history (4.0 vends/60d)
user_01211,41.9,D,3.0,10.0,1500.0,REJECTED,0.0,Low Score (Band D)
user_01212,46.0,D,9.0,5.0,1750.0,REJECTED,0.0,Insufficient history (5.0 vends/60d)
user_01213,47.8,D,6.0,7.0,2000.0,REJECTED,0.0,Low Score (Band D)
user_01214,41.7,D,1.0,5.0,2422.5,REJECTED,0.0,Insufficient history (5.0 vends/60d)
user_01215,42.9,D,3.0,5.0,2000.0,REJECTED,0.0,Insufficient history (5.0 vends/60d)
user_01216,48.7,D,1.0,6.0,2000.0,REJECTED,0.0,Low Score (Band D)
user_01217,47.5,D,8.0,5.0,2000.0,REJECTED,0.0,Insufficient history (5.0 vends/60d)
user_01218,37.6,D,1.0,6.0,2000.0,REJECTED,0.0,Low Score (Band D)
user_01219,45.2,D,6.0,6.0,2000.0,REJECTED,0.0,Low Score (Band D)
user_01220,48.0,D,3.0,13.0,2000.0,REJECTED,0.0,Low Score (Band D)
user_01221,62.9,C,0.0,2.0,50000.0,REJECTED,0.0,Insufficient history (2.0 vends/60d)
user_01222,43.9,D,3.0,13.0,1500.0,REJECTED,0.0,Low Score (Band D)
user_01223,70.7,B,5.0,6.0,50000.0,APPROVED,7500.0,Eligible
user_01224,38.2,D,2.0,3.0,2000.0,REJECTED,0.0,Insufficient history (3.0 vends/60d)
user_01225,45.5,D,5.0,1.0,3750.0,REJECTED,0.0,Insufficient history (1.0 vends/60d)
user_01226,71.7,B,3.0,13.0,51500.0,APPROVED,7500.0,Eligible
user_01227,48.6,D,0.0,11.0,2000.0,REJECTED,0.0,Low Score (Band D)
user_01228,40.5,D,2.0,9.0,1750.0,REJECTED,0.0,Low Score (Band D)
user_01229,35.2,D,11.0,4.0,1875.0,REJECTED,0.0,Insufficient history (4.0 vends/60d)
user_01230,44.9,D,0.0,10.0,2000.0,REJECTED,0.0,Low Score (Band D)
user_01231,70.5,B,4.0,8.0,50000.0,APPROVED,7500.0,Eligible
user_01232,42.9,D,3.0,7.0,2000.0,REJECTED,0.0,Low Score (Band D)
user_01233,37.2,D,3.0,7.0,1250.0,REJECTED,0.0,Low Score (Band D)
user_01234,42.8,D,4.0,5.0,1500.0,REJECTED,0.0,Insufficient history (5.0 vends/60d)
user_01235,68.0,B,1.0,8.0,43000.0,APPROVED,7500.0,Eligible
user_01236,44.1,D,1.0,7.0,1750.0,REJECTED,0.0,Low Score (Band D)
user_01237,37.5,D,0.0,4.0,2000.0,REJECTED,0.0,Insufficient history (4.0 vends/60d)
user_01238,70.1,B,0.0,17.0,44000.0,APPROVED,7500.0,Eligible
user_01239,42.2,D,5.0,7.0,2000.0,REJECTED,0.0,Low Score (Band D)
user_01240,47.0,D,7.0,9.0,2500.0,REJECTED,0.0,Low Score (Band D)
user_01241,39.9,D,0.0,5.0,2000.0,REJECTED,0.0,Insufficient history (5.0 vends/60d)
user_01242,45.6,D,0.0,10.0,2000.0,REJECTED,0.0,Low Score (Band D)
user_01243,70.5,B,1.0,6.0,48000.0,APPROVED,7500.0,Eligible
user_01244,70.4,B,7.0,7.0,180000.0,APPROVED,7500.0,Eligible
user_01245,40.6,D,3.0,7.0,2000.0,REJECTED,0.0,Low Score (Band D)
user_01246,46.2,D,2.0,11.0,2000.0,REJECTED,0.0,Low Score (Band D)
user_01247,43.9,D,3.0,7.0,2000.0,REJECTED,0.0,Low Score (Band D)
user_01248,75.0,B,0.0,10.0,63000.0,APPROVED,7500.0,Eligible
user_01249,70.4,B,27.0,6.0,40000.0,APPROVED,7500.0,Eligible
user_01250,45.0,D,28.0,2.0,1500.0,REJECTED,0.0,Insufficient history (2.0 vends/60d)
user_01251,49.3,D,1.0,8.0,2500.0,REJECTED,0.0,Low Score (Band D)
user_01252,44.1,D,3.0,7.0,1750.0,REJECTED,0.0,Low Score (Band D)
user_01253,35.3,D,3.0,3.0,1500.0,REJECTED,0.0,Insufficient history (3.0 vends/60d)
user_01254,40.6,D,5.0,4.0,2000.0,REJECTED,0.0,Insufficient history (4.0 vends/60d)
user_01255,41.6,D,6.0,9.0,1868.5,REJECTED,0.0,Low Score (Band D)
user_01256,65.8,B,4.0,5.0,50000.0,REJECTED,0.0,Insufficient history (5.0 vends/60d)
user_01257,46.9,D,1.0,12.0,2000.0,REJECTED,0.0,Low Score (Band D)
user_01258,41.1,D,1.0,10.0,1501.0,REJECTED,0.0,Low Score (Band D)
user_01259,38.1,D,0.0,5.0,1750.0,REJECTED,0.0,Insufficient history (5.0 vends/60d)
user_01260,69.8,B,2.0,4.0,180000.0,REJECTED,0.0,Insufficient history (4.0 vends/60d)
user_01261,46.7,D,1.0,7.0,2000.0,REJECTED,0.0,Low Score (Band D)
user_01262,36.3,D,1.0,9.0,1500.0,REJECTED,0.0,Low Score (Band D)
user_01263,41.6,D,1.0,8.0,2000.0,REJECTED,0.0,Low Score (Band D)
user_01264,41.5,D,0.0,13.0,1500.0,REJECTED,0.0,Low Score (Band D)
user_01265,62.1,C,63.0,0.0,198842.5,REJECTED,0.0,Insufficient history (0.0 vends/60d); Dormant (Last vend 63.0 days ago)
user_01266,71.6,B,2.0,7.0,69000.0,APPROVED,7500.0,Eligible
user_01267,43.8,D,1.0,12.0,2000.0,REJECTED,0.0,Low Score (Band D)
user_01268,45.8,D,5.0,7.0,2000.0,REJECTED,0.0,Low Score (Band D)
user_01269,42.1,D,2.0,6.0,1815.5,REJECTED,0.0,Low Score (Band D)
user_01270,36.2,D,0.0,4.0,1500.0,REJECTED,0.0,Insufficient history (4.0 vends/60d)
user_01271,45.6,D,4.0,6.0,2500.0,REJECTED,0.0,Low Score (Band D)
user_01272,45.9,D,1.0,7.0,1875.0,REJECTED,0.0,Low Score (Band D)
user_01273,42.5,D,0.0,6.0,1996.0,REJECTED,0.0,Low Score (Band D)
user_01274,41.9,D,2.0,12.0,1500.0,REJECTED,0.0,Low Score (Band D)
user_01275,40.5,D,6.0,5.0,2000.0,REJECTED,0.0,Insufficient history (5.0 vends/60d)
user_01276,40.6,D,6.0,4.0,2500.0,REJECTED,0.0,Insufficient history (4.0 vends/60d)
user_01277,64.9,C,53.0,1.0,200000.0,REJECTED,0.0,Insufficient history (1.0 vends/60d); Dormant (Last vend 53.0 days ago)
user_01278,64.3,C,2.0,2.0,46000.0,REJECTED,0.0,Insufficient history (2.0 vends/60d)
user_01279,71.2,B,32.0,3.0,185082.0,REJECTED,0.0,Insufficient history (3.0 vends/60d); Dormant (Last vend 32.0 days ago)
user_01280,36.0,D,3.0,4.0,2000.0,REJECTED,0.0,Insufficient history (4.0 vends/60d)
user_01281,69.0,B,3.0,6.0,47000.0,APPROVED,7500.0,Eligible
user_01282,40.4,D,1.0,4.0,2500.0,REJECTED,0.0,Insufficient history (4.0 vends/60d)
user_01283,72.5,B,2.0,9.0,66500.0,APPROVED,7500.0,Eligible
user_01284,43.4,D,0.0,3.0,2000.0,REJECTED,0.0,Insufficient history (3.0 vends/60d)
user_01285,42.8,D,12.0,7.0,2000.0,REJECTED,0.0,Low Score (Band D)
user_01286,42.0,D,9.0,6.0,1875.0,REJECTED,0.0,Low Score (Band D)
user_01287,47.6,D,2.0,13.0,2000.0,REJECTED,0.0,Low Score (Band D)
user_01288,44.9,D,18.0,4.0,2000.0,REJECTED,0.0,Insufficient history (4.0 vends/60d)
user_01289,45.6,D,15.0,5.0,1750.0,REJECTED,0.0,Insufficient history (5.0 vends/60d)
user_01290,48.6,D,4.0,8.0,2000.0,REJECTED,0.0,Low Score (Band D)
user_01291,44.7,D,0.0,10.0,1832.0,REJECTED,0.0,Low Score (Band D)
user_01292,36.6,D,26.0,3.0,1750.0,REJECTED,0.0,Insufficient history (3.0 vends/60d)
user_01293,43.8,D,0.0,5.0,2000.0,REJECTED,0.0,Insufficient history (5.0 vends/60d)
user_01294,43.6,D,0.0,3.0,2250.0,REJECTED,0.0,Insufficient history (3.0 vends/60d)
user_01295,40.2,D,3.0,2.0,1750.0,REJECTED,0.0,Insufficient history (2.0 vends/60d)
user_01296,36.3,D,4.0,5.0,1500.0,REJECTED,0.0,Insufficient history (5.0 vends/60d)
user_01297,41.2,D,0.0,8.0,2000.0,REJECTED,0.0,Low Score (Band D)
user_01298,44.7,D,2.0,9.0,1850.0,REJECTED,0.0,Low Score (Band D)
user_01299,45.0,D,5.0,6.0,2000.0,REJECTED,0.0,Low Score (Band D)
user_01300,40.9,D,56.0,1.0,1758.0,REJECTED,0.0,Insufficient history (1.0 vends/60d); Dormant (Last vend 56.0 days ago)
user_01301,40.2,D,19.0,5.0,2000.0,REJECTED,0.0,Insufficient history (5.0 vends/60d)
user_01302,70.7,B,4.0,12.0,68000.0,APPROVED,7500.0,Eligible
user_01303,43.0,D,6.0,11.0,2000.0,REJECTED,0.0,Low Score (Band D)
user_01304,64.9,C,30.0,2.0,44000.0,REJECTED,0.0,Insufficient history (2.0 vends/60d)
user_01305,42.6,D,1.0,9.0,2000.0,REJECTED,0.0,Low Score (Band D)
user_01306,46.0,D,3.0,11.0,2000.0,REJECTED,0.0,Low Score (Band D)
user_01307,44.3,D,0.0,10.0,2000.0,REJECTED,0.0,Low Score (Band D)
user_01308,49.6,D,0.0,8.0,2500.0,REJECTED,0.0,Low Score (Band D)
user_01309,47.0,D,2.0,12.0,2000.0,REJECTED,0.0,Low Score (Band D)
user_01310,38.4,D,4.0,4.0,1625.0,REJECTED,0.0,Insufficient history (4.0 vends/60d)
user_01311,69.7,B,3.0,8.0,50000.0,APPROVED,7500.0,Eligible
user_01312,45.5,D,7.0,7.0,2000.0,REJECTED,0.0,Low Score (Band D)
user_01313,44.1,D,1.0,8.0,1982.0,REJECTED,0.0,Low Score (Band D)
user_01314,67.4,B,5.0,9.0,50000.0,APPROVED,7500.0,Eligible
user_01315,32.3,D,4.0,3.0,1125.0,REJECTED,0.0,Insufficient history (3.0 vends/60d)
user_01316,42.2,D,1.0,8.0,1750.0,REJECTED,0.0,Low Score (Band D)
user_01317,71.8,B,15.0,7.0,180000.0,APPROVED,7500.0,Eligible
user_01318,74.2,B,2.0,13.0,168440.0,APPROVED,7500.0,Eligible
user_01319,70.3,B,8.0,10.0,60000.0,APPROVED,7500.0,Eligible
user_01320,44.1,D,3.0,8.0,2000.0,REJECTED,0.0,Low Score (Band D)
user_01321,43.2,D,1.0,15.0,1500.0,REJECTED,0.0,Low Score (Band D)
user_01322,33.5,D,1.0,3.0,1500.0,REJECTED,0.0,Insufficient history (3.0 vends/60d)
user_01323,71.7,B,4.0,11.0,181949.5,APPROVED,7500.0,Eligible
user_01324,44.8,D,5.0,8.0,2000.0,REJECTED,0.0,Low Score (Band D)
user_01325,41.7,D,9.0,6.0,2000.0,REJECTED,0.0,Low Score (Band D)
user_01326,43.0,D,2.0,6.0,2000.0,REJECTED,0.0,Low Score (Band D)
user_01327,63.8,C,35.0,4.0,119686.0,REJECTED,0.0,Insufficient history (4.0 vends/60d); Dormant (Last vend 35.0 days ago)
user_01328,46.9,D,0.0,10.0,2000.0,REJECTED,0.0,Low Score (Band D)
user_01329,40.9,D,4.0,6.0,1530.0,REJECTED,0.0,Low Score (Band D)
user_01330,44.1,D,2.0,9.0,2000.0,REJECTED,0.0,Low Score (Band D)
user_01331,44.6,D,12.0,6.0,2000.0,REJECTED,0.0,Low Score (Band D)
user_01332,40.4,D,36.0,3.0,2172.5,REJECTED,0.0,Insufficient history (3.0 vends/60d); Dormant (Last vend 36.0 days ago)
user_01333,36.5,D,23.0,5.0,1750.0,REJECTED,0.0,Insufficient history (5.0 vends/60d)
user_01334,41.7,D,0.0,11.0,1500.0,REJECTED,0.0,Low Score (Band D)
user_01335,47.6,D,0.0,15.0,1536.0,REJECTED,0.0,Low Score (Band D)
user_01336,42.0,D,1.0,5.0,2000.0,REJECTED,0.0,Insufficient history (5.0 vends/60d)
user_01337,42.9,D,0.0,8.0,2000.0,REJECTED,0.0,Low Score (Band D)
user_01338,33.3,D,2.0,4.0,1625.0,REJECTED,0.0,Insufficient history (4.0 vends/60d)
user_01339,74.6,B,2.0,7.0,200000.0,APPROVED,7500.0,Eligible
user_01340,41.0,D,9.0,12.0,1500.0,REJECTED,0.0,Low Score (Band D)
user_01341,44.4,D,11.0,8.0,1500.0,REJECTED,0.0,Low Score (Band D)
user_01342,37.6,D,4.0,4.0,2000.0,REJECTED,0.0,Insufficient history (4.0 vends/60d)
user_01343,43.2,D,0.0,10.0,2000.0,REJECTED,0.0,Low Score (Band D)
user_01344,45.1,D,0.0,6.0,2000.0,REJECTED,0.0,Low Score (Band D)
user_01345,43.2,D,0.0,11.0,2000.0,REJECTED,0.0,Low Score (Band D)
user_01346,44.0,D,3.0,13.0,2000.0,REJECTED,0.0,Low Score (Band D)
user_01347,39.8,D,0.0,9.0,1750.0,REJECTED,0.0,Low Score (Band D)
user_01348,44.0,D,1.0,5.0,2000.0,REJECTED,0.0,Insufficient history (5.0 vends/60d)
user_01349,43.3,D,33.0,3.0,1937.5,REJECTED,0.0,Insufficient history (3.0 vends/60d); Dormant (Last vend 33.0 days ago)
user_01350,44.2,D,2.0,9.0,1500.0,REJECTED,0.0,Low Score (Band D)
user_01351,42.8,D,34.0,1.0,1500.0,REJECTED,0.0,Insufficient history (1.0 vends/60d); Dormant (Last vend 34.0 days ago)
user_01352,75.6,B,5.0,6.0,200000.0,APPROVED,7500.0,Eligible
user_01353,69.4,B,6.0,6.0,51000.0,APPROVED,7500.0,Eligible
user_01354,49.6,D,1.0,13.0,2000.0,REJECTED,0.0,Low Score (Band D)
user_01355,36.3,D,4.0,4.0,2000.0,REJECTED,0.0,Insufficient history (4.0 vends/60d)
user_01356,47.7,D,4.0,10.0,2000.0,REJECTED,0.0,Low Score (Band D)
user_01357,54.7,C,2.0,10.0,2500.0,REJECTED,0.0,Calculated limit (1250.0) below min threshold
user_01358,72.5,B,3.0,8.0,63500.0,APPROVED,7500.0,Eligible
user_01359,31.6,D,1.0,4.0,1234.0,REJECTED,0.0,Insufficient history (4.0 vends/60d)
user_01360,43.7,D,16.0,4.0,2345.0,REJECTED,0.0,Insufficient history (4.0 vends/60d)
user_01361,49.0,D,6.0,9.0,2000.0,REJECTED,0.0,Low Score (Band D)
user_01362,33.0,D,15.0,4.0,1687.5,REJECTED,0.0,Insufficient history (4.0 vends/60d)
user_01363,35.9,D,0.0,11.0,1000.0,REJECTED,0.0,Low Score (Band D)
user_01364,40.2,D,1.0,7.0,1750.0,REJECTED,0.0,Low Score (Band D)
user_01365,49.4,D,4.0,6.0,2000.0,REJECTED,0.0,Low Score (Band D)
user_01366,68.1,B,4.0,3.0,63000.0,REJECTED,0.0,Insufficient history (3.0 vends/60d)
user_01367,33.7,D,7.0,2.0,1750.0,REJECTED,0.0,Insufficient history (2.0 vends/60d)
user_01368,62.4,C,5.0,3.0,50000.0,REJECTED,0.0,Insufficient history (3.0 vends/60d)
user_01369,42.8,D,3.0,9.0,1921.0,REJECTED,0.0,Low Score (Band D)
user_01370,65.9,B,20.0,3.0,200000.0,REJECTED,0.0,Insufficient history (3.0 vends/60d)
user_01371,35.6,D,2.0,4.0,1750.0,REJECTED,0.0,Insufficient history (4.0 vends/60d)
user_01372,73.8,B,4.0,9.0,53500.0,APPROVED,7500.0,Eligible
user_01373,42.4,D,1.0,9.0,1875.0,REJECTED,0.0,Low Score (Band D)
user_01374,43.0,D,0.0,4.0,2000.0,REJECTED,0.0,Insufficient history (4.0 vends/60d)
user_01375,63.0,C,0.0,3.0,59000.0,REJECTED,0.0,Insufficient history (3.0 vends/60d)
user_01376,37.4,D,3.0,4.0,1750.0,REJECTED,0.0,Insufficient history (4.0 vends/60d)
user_01377,44.1,D,3.0,8.0,2000.0,REJECTED,0.0,Low Score (Band D)
user_01378,30.4,D,33.0,2.0,1000.0,REJECTED,0.0,Insufficient history (2.0 vends/60d); Dormant (Last vend 33.0 days ago)
user_01379,75.1,B,3.0,11.0,53000.0,APPROVED,7500.0,Eligible
user_01380,43.6,D,0.0,5.0,2000.0,REJECTED,0.0,Insufficient history (5.0 vends/60d)
user_01381,43.4,D,3.0,6.0,2000.0,REJECTED,0.0,Low Score (Band D)
user_01382,43.8,D,1.0,10.0,1750.0,REJECTED,0.0,Low Score (Band D)
user_01383,44.3,D,8.0,8.0,1750.0,REJECTED,0.0,Low Score (Band D)
user_01384,35.0,D,1.0,2.0,1929.0,REJECTED,0.0,Insufficient history (2.0 vends/60d)
user_01385,49.0,D,1.0,11.0,1860.0,REJECTED,0.0,Low Score (Band D)
user_01386,37.0,D,5.0,4.0,1500.0,REJECTED,0.0,Insufficient history (4.0 vends/60d)
user_01387,39.0,D,0.0,5.0,1750.0,REJECTED,0.0,Insufficient history (5.0 vends/60d)
user_01388,43.1,D,1.0,11.0,2000.0,REJECTED,0.0,Low Score (Band D)
user_01389,39.8,D,5.0,5.0,1750.0,REJECTED,0.0,Insufficient history (5.0 vends/60d)
user_01390,36.1,D,1.0,5.0,2000.0,REJECTED,0.0,Insufficient history (5.0 vends/60d)
user_01391,38.8,D,1.0,6.0,1500.0,REJECTED,0.0,Low Score (Band D)
user_01392,46.4,D,3.0,5.0,3063.5,REJECTED,0.0,Insufficient history (5.0 vends/60d)
user_01393,40.0,D,1.0,9.0,2000.0,REJECTED,0.0,Low Score (Band D)
user_01394,28.9,D,13.0,2.0,1000.0,REJECTED,0.0,Insufficient history (2.0 vends/60d)
user_01395,45.3,D,0.0,10.0,1559.0,REJECTED,0.0,Low Score (Band D)
user_01396,44.6,D,3.0,6.0,2000.0,REJECTED,0.0,Low Score (Band D)
user_01397,35.4,D,2.0,5.0,1500.0,REJECTED,0.0,Insufficient history (5.0 vends/60d)
user_01398,42.9,D,8.0,10.0,1500.0,REJECTED,0.0,Low Score (Band D)
user_01399,48.1,D,0.0,9.0,2500.0,REJECTED,0.0,Low Score (Band D)
user_01400,47.7,D,4.0,9.0,2000.0,REJECTED,0.0,Low Score (Band D)
user_01401,71.4,B,3.0,8.0,72000.0,APPROVED,7500.0,Eligible
user_01402,37.0,D,2.0,2.0,2500.0,REJECTED,0.0,Insufficient history (2.0 vends/60d)
user_01403,44.1,D,0.0,6.0,2000.0,REJECTED,0.0,Low Score (Band D)
user_01404,39.2,D,5.0,8.0,1500.0,REJECTED,0.0,Low Score (Band D)
user_01405,36.7,D,6.0,6.0,1250.0,REJECTED,0.0,Low Score (Band D)
user_01406,66.0,B,15.0,2.0,51500.0,REJECTED,0.0,Insufficient history (2.0 vends/60d)
user_01407,49.2,D,3.0,5.0,2000.0,REJECTED,0.0,Insufficient history (5.0 vends/60d)
user_01408,48.9,D,3.0,8.0,2500.0,REJECTED,0.0,Low Score (Band D)
user_01409,46.8,D,1.0,6.0,2000.0,REJECTED,0.0,Low Score (Band D)
user_01410,44.1,D,2.0,8.0,2000.0,REJECTED,0.0,Low Score (Band D)
user_01411,36.2,D,4.0,7.0,1500.0,REJECTED,0.0,Low Score (Band D)
user_01412,48.2,D,2.0,13.0,2000.0,REJECTED,0.0,Low Score (Band D)
user_01413,77.8,B,6.0,9.0,150000.0,APPROVED,7500.0,Eligible
user_01414,44.3,D,2.0,9.0,1928.0,REJECTED,0.0,Low Score (Band D)
user_01415,42.4,D,0.0,13.0,1937.5,REJECTED,0.0,Low Score (Band D)
user_01416,70.8,B,5.0,9.0,48000.0,APPROVED,7500.0,Eligible
user_01417,72.8,B,11.0,7.0,73500.0,APPROVED,7500.0,Eligible
user_01418,71.3,B,3.0,5.0,41000.0,REJECTED,0.0,Insufficient history (5.0 vends/60d)
user_01419,38.8,D,3.0,5.0,2000.0,REJECTED,0.0,Insufficient history (5.0 vends/60d)
user_01420,48.8,D,3.0,10.0,2500.0,REJECTED,0.0,Low Score (Band D)
user_01421,38.7,D,4.0,6.0,1750.0,REJECTED,0.0,Low Score (Band D)
user_01422,43.3,D,2.0,5.0,2000.0,REJECTED,0.0,Insufficient history (5.0 vends/60d)
user_01423,72.8,B,0.0,7.0,180000.0,APPROVED,7500.0,Eligible
user_01424,43.5,D,11.0,7.0,1867.0,REJECTED,0.0,Low Score (Band D)
user_01425,39.2,D,2.0,9.0,1750.0,REJECTED,0.0,Low Score (Band D)
user_01426,43.7,D,4.0,6.0,2295.0,REJECTED,0.0,Low Score (Band D)
user_01427,42.1,D,1.0,11.0,1500.0,REJECTED,0.0,Low Score (Band D)
user_01428,39.8,D,2.0,9.0,1625.0,REJECTED,0.0,Low Score (Band D)
user_01429,42.3,D,6.0,6.0,2000.0,REJECTED,0.0,Low Score (Band D)
user_01430,34.7,D,3.0,2.0,1332.0,REJECTED,0.0,Insufficient history (2.0 vends/60d)
user_01431,44.0,D,0.0,3.0,2500.0,REJECTED,0.0,Insufficient history (3.0 vends/60d)
user_01432,45.1,D,3.0,11.0,2000.0,REJECTED,0.0,Low Score (Band D)
user_01433,36.5,D,15.0,6.0,1250.0,REJECTED,0.0,Low Score (Band D)
user_01434,42.9,D,5.0,2.0,2750.0,REJECTED,0.0,Insufficient history (2.0 vends/60d)
user_01435,45.0,D,0.0,6.0,2250.0,REJECTED,0.0,Low Score (Band D)
user_01436,37.3,D,3.0,7.0,1750.0,REJECTED,0.0,Low Score (Band D)
user_01437,36.6,D,3.0,4.0,1500.0,REJECTED,0.0,Insufficient history (4.0 vends/60d)
user_01438,35.0,D,35.0,3.0,2000.0,REJECTED,0.0,Insufficient history (3.0 vends/60d); Dormant (Last vend 35.0 days ago)
user_01439,44.8,D,1.0,8.0,2000.0,REJECTED,0.0,Low Score (Band D)
user_01440,73.4,B,3.0,9.0,180000.0,APPROVED,7500.0,Eligible
user_01441,40.4,D,0.0,6.0,1875.0,REJECTED,0.0,Low Score (Band D)
user_01442,75.4,B,1.0,13.0,64000.0,APPROVED,7500.0,Eligible
user_01443,40.0,D,13.0,4.0,2000.0,REJECTED,0.0,Insufficient history (4.0 vends/60d)
user_01444,43.3,D,9.0,4.0,1880.5,REJECTED,0.0,Insufficient history (4.0 vends/60d)
user_01445,44.5,D,34.0,1.0,2000.0,REJECTED,0.0,Insufficient history (1.0 vends/60d); Dormant (Last vend 34.0 days ago)
user_01446,59.8,C,32.0,1.0,37500.0,REJECTED,0.0,Insufficient history (1.0 vends/60d); Dormant (Last vend 32.0 days ago)
user_01447,44.6,D,0.0,8.0,2000.0,REJECTED,0.0,Low Score (Band D)
user_01448,63.7,C,5.0,4.0,40000.0,REJECTED,0.0,Insufficient history (4.0 vends/60d)
user_01449,45.9,D,4.0,4.0,2000.0,REJECTED,0.0,Insufficient history (4.0 vends/60d)
user_01450,38.6,D,4.0,8.0,1500.0,REJECTED,0.0,Low Score (Band D)
user_01451,46.0,D,6.0,10.0,2016.5,REJECTED,0.0,Low Score (Band D)
user_01452,29.7,D,2.0,1.0,1250.0,REJECTED,0.0,Insufficient history (1.0 vends/60d)
user_01453,42.9,D,3.0,12.0,2000.0,REJECTED,0.0,Low Score (Band D)
user_01454,43.8,D,1.0,8.0,2000.0,REJECTED,0.0,Low Score (Band D)
user_01455,43.1,D,1.0,9.0,2000.0,REJECTED,0.0,Low Score (Band D)
user_01456,49.1,D,1.0,11.0,2000.0,REJECTED,0.0,Low Score (Band D)
user_01457,39.1,D,1.0,11.0,1500.0,REJECTED,0.0,Low Score (Band D)
user_01458,48.5,D,2.0,15.0,1861.5,REJECTED,0.0,Low Score (Band D)
user_01459,71.5,B,0.0,10.0,40000.0,APPROVED,7500.0,Eligible
user_01460,46.6,D,2.0,12.0,2250.0,REJECTED,0.0,Low Score (Band D)
user_01461,41.8,D,1.0,8.0,1875.0,REJECTED,0.0,Low Score (Band D)
user_01462,37.2,D,1.0,7.0,1750.0,REJECTED,0.0,Low Score (Band D)
user_01463,39.9,D,0.0,8.0,2000.0,REJECTED,0.0,Low Score (Band D)
user_01464,43.3,D,12.0,8.0,2000.0,REJECTED,0.0,Low Score (Band D)
user_01465,44.3,D,1.0,7.0,1750.0,REJECTED,0.0,Low Score (Band D)
user_01466,38.3,D,5.0,6.0,2000.0,REJECTED,0.0,Low Score (Band D)
user_01467,70.5,B,2.0,7.0,67000.0,APPROVED,7500.0,Eligible
user_01468,43.9,D,2.0,9.0,1750.0,REJECTED,0.0,Low Score (Band D)
user_01469,43.8,D,4.0,9.0,2000.0,REJECTED,0.0,Low Score (Band D)
user_01470,33.3,D,8.0,2.0,1625.0,REJECTED,0.0,Insufficient history (2.0 vends/60d)
user_01471,43.2,D,4.0,9.0,1750.0,REJECTED,0.0,Low Score (Band D)
user_01472,38.0,D,7.0,2.0,2000.0,REJECTED,0.0,Insufficient history (2.0 vends/60d)
user_01473,42.7,D,0.0,6.0,2000.0,REJECTED,0.0,Low Score (Band D)
user_01474,66.9,B,3.0,3.0,49000.0,REJECTED,0.0,Insufficient history (3.0 vends/60d)
user_01475,41.2,D,2.0,8.0,1625.0,REJECTED,0.0,Low Score (Band D)
user_01476,45.8,D,4.0,11.0,2000.0,REJECTED,0.0,Low Score (Band D)
user_01477,75.4,B,3.0,8.0,188566.5,APPROVED,7500.0,Eligible
user_01478,41.7,D,0.0,8.0,1500.0,REJECTED,0.0,Low Score (Band D)
user_01479,50.9,C,1.0,2.0,3375.0,REJECTED,0.0,Insufficient history (2.0 vends/60d)
user_01480,72.6,B,2.0,7.0,180000.0,APPROVED,7500.0,Eligible
user_01481,43.6,D,3.0,10.0,1903.5,REJECTED,0.0,Low Score (Band D)
user_01482,49.5,D,1.0,9.0,2000.0,REJECTED,0.0,Low Score (Band D)
user_01483,52.1,C,3.0,9.0,2500.0,REJECTED,0.0,Calculated limit (1250.0) below min threshold
user_01484,40.0,D,0.0,5.0,1990.5,REJECTED,0.0,Insufficient history (5.0 vends/60d)
user_01485,40.9,D,4.0,6.0,2000.0,REJECTED,0.0,Low Score (Band D)
user_01486,46.1,D,2.0,3.0,3000.0,REJECTED,0.0,Insufficient history (3.0 vends/60d)
user_01487,64.0,C,3.0,2.0,57000.0,REJECTED,0.0,Insufficient history (2.0 vends/60d)
user_01488,56.4,C,1.0,3.0,5000.0,REJECTED,0.0,Insufficient history (3.0 vends/60d)
user_01489,43.2,D,2.0,12.0,2000.0,REJECTED,0.0,Low Score (Band D)
user_01490,73.0,B,3.0,11.0,63000.0,APPROVED,7500.0,Eligible
user_01491,41.4,D,9.0,4.0,1500.0,REJECTED,0.0,Insufficient history (4.0 vends/60d)
user_01492,39.7,D,2.0,4.0,1835.0,REJECTED,0.0,Insufficient history (4.0 vends/60d)
user_01493,46.1,D,1.0,13.0,2500.0,REJECTED,0.0,Low Score (Band D)
user_01494,44.5,D,0.0,7.0,2000.0,REJECTED,0.0,Low Score (Band D)
user_01495,42.8,D,3.0,11.0,1500.0,REJECTED,0.0,Low Score (Band D)
user_01496,42.3,D,0.0,3.0,2000.0,REJECTED,0.0,Insufficient history (3.0 vends/60d)
user_01497,67.7,B,0.0,6.0,180000.0,APPROVED,7500.0,Eligible
user_01498,44.2,D,3.0,11.0,1823.0,REJECTED,0.0,Low Score (Band D)
user_01499,37.0,D,3.0,3.0,2000.0,REJECTED,0.0,Insufficient history (3.0 vends/60d)
user_01500,55.2,C,0.0,11.0,3000.0,REJECTED,0.0,Calculated limit (1500.0) below min threshold
user_01501,39.3,D,2.0,3.0,3000.0,REJECTED,0.0,Insufficient history (3.0 vends/60d)
user_01502,74.2,B,1.0,8.0,182655.0,APPROVED,7500.0,Eligible
user_01503,52.5,C,0.0,7.0,2000.0,REJECTED,0.0,Calculated limit (1000.0) below min threshold
user_01504,73.3,B,2.0,6.0,73500.0,APPROVED,7500.0,Eligible
user_01505,46.7,D,1.0,9.0,2000.0,REJECTED,0.0,Low Score (Band D)
user_01506,73.7,B,0.0,5.0,150000.0,REJECTED,0.0,Insufficient history (5.0 vends/60d)
user_01507,33.2,D,2.0,3.0,1500.0,REJECTED,0.0,Insufficient history (3.0 vends/60d)
user_01508,44.9,D,21.0,5.0,2500.0,REJECTED,0.0,Insufficient history (5.0 vends/60d)
user_01509,36.3,D,3.0,4.0,2000.0,REJECTED,0.0,Insufficient history (4.0 vends/60d)
user_01510,47.2,D,2.0,9.0,2197.0,REJECTED,0.0,Low Score (Band D)
user_01511,34.2,D,0.0,7.0,1625.0,REJECTED,0.0,Low Score (Band D)
user_01512,31.3,D,50.0,1.0,1117.0,REJECTED,0.0,Insufficient history (1.0 vends/60d); Dormant (Last vend 50.0 days ago)
user_01513,38.4,D,19.0,5.0,2196.0,REJECTED,0.0,Insufficient history (5.0 vends/60d)
user_01514,62.9,C,31.0,1.0,152965.0,REJECTED,0.0,Insufficient history (1.0 vends/60d); Dormant (Last vend 31.0 days ago)
user_01515,42.9,D,16.0,5.0,2000.0,REJECTED,0.0,Insufficient history (5.0 vends/60d)
user_01516,41.2,D,4.0,6.0,2000.0,REJECTED,0.0,Low Score (Band D)
user_01517,44.3,D,19.0,9.0,2000.0,REJECTED,0.0,Low Score (Band D)
user_01518,41.5,D,4.0,4.0,2000.0,REJECTED,0.0,Insufficient history (4.0 vends/60d)
user_01519,44.9,D,4.0,4.0,2539.0,REJECTED,0.0,Insufficient history (4.0 vends/60d)
user_01520,35.8,D,15.0,8.0,1500.0,REJECTED,0.0,Low Score (Band D)
user_01521,78.4,B,0.0,9.0,73000.0,APPROVED,7500.0,Eligible
user_01522,43.4,D,7.0,11.0,1750.0,REJECTED,0.0,Low Score (Band D)
user_01523,44.7,D,3.0,14.0,1625.0,REJECTED,0.0,Low Score (Band D)
user_01524,37.7,D,1.0,7.0,1875.0,REJECTED,0.0,Low Score (Band D)
user_01525,38.7,D,5.0,5.0,1875.0,REJECTED,0.0,Insufficient history (5.0 vends/60d)
user_01526,40.5,D,14.0,6.0,2000.0,REJECTED,0.0,Low Score (Band D)
user_01527,70.7,B,0.0,6.0,50000.0,APPROVED,7500.0,Eligible
user_01528,43.8,D,4.0,12.0,2000.0,REJECTED,0.0,Low Score (Band D)
user_01529,45.8,D,1.0,9.0,2500.0,REJECTED,0.0,Low Score (Band D)
user_01530,69.1,B,0.0,6.0,180000.0,APPROVED,7500.0,Eligible
user_01531,41.9,D,7.0,9.0,1750.0,REJECTED,0.0,Low Score (Band D)
user_01532,34.7,D,5.0,4.0,1478.5,REJECTED,0.0,Insufficient history (4.0 vends/60d)
user_01533,50.9,C,4.0,9.0,2000.0,REJECTED,0.0,Calculated limit (1000.0) below min threshold
user_01534,41.1,D,9.0,7.0,2000.0,REJECTED,0.0,Low Score (Band D)
user_01535,45.6,D,1.0,7.0,2000.0,REJECTED,0.0,Low Score (Band D)
user_01536,46.9,D,3.0,11.0,2008.0,REJECTED,0.0,Low Score (Band D)
user_01537,38.4,D,31.0,2.0,2000.0,REJECTED,0.0,Insufficient history (2.0 vends/60d); Dormant (Last vend 31.0 days ago)
user_01538,44.0,D,2.0,4.0,2000.0,REJECTED,0.0,Insufficient history (4.0 vends/60d)
user_01539,36.1,D,36.0,3.0,1625.0,REJECTED,0.0,Insufficient history (3.0 vends/60d); Dormant (Last vend 36.0 days ago)
user_01540,72.8,B,5.0,7.0,58000.0,APPROVED,7500.0,Eligible
user_01541,33.3,D,19.0,3.0,1750.0,REJECTED,0.0,Insufficient history (3.0 vends/60d)
user_01542,46.7,D,3.0,14.0,2000.0,REJECTED,0.0,Low Score (Band D)
user_01543,41.0,D,32.0,1.0,2000.0,REJECTED,0.0,Insufficient history (1.0 vends/60d); Dormant (Last vend 32.0 days ago)
user_01544,45.7,D,3.0,5.0,2000.0,REJECTED,0.0,Insufficient history (5.0 vends/60d)
user_01545,36.3,D,1.0,2.0,2000.0,REJECTED,0.0,Insufficient history (2.0 vends/60d)
user_01546,43.2,D,2.0,10.0,1616.0,REJECTED,0.0,Low Score (Band D)
user_01547,42.6,D,5.0,8.0,2000.0,REJECTED,0.0,Low Score (Band D)
user_01548,45.1,D,0.0,7.0,1500.0,REJECTED,0.0,Low Score (Band D)
user_01549,42.0,D,0.0,11.0,2000.0,REJECTED,0.0,Low Score (Band D)
user_01550,44.3,D,0.0,9.0,2000.0,REJECTED,0.0,Low Score (Band D)
user_01551,60.3,C,4.0,2.0,50000.0,REJECTED,0.0,Insufficient history (2.0 vends/60d)
user_01552,49.5,D,3.0,14.0,2000.0,REJECTED,0.0,Low Score (Band D)
user_01553,64.9,C,4.0,2.0,75000.0,REJECTED,0.0,Insufficient history (2.0 vends/60d)
user_01554,41.6,D,0.0,9.0,2000.0,REJECTED,0.0,Low Score (Band D)
user_01555,32.8,D,2.0,4.0,1250.0,REJECTED,0.0,Insufficient history (4.0 vends/60d)
user_01556,44.9,D,4.0,10.0,2000.0,REJECTED,0.0,Low Score (Band D)
user_01557,35.0,D,33.0,1.0,2000.0,REJECTED,0.0,Insufficient history (1.0 vends/60d); Dormant (Last vend 33.0 days ago)
user_01558,33.8,D,2.0,5.0,1250.0,REJECTED,0.0,Insufficient history (5.0 vends/60d)
user_01559,30.8,D,61.0,0.0,1500.0,REJECTED,0.0,Insufficient history (0.0 vends/60d); Dormant (Last vend 61.0 days ago)
user_01560,44.5,D,5.0,9.0,2000.0,REJECTED,0.0,Low Score (Band D)
user_01561,39.4,D,0.0,7.0,1500.0,REJECTED,0.0,Low Score (Band D)
user_01562,43.0,D,2.0,6.0,2000.0,REJECTED,0.0,Low Score (Band D)
user_01563,45.0,D,10.0,8.0,2000.0,REJECTED,0.0,Low Score (Band D)
user_01564,45.2,D,1.0,9.0,2000.0,REJECTED,0.0,Low Score (Band D)
user_01565,62.5,C,35.0,1.0,250000.0,REJECTED,0.0,Insufficient history (1.0 vends/60d); Dormant (Last vend 35.0 days ago)
user_01566,68.9,B,4.0,5.0,57000.0,REJECTED,0.0,Insufficient history (5.0 vends/60d)
user_01567,44.9,D,0.0,11.0,2000.0,REJECTED,0.0,Low Score (Band D)
user_01568,44.9,D,4.0,8.0,2088.0,REJECTED,0.0,Low Score (Band D)
user_01569,34.7,D,1.0,2.0,1750.0,REJECTED,0.0,Insufficient history (2.0 vends/60d)
user_01570,45.0,D,2.0,5.0,2000.0,REJECTED,0.0,Insufficient history (5.0 vends/60d)
user_01571,61.8,C,33.0,1.0,53000.0,REJECTED,0.0,Insufficient history (1.0 vends/60d); Dormant (Last vend 33.0 days ago)
user_01572,71.5,B,7.0,4.0,59000.0,REJECTED,0.0,Insufficient history (4.0 vends/60d)
user_01573,43.7,D,9.0,8.0,1763.5,REJECTED,0.0,Low Score (Band D)
user_01574,42.9,D,2.0,11.0,2000.0,REJECTED,0.0,Low Score (Band D)
user_01575,46.9,D,17.0,2.0,2000.0,REJECTED,0.0,Insufficient history (2.0 vends/60d)
user_01576,44.1,D,4.0,7.0,2000.0,REJECTED,0.0,Low Score (Band D)
user_01577,47.0,D,35.0,1.0,4000.0,REJECTED,0.0,Insufficient history (1.0 vends/60d); Dormant (Last vend 35.0 days ago)
user_01578,37.7,D,0.0,4.0,1500.0,REJECTED,0.0,Insufficient history (4.0 vends/60d)
user_01579,73.8,B,0.0,12.0,57000.0,APPROVED,7500.0,Eligible
user_01580,43.8,D,2.0,3.0,2000.0,REJECTED,0.0,Insufficient history (3.0 vends/60d)
user_01581,40.4,D,3.0,7.0,1500.0,REJECTED,0.0,Low Score (Band D)
user_01582,45.8,D,0.0,7.0,2172.5,REJECTED,0.0,Low Score (Band D)
user_01583,41.5,D,15.0,6.0,2000.0,REJECTED,0.0,Low Score (Band D)
user_01584,38.6,D,1.0,6.0,2000.0,REJECTED,0.0,Low Score (Band D)
user_01585,40.9,D,5.0,5.0,1875.0,REJECTED,0.0,Insufficient history (5.0 vends/60d)
user_01586,34.3,D,26.0,4.0,1500.0,REJECTED,0.0,Insufficient history (4.0 vends/60d)
user_01587,41.8,D,0.0,8.0,2000.0,REJECTED,0.0,Low Score (Band D)
user_01588,43.6,D,6.0,8.0,2000.0,REJECTED,0.0,Low Score (Band D)
user_01589,70.4,B,3.0,7.0,56000.0,APPROVED,7500.0,Eligible
user_01590,45.7,D,4.0,11.0,1991.0,REJECTED,0.0,Low Score (Band D)
user_01591,45.9,D,0.0,5.0,2000.0,REJECTED,0.0,Insufficient history (5.0 vends/60d)
user_01592,41.2,D,1.0,8.0,2000.0,REJECTED,0.0,Low Score (Band D)
user_01593,43.7,D,3.0,7.0,1874.0,REJECTED,0.0,Low Score (Band D)
user_01594,42.5,D,4.0,3.0,2500.0,REJECTED,0.0,Insufficient history (3.0 vends/60d)
user_01595,43.1,D,2.0,8.0,1750.0,REJECTED,0.0,Low Score (Band D)
user_01596,42.9,D,3.0,7.0,2000.0,REJECTED,0.0,Low Score (Band D)
user_01597,40.1,D,0.0,11.0,1500.0,REJECTED,0.0,Low Score (Band D)
user_01598,43.3,D,3.0,9.0,2000.0,REJECTED,0.0,Low Score (Band D)
user_01599,35.4,D,2.0,5.0,2000.0,REJECTED,0.0,Insufficient history (5.0 vends/60d)
user_01600,47.0,D,3.0,12.0,1939.0,REJECTED,0.0,Low Score (Band D)
user_01601,49.1,D,0.0,12.0,2000.0,REJECTED,0.0,Low Score (Band D)
user_01602,72.1,B,0.0,8.0,180000.0,APPROVED,7500.0,Eligible
user_01603,69.9,B,3.0,9.0,55000.0,APPROVED,7500.0,Eligible
user_01604,36.0,D,5.0,4.0,1625.0,REJECTED,0.0,Insufficient history (4.0 vends/60d)
user_01605,38.7,D,5.0,6.0,2000.0,REJECTED,0.0,Low Score (Band D)
user_01606,45.4,D,2.0,14.0,2000.0,REJECTED,0.0,Low Score (Band D)
user_01607,42.9,D,5.0,7.0,2000.0,REJECTED,0.0,Low Score (Band D)
user_01608,61.6,C,65.0,0.0,185820.0,REJECTED,0.0,Insufficient history (0.0 vends/60d); Dormant (Last vend 65.0 days ago)
user_01609,75.5,B,3.0,10.0,50000.0,APPROVED,7500.0,Eligible
user_01610,39.8,D,35.0,1.0,2422.5,REJECTED,0.0,Insufficient history (1.0 vends/60d); Dormant (Last vend 35.0 days ago)
user_01611,75.2,B,5.0,11.0,187748.0,APPROVED,7500.0,Eligible
user_01612,43.4,D,0.0,6.0,2000.0,REJECTED,0.0,Low Score (Band D)
user_01613,45.9,D,0.0,6.0,2345.0,REJECTED,0.0,Low Score (Band D)
user_01614,42.2,D,0.0,9.0,1804.0,REJECTED,0.0,Low Score (Band D)
user_01615,42.7,D,0.0,6.0,2000.0,REJECTED,0.0,Low Score (Band D)
user_01616,73.3,B,3.0,8.0,56000.0,APPROVED,7500.0,Eligible
user_01617,42.8,D,31.0,1.0,2500.0,REJECTED,0.0,Insufficient history (1.0 vends/60d); Dormant (Last vend 31.0 days ago)
user_01618,42.2,D,0.0,8.0,2000.0,REJECTED,0.0,Low Score (Band D)
user_01619,39.6,D,2.0,9.0,1750.0,REJECTED,0.0,Low Score (Band D)
user_01620,41.6,D,11.0,6.0,1750.0,REJECTED,0.0,Low Score (Band D)
user_01621,49.6,D,1.0,14.0,2000.0,REJECTED,0.0,Low Score (Band D)
user_01622,67.9,B,32.0,3.0,180000.0,REJECTED,0.0,Insufficient history (3.0 vends/60d); Dormant (Last vend 32.0 days ago)
user_01623,45.5,D,10.0,11.0,2000.0,REJECTED,0.0,Low Score (Band D)
user_01624,44.3,D,1.0,13.0,1750.0,REJECTED,0.0,Low Score (Band D)
user_01625,71.8,B,5.0,7.0,50000.0,APPROVED,7500.0,Eligible
user_01626,69.6,B,0.0,6.0,62000.0,APPROVED,7500.0,Eligible
user_01627,31.2,D,13.0,3.0,1000.0,REJECTED,0.0,Insufficient history (3.0 vends/60d)
user_01628,39.5,D,3.0,3.0,3000.0,REJECTED,0.0,Insufficient history (3.0 vends/60d)
user_01629,44.9,D,1.0,9.0,1500.0,REJECTED,0.0,Low Score (Band D)
user_01630,40.3,D,8.0,2.0,3000.0,REJECTED,0.0,Insufficient history (2.0 vends/60d)
user_01631,47.0,D,5.0,9.0,2000.0,REJECTED,0.0,Low Score (Band D)
user_01632,42.2,D,2.0,14.0,1750.0,REJECTED,0.0,Low Score (Band D)
user_01633,72.5,B,4.0,8.0,71500.0,APPROVED,7500.0,Eligible
user_01634,47.2,D,2.0,15.0,1750.0,REJECTED,0.0,Low Score (Band D)
user_01635,68.0,B,7.0,4.0,57500.0,REJECTED,0.0,Insufficient history (4.0 vends/60d)
user_01636,39.5,D,1.0,6.0,2000.0,REJECTED,0.0,Low Score (Band D)
user_01637,65.2,B,5.0,6.0,59000.0,APPROVED,7500.0,Eligible
user_01638,44.5,D,2.0,6.0,2000.0,REJECTED,0.0,Low Score (Band D)
user_01639,34.3,D,3.0,3.0,2000.0,REJECTED,0.0,Insufficient history (3.0 vends/60d)
user_01640,38.1,D,0.0,8.0,1500.0,REJECTED,0.0,Low Score (Band D)
user_01641,48.6,D,3.0,14.0,2000.0,REJECTED,0.0,Low Score (Band D)
user_01642,39.5,D,0.0,5.0,2000.0,REJECTED,0.0,Insufficient history (5.0 vends/60d)
user_01643,49.3,D,22.0,3.0,2250.0,REJECTED,0.0,Insufficient history (3.0 vends/60d)
user_01644,39.8,D,3.0,8.0,1750.0,REJECTED,0.0,Low Score (Band D)
user_01645,42.2,D,2.0,5.0,1500.0,REJECTED,0.0,Insufficient history (5.0 vends/60d)
user_01646,72.6,B,0.0,8.0,50500.0,APPROVED,7500.0,Eligible
user_01647,30.2,D,27.0,3.0,1125.0,REJECTED,0.0,Insufficient history (3.0 vends/60d)
user_01648,38.4,D,3.0,9.0,1500.0,REJECTED,0.0,Low Score (Band D)
user_01649,44.6,D,1.0,13.0,1500.0,REJECTED,0.0,Low Score (Band D)
user_01650,43.0,D,0.0,8.0,2000.0,REJECTED,0.0,Low Score (Band D)
user_01651,41.2,D,2.0,3.0,2000.0,REJECTED,0.0,Insufficient history (3.0 vends/60d)
user_01652,42.6,D,9.0,10.0,1511.0,REJECTED,0.0,Low Score (Band D)
user_01653,43.8,D,17.0,10.0,1905.0,REJECTED,0.0,Low Score (Band D)
user_01654,33.4,D,32.0,1.0,2000.0,REJECTED,0.0,Insufficient history (1.0 vends/60d); Dormant (Last vend 32.0 days ago)
user_01655,46.1,D,6.0,5.0,2000.0,REJECTED,0.0,Insufficient history (5.0 vends/60d)
user_01656,45.7,D,12.0,8.0,2000.0,REJECTED,0.0,Low Score (Band D)
user_01657,63.0,C,26.0,4.0,50000.0,REJECTED,0.0,Insufficient history (4.0 vends/60d)
user_01658,50.4,C,6.0,10.0,2000.0,REJECTED,0.0,Calculated limit (1000.0) below min threshold
user_01659,40.2,D,3.0,7.0,1875.0,REJECTED,0.0,Low Score (Band D)
user_01660,35.1,D,2.0,3.0,2000.0,REJECTED,0.0,Insufficient history (3.0 vends/60d)
user_01661,42.4,D,1.0,6.0,2500.0,REJECTED,0.0,Low Score (Band D)
user_01662,38.7,D,1.0,5.0,1750.0,REJECTED,0.0,Insufficient history (5.0 vends/60d)
user_01663,43.4,D,1.0,7.0,2000.0,REJECTED,0.0,Low Score (Band D)
user_01664,45.0,D,2.0,12.0,1875.0,REJECTED,0.0,Low Score (Band D)
user_01665,48.4,D,2.0,5.0,1500.0,REJECTED,0.0,Insufficient history (5.0 vends/60d)
user_01666,36.6,D,0.0,5.0,1646.0,REJECTED,0.0,Insufficient history (5.0 vends/60d)
user_01667,63.6,C,0.0,3.0,65000.0,REJECTED,0.0,Insufficient history (3.0 vends/60d)
user_01668,42.1,D,1.0,5.0,2000.0,REJECTED,0.0,Insufficient history (5.0 vends/60d)
user_01669,45.6,D,0.0,8.0,1750.0,REJECTED,0.0,Low Score (Band D)
user_01670,36.6,D,3.0,7.0,1625.0,REJECTED,0.0,Low Score (Band D)
user_01671,41.5,D,2.0,10.0,2000.0,REJECTED,0.0,Low Score (Band D)
user_01672,65.4,B,3.0,3.0,150000.0,REJECTED,0.0,Insufficient history (3.0 vends/60d)
user_01673,32.7,D,3.0,3.0,1750.0,REJECTED,0.0,Insufficient history (3.0 vends/60d)
user_01674,42.6,D,0.0,10.0,2000.0,REJECTED,0.0,Low Score (Band D)
user_01675,68.1,B,6.0,3.0,63500.0,REJECTED,0.0,Insufficient history (3.0 vends/60d)
user_01676,38.7,D,11.0,2.0,2500.0,REJECTED,0.0,Insufficient history (2.0 vends/60d)
user_01677,33.9,D,21.0,3.0,1875.0,REJECTED,0.0,Insufficient history (3.0 vends/60d)
user_01678,42.1,D,5.0,8.0,2000.0,REJECTED,0.0,Low Score (Band D)
user_01679,47.3,D,0.0,11.0,1789.0,REJECTED,0.0,Low Score (Band D)
user_01680,44.6,D,1.0,13.0,2000.0,REJECTED,0.0,Low Score (Band D)
user_01681,37.4,D,4.0,4.0,1750.0,REJECTED,0.0,Insufficient history (4.0 vends/60d)
user_01682,43.1,D,0.0,4.0,2000.0,REJECTED,0.0,Insufficient history (4.0 vends/60d)
user_01683,73.1,B,0.0,11.0,47500.0,APPROVED,7500.0,Eligible
user_01684,32.1,D,5.0,1.0,1625.0,REJECTED,0.0,Insufficient history (1.0 vends/60d)
user_01685,65.7,B,0.0,5.0,55000.0,REJECTED,0.0,Insufficient history (5.0 vends/60d)
user_01686,43.3,D,4.0,8.0,1750.0,REJECTED,0.0,Low Score (Band D)
user_01687,76.8,B,3.0,6.0,180000.0,APPROVED,7500.0,Eligible
user_01688,36.6,D,0.0,7.0,1625.0,REJECTED,0.0,Low Score (Band D)
user_01689,73.6,B,4.0,7.0,150000.0,APPROVED,7500.0,Eligible
user_01690,38.7,D,0.0,6.0,1500.0,REJECTED,0.0,Low Score (Band D)
user_01691,42.6,D,2.0,9.0,1500.0,REJECTED,0.0,Low Score (Band D)
user_01692,46.4,D,1.0,3.0,2000.0,REJECTED,0.0,Insufficient history (3.0 vends/60d)
user_01693,42.5,D,23.0,3.0,2728.0,REJECTED,0.0,Insufficient history (3.0 vends/60d)
user_01694,35.7,D,11.0,6.0,1937.5,REJECTED,0.0,Low Score (Band D)
user_01695,30.1,D,5.0,2.0,1000.0,REJECTED,0.0,Insufficient history (2.0 vends/60d)
user_01696,37.5,D,3.0,4.0,2000.0,REJECTED,0.0,Insufficient history (4.0 vends/60d)
user_01697,64.1,C,9.0,5.0,48000.0,REJECTED,0.0,Insufficient history (5.0 vends/60d)
user_01698,34.1,D,25.0,2.0,1937.5,REJECTED,0.0,Insufficient history (2.0 vends/60d)
user_01699,47.1,D,4.0,5.0,3000.0,REJECTED,0.0,Insufficient history (5.0 vends/60d)
user_01700,40.5,D,14.0,4.0,2071.0,REJECTED,0.0,Insufficient history (4.0 vends/60d)
user_01701,51.3,C,2.0,17.0,2000.0,REJECTED,0.0,Calculated limit (1000.0) below min threshold
user_01702,43.4,D,3.0,6.0,1922.0,REJECTED,0.0,Low Score (Band D)
user_01703,40.6,D,1.0,3.0,2000.0,REJECTED,0.0,Insufficient history (3.0 vends/60d)
user_01704,40.2,D,3.0,3.0,1500.0,REJECTED,0.0,Insufficient history (3.0 vends/60d)
user_01705,66.1,B,3.0,3.0,80000.0,REJECTED,0.0,Insufficient history (3.0 vends/60d)
user_01706,44.2,D,3.0,13.0,2000.0,REJECTED,0.0,Low Score (Band D)
user_01707,38.7,D,2.0,2.0,1750.0,REJECTED,0.0,Insufficient history (2.0 vends/60d)
user_01708,36.4,D,3.0,2.0,2500.0,REJECTED,0.0,Insufficient history (2.0 vends/60d)
user_01709,43.2,D,2.0,11.0,2000.0,REJECTED,0.0,Low Score (Band D)
user_01710,39.7,D,0.0,5.0,2000.0,REJECTED,0.0,Insufficient history (5.0 vends/60d)
user_01711,48.9,D,9.0,15.0,2000.0,REJECTED,0.0,Low Score (Band D)
user_01712,70.7,B,0.0,6.0,50000.0,APPROVED,7500.0,Eligible
user_01713,32.3,D,32.0,1.0,1750.0,REJECTED,0.0,Insufficient history (1.0 vends/60d); Dormant (Last vend 32.0 days ago)
user_01714,31.3,D,20.0,2.0,1500.0,REJECTED,0.0,Insufficient history (2.0 vends/60d)
user_01715,39.3,D,1.0,4.0,2000.0,REJECTED,0.0,Insufficient history (4.0 vends/60d)
user_01716,42.0,D,4.0,7.0,2000.0,REJECTED,0.0,Low Score (Band D)
user_01717,45.9,D,4.0,11.0,2000.0,REJECTED,0.0,Low Score (Band D)
user_01718,40.3,D,22.0,1.0,1000.0,REJECTED,0.0,Insufficient history (1.0 vends/60d)
user_01719,46.6,D,7.0,10.0,2000.0,REJECTED,0.0,Low Score (Band D)
user_01720,45.4,D,3.0,4.0,3603.0,REJECTED,0.0,Insufficient history (4.0 vends/60d)
user_01721,66.4,B,0.0,5.0,75000.0,REJECTED,0.0,Insufficient history (5.0 vends/60d)
user_01722,45.0,D,2.0,5.0,2000.0,REJECTED,0.0,Insufficient history (5.0 vends/60d)
user_01723,47.3,D,3.0,5.0,2000.0,REJECTED,0.0,Insufficient history (5.0 vends/60d)
user_01724,41.0,D,0.0,5.0,1500.0,REJECTED,0.0,Insufficient history (5.0 vends/60d)
user_01725,45.3,D,4.0,10.0,2250.0,REJECTED,0.0,Low Score (Band D)
user_01726,75.0,B,3.0,8.0,72500.0,APPROVED,7500.0,Eligible
user_01727,41.7,D,3.0,8.0,2000.0,REJECTED,0.0,Low Score (Band D)
user_01728,39.3,D,1.0,3.0,1750.0,REJECTED,0.0,Insufficient history (3.0 vends/60d)
user_01729,51.0,C,0.0,12.0,2000.0,REJECTED,0.0,Calculated limit (1000.0) below min threshold
user_01730,41.9,D,0.0,5.0,2250.0,REJECTED,0.0,Insufficient history (5.0 vends/60d)
user_01731,41.8,D,2.0,7.0,2000.0,REJECTED,0.0,Low Score (Band D)
user_01732,46.2,D,1.0,13.0,2000.0,REJECTED,0.0,Low Score (Band D)
user_01733,72.5,B,2.0,5.0,54500.0,REJECTED,0.0,Insufficient history (5.0 vends/60d)
user_01734,42.5,D,0.0,6.0,2000.0,REJECTED,0.0,Low Score (Band D)
user_01735,41.6,D,2.0,9.0,2000.0,REJECTED,0.0,Low Score (Band D)
user_01736,33.6,D,1.0,1.0,2000.0,REJECTED,0.0,Insufficient history (1.0 vends/60d)
user_01737,42.9,D,23.0,6.0,2000.0,REJECTED,0.0,Low Score (Band D)
user_01738,47.2,D,4.0,7.0,2345.0,REJECTED,0.0,Low Score (Band D)
user_01739,43.6,D,3.0,9.0,2000.0,REJECTED,0.0,Low Score (Band D)
user_01740,46.3,D,0.0,7.0,2172.5,REJECTED,0.0,Low Score (Band D)
user_01741,30.1,D,3.0,3.0,1250.0,REJECTED,0.0,Insufficient history (3.0 vends/60d)
user_01742,39.1,D,4.0,5.0,2000.0,REJECTED,0.0,Insufficient history (5.0 vends/60d)
user_01743,61.9,C,0.0,2.0,120000.0,REJECTED,0.0,Insufficient history (2.0 vends/60d)
user_01744,64.0,C,0.0,2.0,75000.0,REJECTED,0.0,Insufficient history (2.0 vends/60d)
user_01745,40.9,D,2.0,8.0,2000.0,REJECTED,0.0,Low Score (Band D)
user_01746,46.7,D,0.0,9.0,1750.0,REJECTED,0.0,Low Score (Band D)
user_01747,36.0,D,1.0,6.0,1250.0,REJECTED,0.0,Low Score (Band D)
user_01748,66.5,B,7.0,5.0,69000.0,REJECTED,0.0,Insufficient history (5.0 vends/60d)
user_01749,46.7,D,1.0,6.0,1941.0,REJECTED,0.0,Low Score (Band D)
user_01750,48.6,D,0.0,15.0,2000.0,REJECTED,0.0,Low Score (Band D)
user_01751,49.4,D,14.0,9.0,2000.0,REJECTED,0.0,Low Score (Band D)
user_01752,41.8,D,1.0,4.0,3056.0,REJECTED,0.0,Insufficient history (4.0 vends/60d)
user_01753,46.7,D,1.0,8.0,2000.0,REJECTED,0.0,Low Score (Band D)
user_01754,36.1,D,3.0,5.0,2000.0,REJECTED,0.0,Insufficient history (5.0 vends/60d)
user_01755,49.7,D,2.0,9.0,2522.5,REJECTED,0.0,Low Score (Band D)
user_01756,69.7,B,1.0,4.0,250000.0,REJECTED,0.0,Insufficient history (4.0 vends/60d)
user_01757,73.4,B,2.0,6.0,192429.0,APPROVED,7500.0,Eligible
user_01758,41.9,D,1.0,10.0,1750.0,REJECTED,0.0,Low Score (Band D)
user_01759,43.6,D,5.0,9.0,2000.0,REJECTED,0.0,Low Score (Band D)
user_01760,41.0,D,0.0,9.0,1750.0,REJECTED,0.0,Low Score (Band D)
user_01761,40.1,D,5.0,6.0,1979.0,REJECTED,0.0,Low Score (Band D)
user_01762,42.6,D,14.0,4.0,1875.0,REJECTED,0.0,Insufficient history (4.0 vends/60d)
user_01763,69.4,B,2.0,8.0,75000.0,APPROVED,7500.0,Eligible
user_01764,42.0,D,2.0,6.0,2000.0,REJECTED,0.0,Low Score (Band D)
user_01765,44.7,D,0.0,9.0,3000.0,REJECTED,0.0,Low Score (Band D)
user_01766,40.4,D,5.0,3.0,2000.0,REJECTED,0.0,Insufficient history (3.0 vends/60d)
user_01767,44.3,D,66.0,0.0,2000.0,REJECTED,0.0,Insufficient history (0.0 vends/60d); Dormant (Last vend 66.0 days ago)
user_01768,41.8,D,109.0,0.0,1500.0,REJECTED,0.0,Insufficient history (0.0 vends/60d); Dormant (Last vend 109.0 days ago)
user_01769,42.3,D,0.0,6.0,2000.0,REJECTED,0.0,Low Score (Band D)
user_01770,66.7,B,11.0,3.0,66500.0,REJECTED,0.0,Insufficient history (3.0 vends/60d)
user_01771,43.5,D,13.0,11.0,2000.0,REJECTED,0.0,Low Score (Band D)
user_01772,45.8,D,4.0,12.0,2000.0,REJECTED,0.0,Low Score (Band D)
user_01773,66.3,B,20.0,4.0,58500.0,REJECTED,0.0,Insufficient history (4.0 vends/60d)
user_01774,45.8,D,7.0,9.0,1663.5,REJECTED,0.0,Low Score (Band D)
user_01775,45.8,D,1.0,7.0,2000.0,REJECTED,0.0,Low Score (Band D)
user_01776,40.1,D,1.0,7.0,1500.0,REJECTED,0.0,Low Score (Band D)
user_01777,39.4,D,0.0,4.0,2000.0,REJECTED,0.0,Insufficient history (4.0 vends/60d)
user_01778,44.8,D,2.0,6.0,2000.0,REJECTED,0.0,Low Score (Band D)
user_01779,45.1,D,2.0,9.0,2000.0,REJECTED,0.0,Low Score (Band D)
user_01780,73.5,B,5.0,6.0,180000.0,APPROVED,7500.0,Eligible
user_01781,47.5,D,1.0,9.0,2500.0,REJECTED,0.0,Low Score (Band D)
user_01782,71.8,B,1.0,9.0,57500.0,APPROVED,7500.0,Eligible
user_01783,43.7,D,4.0,7.0,2000.0,REJECTED,0.0,Low Score (Band D)
user_01784,45.7,D,2.0,12.0,2000.0,REJECTED,0.0,Low Score (Band D)
user_01785,45.3,D,1.0,10.0,2000.0,REJECTED,0.0,Low Score (Band D)
user_01786,47.7,D,13.0,2.0,1500.0,REJECTED,0.0,Insufficient history (2.0 vends/60d)
user_01787,41.5,D,1.0,12.0,1500.0,REJECTED,0.0,Low Score (Band D)
user_01788,41.8,D,3.0,8.0,1938.5,REJECTED,0.0,Low Score (Band D)
user_01789,48.0,D,0.0,6.0,3000.0,REJECTED,0.0,Low Score (Band D)
user_01790,39.1,D,2.0,4.0,1500.0,REJECTED,0.0,Insufficient history (4.0 vends/60d)
user_01791,34.6,D,3.0,3.0,2000.0,REJECTED,0.0,Insufficient history (3.0 vends/60d)
user_01792,72.7,B,1.0,5.0,180000.0,REJECTED,0.0,Insufficient history (5.0 vends/60d)
user_01793,65.8,B,1.0,2.0,165000.0,REJECTED,0.0,Insufficient history (2.0 vends/60d)
user_01794,47.5,D,2.0,9.0,2000.0,REJECTED,0.0,Low Score (Band D)
user_01795,38.7,D,10.0,2.0,2250.0,REJECTED,0.0,Insufficient history (2.0 vends/60d)
user_01796,39.1,D,4.0,6.0,1950.0,REJECTED,0.0,Low Score (Band D)
user_01797,34.8,D,0.0,5.0,1848.0,REJECTED,0.0,Insufficient history (5.0 vends/60d)
user_01798,36.7,D,0.0,4.0,1875.0,REJECTED,0.0,Insufficient history (4.0 vends/60d)
user_01799,63.4,C,23.0,2.0,44000.0,REJECTED,0.0,Insufficient history (2.0 vends/60d)
user_01800,48.5,D,4.0,10.0,1945.0,REJECTED,0.0,Low Score (Band D)
user_01801,35.0,D,1.0,5.0,1500.0,REJECTED,0.0,Insufficient history (5.0 vends/60d)
user_01802,46.8,D,9.0,12.0,2000.0,REJECTED,0.0,Low Score (Band D)
user_01803,42.0,D,4.0,8.0,2000.0,REJECTED,0.0,Low Score (Band D)
user_01804,41.8,D,4.0,6.0,1885.5,REJECTED,0.0,Low Score (Band D)
user_01805,71.5,B,1.0,11.0,52500.0,APPROVED,7500.0,Eligible
user_01806,37.2,D,3.0,6.0,1500.0,REJECTED,0.0,Low Score (Band D)
user_01807,74.8,B,7.0,7.0,50000.0,APPROVED,7500.0,Eligible
user_01808,44.9,D,0.0,9.0,2000.0,REJECTED,0.0,Low Score (Band D)
user_01809,45.0,D,2.0,12.0,1750.0,REJECTED,0.0,Low Score (Band D)
user_01810,43.0,D,2.0,3.0,2571.0,REJECTED,0.0,Insufficient history (3.0 vends/60d)
user_01811,41.7,D,0.0,7.0,1750.0,REJECTED,0.0,Low Score (Band D)
user_01812,67.6,B,0.0,5.0,53000.0,REJECTED,0.0,Insufficient history (5.0 vends/60d)
user_01813,44.4,D,0.0,10.0,2000.0,REJECTED,0.0,Low Score (Band D)
user_01814,43.6,D,3.0,9.0,2000.0,REJECTED,0.0,Low Score (Band D)
user_01815,62.3,C,34.0,2.0,65500.0,REJECTED,0.0,Insufficient history (2.0 vends/60d); Dormant (Last vend 34.0 days ago)
user_01816,38.8,D,1.0,3.0,2000.0,REJECTED,0.0,Insufficient history (3.0 vends/60d)
user_01817,71.6,B,5.0,11.0,40000.0,APPROVED,7500.0,Eligible
user_01818,36.8,D,0.0,10.0,1500.0,REJECTED,0.0,Low Score (Band D)
user_01819,46.5,D,1.0,9.0,1948.5,REJECTED,0.0,Low Score (Band D)
user_01820,46.3,D,13.0,4.0,2000.0,REJECTED,0.0,Insufficient history (4.0 vends/60d)
user_01821,43.9,D,0.0,14.0,1500.0,REJECTED,0.0,Low Score (Band D)
user_01822,37.3,D,4.0,4.0,1750.0,REJECTED,0.0,Insufficient history (4.0 vends/60d)
user_01823,36.4,D,8.0,6.0,1750.0,REJECTED,0.0,Low Score (Band D)
user_01824,34.3,D,26.0,2.0,1500.0,REJECTED,0.0,Insufficient history (2.0 vends/60d)
user_01825,41.9,D,0.0,9.0,2000.0,REJECTED,0.0,Low Score (Band D)
user_01826,41.8,D,0.0,9.0,2000.0,REJECTED,0.0,Low Score (Band D)
user_01827,47.1,D,0.0,10.0,1500.0,REJECTED,0.0,Low Score (Band D)
user_01828,38.8,D,3.0,7.0,1250.0,REJECTED,0.0,Low Score (Band D)
user_01829,70.9,B,1.0,5.0,63500.0,REJECTED,0.0,Insufficient history (5.0 vends/60d)
user_01830,67.8,B,34.0,5.0,180000.0,REJECTED,0.0,Insufficient history (5.0 vends/60d); Dormant (Last vend 34.0 days ago)
user_01831,69.8,B,3.0,6.0,46000.0,APPROVED,7500.0,Eligible
user_01832,46.7,D,5.0,11.0,2000.0,REJECTED,0.0,Low Score (Band D)
user_01833,69.9,B,0.0,8.0,41000.0,APPROVED,7500.0,Eligible
user_01834,41.1,D,1.0,6.0,2000.0,REJECTED,0.0,Low Score (Band D)
user_01835,71.5,B,0.0,7.0,53000.0,APPROVED,7500.0,Eligible
user_01836,40.6,D,0.0,10.0,1831.0,REJECTED,0.0,Low Score (Band D)
user_01837,43.4,D,2.0,4.0,2500.0,REJECTED,0.0,Insufficient history (4.0 vends/60d)
user_01838,42.5,D,0.0,9.0,2000.0,REJECTED,0.0,Low Score (Band D)
user_01839,34.2,D,23.0,3.0,2000.0,REJECTED,0.0,Insufficient history (3.0 vends/60d)
user_01840,72.1,B,2.0,14.0,49000.0,APPROVED,7500.0,Eligible
user_01841,40.1,D,1.0,5.0,1750.0,REJECTED,0.0,Insufficient history (5.0 vends/60d)
user_01842,45.9,D,4.0,6.0,2000.0,REJECTED,0.0,Low Score (Band D)
user_01843,69.0,B,0.0,8.0,58000.0,APPROVED,7500.0,Eligible
user_01844,39.1,D,0.0,4.0,2000.0,REJECTED,0.0,Insufficient history (4.0 vends/60d)
user_01845,45.6,D,2.0,11.0,2000.0,REJECTED,0.0,Low Score (Band D)
user_01846,41.1,D,13.0,4.0,2000.0,REJECTED,0.0,Insufficient history (4.0 vends/60d)
user_01847,45.4,D,3.0,7.0,2000.0,REJECTED,0.0,Low Score (Band D)
user_01848,39.0,D,12.0,4.0,2000.0,REJECTED,0.0,Insufficient history (4.0 vends/60d)
user_01849,44.9,D,0.0,5.0,3000.0,REJECTED,0.0,Insufficient history (5.0 vends/60d)
user_01850,75.9,B,3.0,8.0,60000.0,APPROVED,7500.0,Eligible
user_01851,45.1,D,2.0,10.0,2000.0,REJECTED,0.0,Low Score (Band D)
user_01852,51.2,C,2.0,3.0,3750.0,REJECTED,0.0,Insufficient history (3.0 vends/60d)
user_01853,48.0,D,0.0,2.0,1966.5,REJECTED,0.0,Insufficient history (2.0 vends/60d)
user_01854,69.5,B,3.0,5.0,59000.0,REJECTED,0.0,Insufficient history (5.0 vends/60d)
user_01855,37.7,D,13.0,2.0,1500.0,REJECTED,0.0,Insufficient history (2.0 vends/60d)
user_01856,41.8,D,0.0,7.0,2000.0,REJECTED,0.0,Low Score (Band D)
user_01857,62.1,C,5.0,3.0,50000.0,REJECTED,0.0,Insufficient history (3.0 vends/60d)
user_01858,73.2,B,4.0,10.0,194669.0,APPROVED,7500.0,Eligible
user_01859,40.4,D,29.0,4.0,2000.0,REJECTED,0.0,Insufficient history (4.0 vends/60d)
user_01860,44.9,D,2.0,11.0,1750.0,REJECTED,0.0,Low Score (Band D)
user_01861,33.0,D,4.0,2.0,1500.0,REJECTED,0.0,Insufficient history (2.0 vends/60d)
user_01862,68.3,B,1.0,8.0,67000.0,APPROVED,7500.0,Eligible
user_01863,39.7,D,10.0,10.0,2000.0,REJECTED,0.0,Low Score (Band D)
user_01864,44.2,D,1.0,10.0,2000.0,REJECTED,0.0,Low Score (Band D)
user_01865,45.6,D,7.0,8.0,1750.0,REJECTED,0.0,Low Score (Band D)
user_01866,44.5,D,1.0,15.0,1750.0,REJECTED,0.0,Low Score (Band D)
user_01867,62.4,C,0.0,4.0,50000.0,REJECTED,0.0,Insufficient history (4.0 vends/60d)
user_01868,47.8,D,2.0,11.0,2000.0,REJECTED,0.0,Low Score (Band D)
user_01869,59.3,C,31.0,1.0,40000.0,REJECTED,0.0,Insufficient history (1.0 vends/60d); Dormant (Last vend 31.0 days ago)
user_01870,37.9,D,0.0,3.0,2000.0,REJECTED,0.0,Insufficient history (3.0 vends/60d)
user_01871,32.3,D,1.0,2.0,1500.0,REJECTED,0.0,Insufficient history (2.0 vends/60d)
user_01872,70.2,B,1.0,14.0,50000.0,APPROVED,7500.0,Eligible
user_01873,40.8,D,3.0,6.0,1812.5,REJECTED,0.0,Low Score (Band D)
user_01874,40.8,D,3.0,7.0,2000.0,REJECTED,0.0,Low Score (Band D)
user_01875,43.9,D,13.0,4.0,2000.0,REJECTED,0.0,Insufficient history (4.0 vends/60d)
user_01876,46.3,D,0.0,7.0,2000.0,REJECTED,0.0,Low Score (Band D)
user_01877,68.6,B,4.0,7.0,66000.0,APPROVED,7500.0,Eligible
user_01878,31.6,D,3.0,5.0,1000.0,REJECTED,0.0,Insufficient history (5.0 vends/60d)
user_01879,73.6,B,0.0,9.0,180000.0,APPROVED,7500.0,Eligible
user_01880,53.1,C,27.0,2.0,5000.0,REJECTED,0.0,Insufficient history (2.0 vends/60d)
user_01881,42.2,D,1.0,10.0,2114.0,REJECTED,0.0,Low Score (Band D)
user_01882,37.9,D,65.0,0.0,2000.0,REJECTED,0.0,Insufficient history (0.0 vends/60d); Dormant (Last vend 65.0 days ago)
user_01883,43.6,D,3.0,12.0,2250.0,REJECTED,0.0,Low Score (Band D)
user_01884,37.7,D,0.0,7.0,1750.0,REJECTED,0.0,Low Score (Band D)
user_01885,42.1,D,0.0,6.0,2000.0,REJECTED,0.0,Low Score (Band D)
user_01886,72.9,B,3.0,11.0,44000.0,APPROVED,7500.0,Eligible
user_01887,43.6,D,5.0,2.0,2000.0,REJECTED,0.0,Insufficient history (2.0 vends/60d)
user_01888,40.6,D,1.0,5.0,2000.0,REJECTED,0.0,Insufficient history (5.0 vends/60d)
user_01889,43.8,D,12.0,8.0,2000.0,REJECTED,0.0,Low Score (Band D)
user_01890,64.5,C,2.0,3.0,73500.0,REJECTED,0.0,Insufficient history (3.0 vends/60d)
user_01891,70.7,B,3.0,12.0,48000.0,APPROVED,7500.0,Eligible
user_01892,34.4,D,3.0,3.0,1500.0,REJECTED,0.0,Insufficient history (3.0 vends/60d)
user_01893,51.2,C,1.0,10.0,2250.0,REJECTED,0.0,Calculated limit (1125.0) below min threshold
user_01894,40.0,D,0.0,7.0,2000.0,REJECTED,0.0,Low Score (Band D)
user_01895,45.3,D,3.0,7.0,1500.0,REJECTED,0.0,Low Score (Band D)
user_01896,36.4,D,5.0,3.0,2000.0,REJECTED,0.0,Insufficient history (3.0 vends/60d)
user_01897,33.3,D,4.0,3.0,1250.0,REJECTED,0.0,Insufficient history (3.0 vends/60d)
user_01898,43.3,D,2.0,7.0,1995.5,REJECTED,0.0,Low Score (Band D)
user_01899,38.6,D,0.0,6.0,2000.0,REJECTED,0.0,Low Score (Band D)
user_01900,37.5,D,6.0,7.0,1500.0,REJECTED,0.0,Low Score (Band D)
user_01901,47.2,D,8.0,8.0,2000.0,REJECTED,0.0,Low Score (Band D)
user_01902,43.2,D,1.0,8.0,2000.0,REJECTED,0.0,Low Score (Band D)
user_01903,44.8,D,4.0,6.0,2000.0,REJECTED,0.0,Low Score (Band D)
user_01904,61.7,C,1.0,2.0,75000.0,REJECTED,0.0,Insufficient history (2.0 vends/60d)
user_01905,44.5,D,0.0,7.0,2000.0,REJECTED,0.0,Low Score (Band D)
user_01906,46.2,D,0.0,9.0,1500.0,REJECTED,0.0,Low Score (Band D)
user_01907,43.2,D,8.0,7.0,1750.0,REJECTED,0.0,Low Score (Band D)
user_01908,43.4,D,3.0,15.0,1750.0,REJECTED,0.0,Low Score (Band D)
user_01909,43.9,D,0.0,5.0,2000.0,REJECTED,0.0,Insufficient history (5.0 vends/60d)
user_01910,64.6,C,32.0,1.0,215000.0,REJECTED,0.0,Insufficient history (1.0 vends/60d); Dormant (Last vend 32.0 days ago)
user_01911,31.8,D,1.0,3.0,1500.0,REJECTED,0.0,Insufficient history (3.0 vends/60d)
user_01912,43.8,D,3.0,10.0,1500.0,REJECTED,0.0,Low Score (Band D)
user_01913,37.4,D,4.0,4.0,2000.0,REJECTED,0.0,Insufficient history (4.0 vends/60d)
user_01914,45.9,D,0.0,9.0,2000.0,REJECTED,0.0,Low Score (Band D)
user_01915,42.7,D,4.0,9.0,2000.0,REJECTED,0.0,Low Score (Band D)
user_01916,39.4,D,3.0,9.0,1500.0,REJECTED,0.0,Low Score (Band D)
user_01917,41.3,D,4.0,4.0,2000.0,REJECTED,0.0,Insufficient history (4.0 vends/60d)
user_01918,34.4,D,21.0,4.0,2000.0,REJECTED,0.0,Insufficient history (4.0 vends/60d)
user_01919,69.5,B,1.0,9.0,52000.0,APPROVED,7500.0,Eligible
user_01920,50.5,C,17.0,9.0,1985.0,REJECTED,0.0,Calculated limit (992.5) below min threshold
user_01921,42.3,D,0.0,12.0,1862.0,REJECTED,0.0,Low Score (Band D)
user_01922,61.0,C,21.0,2.0,66000.0,REJECTED,0.0,Insufficient history (2.0 vends/60d)
user_01923,70.0,B,1.0,6.0,50000.0,APPROVED,7500.0,Eligible
user_01924,72.8,B,0.0,9.0,150000.0,APPROVED,7500.0,Eligible
user_01925,40.7,D,1.0,2.0,1500.0,REJECTED,0.0,Insufficient history (2.0 vends/60d)
user_01926,66.0,B,2.0,3.0,56000.0,REJECTED,0.0,Insufficient history (3.0 vends/60d)
user_01927,46.3,D,0.0,10.0,2000.0,REJECTED,0.0,Low Score (Band D)
user_01928,40.8,D,32.0,6.0,1500.0,REJECTED,0.0,Dormant (Last vend 32.0 days ago)
user_01929,35.8,D,0.0,4.0,1500.0,REJECTED,0.0,Insufficient history (4.0 vends/60d)
user_01930,49.4,D,1.0,10.0,2422.5,REJECTED,0.0,Low Score (Band D)
user_01931,40.4,D,2.0,7.0,2000.0,REJECTED,0.0,Low Score (Band D)
user_01932,39.7,D,4.0,4.0,2000.0,REJECTED,0.0,Insufficient history (4.0 vends/60d)
user_01933,36.5,D,0.0,3.0,1750.0,REJECTED,0.0,Insufficient history (3.0 vends/60d)
user_01934,46.1,D,3.0,9.0,1750.0,REJECTED,0.0,Low Score (Band D)
user_01935,51.3,C,4.0,11.0,1750.0,REJECTED,0.0,Calculated limit (875.0) below min threshold
user_01936,44.8,D,14.0,9.0,2000.0,REJECTED,0.0,Low Score (Band D)
user_01937,70.9,B,0.0,8.0,50000.0,APPROVED,7500.0,Eligible
user_01938,39.4,D,4.0,3.0,2000.0,REJECTED,0.0,Insufficient history (3.0 vends/60d)
user_01939,68.9,B,0.0,7.0,48500.0,APPROVED,7500.0,Eligible
user_01940,39.5,D,2.0,6.0,1750.0,REJECTED,0.0,Low Score (Band D)
user_01941,33.8,D,2.0,6.0,1500.0,REJECTED,0.0,Low Score (Band D)
user_01942,42.4,D,1.0,9.0,1500.0,REJECTED,0.0,Low Score (Band D)
user_01943,41.2,D,0.0,12.0,2000.0,REJECTED,0.0,Low Score (Band D)
user_01944,74.4,B,1.0,12.0,41000.0,APPROVED,7500.0,Eligible
user_01945,31.1,D,0.0,3.0,1500.0,REJECTED,0.0,Insufficient history (3.0 vends/60d)
user_01946,37.7,D,1.0,7.0,2000.0,REJECTED,0.0,Low Score (Band D)
user_01947,70.6,B,46.0,3.0,180000.0,REJECTED,0.0,Insufficient history (3.0 vends/60d); Dormant (Last vend 46.0 days ago)
user_01948,44.4,D,0.0,7.0,2000.0,REJECTED,0.0,Low Score (Band D)
user_01949,59.6,C,3.0,2.0,40000.0,REJECTED,0.0,Insufficient history (2.0 vends/60d)
user_01950,41.9,D,3.0,5.0,2094.0,REJECTED,0.0,Insufficient history (5.0 vends/60d)
user_01951,44.5,D,4.0,9.0,2000.0,REJECTED,0.0,Low Score (Band D)
user_01952,42.4,D,5.0,6.0,1875.0,REJECTED,0.0,Low Score (Band D)
user_01953,40.5,D,2.0,2.0,2000.0,REJECTED,0.0,Insufficient history (2.0 vends/60d)
user_01954,34.4,D,0.0,2.0,1750.0,REJECTED,0.0,Insufficient history (2.0 vends/60d)
user_01955,64.7,C,33.0,1.0,73000.0,REJECTED,0.0,Insufficient history (1.0 vends/60d); Dormant (Last vend 33.0 days ago)
user_01956,48.4,D,0.0,7.0,2797.0,REJECTED,0.0,Low Score (Band D)
user_01957,33.4,D,53.0,1.0,1000.0,REJECTED,0.0,Insufficient history (1.0 vends/60d); Dormant (Last vend 53.0 days ago)
user_01958,43.2,D,5.0,7.0,2000.0,REJECTED,0.0,Low Score (Band D)
user_01959,37.4,D,3.0,3.0,1875.0,REJECTED,0.0,Insufficient history (3.0 vends/60d)
user_01960,47.6,D,3.0,11.0,2000.0,REJECTED,0.0,Low Score (Band D)
user_01961,43.1,D,18.0,7.0,2000.0,REJECTED,0.0,Low Score (Band D)
user_01962,41.0,D,10.0,8.0,1812.5,REJECTED,0.0,Low Score (Band D)
user_01963,33.4,D,3.0,6.0,1250.0,REJECTED,0.0,Low Score (Band D)
user_01964,41.7,D,0.0,8.0,2000.0,REJECTED,0.0,Low Score (Band D)
user_01965,32.9,D,65.0,0.0,1500.0,REJECTED,0.0,Insufficient history (0.0 vends/60d); Dormant (Last vend 65.0 days ago)
user_01966,29.6,D,31.0,1.0,1250.0,REJECTED,0.0,Insufficient history (1.0 vends/60d); Dormant (Last vend 31.0 days ago)
user_01967,47.0,D,3.0,8.0,2000.0,REJECTED,0.0,Low Score (Band D)
user_01968,45.1,D,1.0,10.0,1995.5,REJECTED,0.0,Low Score (Band D)
user_01969,43.6,D,5.0,5.0,2000.0,REJECTED,0.0,Insufficient history (5.0 vends/60d)
user_01970,70.3,B,2.0,7.0,50000.0,APPROVED,7500.0,Eligible
user_01971,43.6,D,26.0,4.0,2500.0,REJECTED,0.0,Insufficient history (4.0 vends/60d)
user_01972,43.1,D,5.0,2.0,3000.0,REJECTED,0.0,Insufficient history (2.0 vends/60d)
user_01973,45.1,D,8.0,4.0,2687.5,REJECTED,0.0,Insufficient history (4.0 vends/60d)
user_01974,41.7,D,3.0,5.0,2000.0,REJECTED,0.0,Insufficient history (5.0 vends/60d)
user_01975,41.4,D,4.0,6.0,2000.0,REJECTED,0.0,Low Score (Band D)
user_01976,64.7,C,33.0,2.0,54000.0,REJECTED,0.0,Insufficient history (2.0 vends/60d); Dormant (Last vend 33.0 days ago)
user_01977,39.3,D,0.0,8.0,2000.0,REJECTED,0.0,Low Score (Band D)
user_01978,48.3,D,3.0,2.0,3750.0,REJECTED,0.0,Insufficient history (2.0 vends/60d)
user_01979,69.6,B,2.0,6.0,67500.0,APPROVED,7500.0,Eligible
user_01980,73.9,B,18.0,6.0,50000.0,APPROVED,7500.0,Eligible
user_01981,34.2,D,4.0,4.0,1500.0,REJECTED,0.0,Insufficient history (4.0 vends/60d)
user_01982,39.4,D,0.0,6.0,1500.0,REJECTED,0.0,Low Score (Band D)
user_01983,43.6,D,1.0,11.0,2000.0,REJECTED,0.0,Low Score (Band D)
user_01984,40.7,D,0.0,3.0,1750.0,REJECTED,0.0,Insufficient history (3.0 vends/60d)
user_01985,78.1,B,0.0,10.0,190000.0,APPROVED,7500.0,Eligible
user_01986,44.4,D,4.0,8.0,2000.0,REJECTED,0.0,Low Score (Band D)
user_01987,42.8,D,18.0,4.0,1625.0,REJECTED,0.0,Insufficient history (4.0 vends/60d)
user_01988,72.4,B,9.0,9.0,55000.0,APPROVED,7500.0,Eligible
user_01989,47.3,D,1.0,12.0,2000.0,REJECTED,0.0,Low Score (Band D)
user_01990,77.0,B,1.0,5.0,180000.0,REJECTED,0.0,Insufficient history (5.0 vends/60d)
user_01991,63.4,C,5.0,1.0,66000.0,REJECTED,0.0,Insufficient history (1.0 vends/60d)
user_01992,41.9,D,2.0,10.0,2000.0,REJECTED,0.0,Low Score (Band D)
user_01993,49.7,D,0.0,16.0,2000.0,REJECTED,0.0,Low Score (Band D)
user_01994,41.1,D,7.0,9.0,2000.0,REJECTED,0.0,Low Score (Band D)
user_01995,49.5,D,2.0,2.0,2000.0,REJECTED,0.0,Insufficient history (2.0 vends/60d)
user_01996,39.9,D,4.0,6.0,1500.0,REJECTED,0.0,Low Score (Band D)
user_01997,37.6,D,1.0,6.0,1500.0,REJECTED,0.0,Low Score (Band D)
user_01998,42.9,D,7.0,8.0,1750.0,REJECTED,0.0,Low Score (Band D)
user_01999,62.5,C,5.0,1.0,68000.0,REJECTED,0.0,Insufficient history (1.0 vends/60d)
user_02000,35.5,D,18.0,2.0,2000.0,REJECTED,0.0,Insufficient history (2.0 vends/60d)
user_02001,52.5,C,0.0,13.0,2250.0,REJECTED,0.0,Calculated limit (1125.0) below min threshold
user_02002,41.7,D,4.0,5.0,2000.0,REJECTED,0.0,Insufficient history (5.0 vends/60d)
user_02003,43.4,D,17.0,6.0,1750.0,REJECTED,0.0,Low Score (Band D)
user_02004,35.5,D,4.0,4.0,2000.0,REJECTED,0.0,Insufficient history (4.0 vends/60d)
user_02005,74.0,B,1.0,8.0,56000.0,APPROVED,7500.0,Eligible
user_02006,49.2,D,1.0,12.0,2500.0,REJECTED,0.0,Low Score (Band D)
user_02007,43.4,D,31.0,7.0,2000.0,REJECTED,0.0,Dormant (Last vend 31.0 days ago)
user_02008,43.4,D,5.0,12.0,1750.0,REJECTED,0.0,Low Score (Band D)
user_02009,65.5,B,51.0,2.0,67500.0,REJECTED,0.0,Insufficient history (2.0 vends/60d); Dormant (Last vend 51.0 days ago)
user_02010,47.0,D,0.0,3.0,3000.0,REJECTED,0.0,Insufficient history (3.0 vends/60d)
user_02011,65.9,B,4.0,2.0,75000.0,REJECTED,0.0,Insufficient history (2.0 vends/60d)
user_02012,41.0,D,1.0,5.0,1750.0,REJECTED,0.0,Insufficient history (5.0 vends/60d)
user_02013,45.9,D,4.0,4.0,3750.0,REJECTED,0.0,Insufficient history (4.0 vends/60d)
user_02014,40.7,D,12.0,5.0,2000.0,REJECTED,0.0,Insufficient history (5.0 vends/60d)
user_02015,45.7,D,4.0,10.0,1796.5,REJECTED,0.0,Low Score (Band D)
user_02016,38.8,D,4.0,7.0,1887.0,REJECTED,0.0,Low Score (Band D)
user_02017,46.7,D,4.0,6.0,2000.0,REJECTED,0.0,Low Score (Band D)
user_02018,61.8,C,29.0,4.0,50000.0,REJECTED,0.0,Insufficient history (4.0 vends/60d)
user_02019,46.5,D,6.0,10.0,1919.0,REJECTED,0.0,Low Score (Band D)
user_02020,42.7,D,0.0,8.0,2500.0,REJECTED,0.0,Low Score (Band D)
user_02021,67.3,B,5.0,2.0,180000.0,REJECTED,0.0,Insufficient history (2.0 vends/60d)
user_02022,35.6,D,1.0,5.0,1662.5,REJECTED,0.0,Insufficient history (5.0 vends/60d)
user_02023,36.9,D,2.0,5.0,2345.0,REJECTED,0.0,Insufficient history (5.0 vends/60d)
user_02024,44.7,D,3.0,9.0,2000.0,REJECTED,0.0,Low Score (Band D)
user_02025,72.3,B,3.0,7.0,53000.0,APPROVED,7500.0,Eligible
user_02026,71.2,B,4.0,3.0,186646.0,REJECTED,0.0,Insufficient history (3.0 vends/60d)
user_02027,41.2,D,2.0,8.0,1625.0,REJECTED,0.0,Low Score (Band D)
user_02028,71.4,B,1.0,7.0,52500.0,APPROVED,7500.0,Eligible
user_02029,70.9,B,0.0,10.0,50000.0,APPROVED,7500.0,Eligible
user_02030,72.7,B,2.0,9.0,75000.0,APPROVED,7500.0,Eligible
user_02031,72.3,B,0.0,12.0,59000.0,APPROVED,7500.0,Eligible
user_02032,61.6,C,64.0,0.0,192348.0,REJECTED,0.0,Insufficient history (0.0 vends/60d); Dormant (Last vend 64.0 days ago)
user_02033,72.8,B,3.0,8.0,180000.0,APPROVED,7500.0,Eligible
user_02034,45.2,D,14.0,5.0,2000.0,REJECTED,0.0,Insufficient history (5.0 vends/60d)
user_02035,42.2,D,51.0,1.0,2000.0,REJECTED,0.0,Insufficient history (1.0 vends/60d); Dormant (Last vend 51.0 days ago)
user_02036,39.9,D,1.0,3.0,2000.0,REJECTED,0.0,Insufficient history (3.0 vends/60d)
user_02037,45.3,D,4.0,11.0,2000.0,REJECTED,0.0,Low Score (Band D)
user_02038,73.8,B,7.0,6.0,200000.0,APPROVED,7500.0,Eligible
user_02039,40.8,D,2.0,6.0,2000.0,REJECTED,0.0,Low Score (Band D)
user_02040,43.3,D,24.0,7.0,2000.0,REJECTED,0.0,Low Score (Band D)
user_02041,39.4,D,13.0,4.0,1125.0,REJECTED,0.0,Insufficient history (4.0 vends/60d)
user_02042,46.4,D,0.0,7.0,2000.0,REJECTED,0.0,Low Score (Band D)
user_02043,69.5,B,3.0,7.0,50000.0,APPROVED,7500.0,Eligible
user_02044,44.0,D,1.0,9.0,2000.0,REJECTED,0.0,Low Score (Band D)
user_02045,46.3,D,4.0,11.0,2000.0,REJECTED,0.0,Low Score (Band D)
user_02046,48.9,D,3.0,6.0,2000.0,REJECTED,0.0,Low Score (Band D)
user_02047,44.8,D,3.0,5.0,1500.0,REJECTED,0.0,Insufficient history (5.0 vends/60d)
user_02048,31.8,D,63.0,0.0,1750.0,REJECTED,0.0,Insufficient history (0.0 vends/60d); Dormant (Last vend 63.0 days ago)
user_02049,47.4,D,2.0,12.0,2000.0,REJECTED,0.0,Low Score (Band D)
user_02050,43.5,D,0.0,11.0,2000.0,REJECTED,0.0,Low Score (Band D)
user_02051,39.6,D,2.0,11.0,1594.0,REJECTED,0.0,Low Score (Band D)
user_02052,46.6,D,5.0,8.0,1875.0,REJECTED,0.0,Low Score (Band D)
user_02053,45.2,D,1.0,8.0,2000.0,REJECTED,0.0,Low Score (Band D)
user_02054,40.6,D,1.0,2.0,2000.0,REJECTED,0.0,Insufficient history (2.0 vends/60d)
user_02055,68.9,B,2.0,13.0,50000.0,APPROVED,7500.0,Eligible
user_02056,48.1,D,16.0,7.0,2000.0,REJECTED,0.0,Low Score (Band D)
user_02057,34.5,D,20.0,1.0,2000.0,REJECTED,0.0,Insufficient history (1.0 vends/60d)
user_02058,45.0,D,5.0,11.0,1750.0,REJECTED,0.0,Low Score (Band D)
user_02059,43.6,D,4.0,8.0,1750.0,REJECTED,0.0,Low Score (Band D)
user_02060,50.1,C,0.0,13.0,2000.0,REJECTED,0.0,Calculated limit (1000.0) below min threshold
user_02061,41.1,D,0.0,8.0,2000.0,REJECTED,0.0,Low Score (Band D)
user_02062,69.0,B,9.0,8.0,75000.0,APPROVED,7500.0,Eligible
user_02063,38.3,D,7.0,6.0,1534.5,REJECTED,0.0,Low Score (Band D)
user_02064,35.2,D,2.0,2.0,2250.0,REJECTED,0.0,Insufficient history (2.0 vends/60d)
user_02065,46.3,D,0.0,10.0,2000.0,REJECTED,0.0,Low Score (Band D)
user_02066,42.0,D,0.0,11.0,1750.0,REJECTED,0.0,Low Score (Band D)
user_02067,75.2,B,2.0,7.0,59000.0,APPROVED,7500.0,Eligible
user_02068,43.0,D,1.0,7.0,1500.0,REJECTED,0.0,Low Score (Band D)
user_02069,51.5,C,5.0,6.0,2345.0,REJECTED,0.0,Calculated limit (1172.5) below min threshold
user_02070,39.1,D,6.0,6.0,2000.0,REJECTED,0.0,Low Score (Band D)
user_02071,42.0,D,0.0,6.0,2000.0,REJECTED,0.0,Low Score (Band D)
user_02072,49.5,D,4.0,8.0,2000.0,REJECTED,0.0,Low Score (Band D)
user_02073,55.2,C,5.0,11.0,2000.0,REJECTED,0.0,Calculated limit (1000.0) below min threshold
user_02074,46.6,D,16.0,11.0,2000.0,REJECTED,0.0,Low Score (Band D)
user_02075,32.9,D,3.0,1.0,1562.5,REJECTED,0.0,Insufficient history (1.0 vends/60d)
user_02076,48.0,D,2.0,13.0,2000.0,REJECTED,0.0,Low Score (Band D)
user_02077,63.2,C,0.0,2.0,135000.0,REJECTED,0.0,Insufficient history (2.0 vends/60d)
user_02078,38.8,D,1.0,8.0,2000.0,REJECTED,0.0,Low Score (Band D)
user_02079,37.4,D,7.0,5.0,1500.0,REJECTED,0.0,Insufficient history (5.0 vends/60d)
user_02080,46.8,D,7.0,10.0,2345.0,REJECTED,0.0,Low Score (Band D)
user_02081,70.5,B,2.0,6.0,67000.0,APPROVED,7500.0,Eligible
user_02082,38.7,D,2.0,4.0,2000.0,REJECTED,0.0,Insufficient history (4.0 vends/60d)
user_02083,48.9,D,0.0,13.0,2086.0,REJECTED,0.0,Low Score (Band D)
user_02084,36.0,D,3.0,5.0,2000.0,REJECTED,0.0,Insufficient history (5.0 vends/60d)
user_02085,43.8,D,2.0,7.0,2000.0,REJECTED,0.0,Low Score (Band D)
user_02086,44.1,D,0.0,11.0,1750.0,REJECTED,0.0,Low Score (Band D)
user_02087,41.2,D,2.0,9.0,1750.0,REJECTED,0.0,Low Score (Band D)
user_02088,36.3,D,22.0,5.0,2000.0,REJECTED,0.0,Insufficient history (5.0 vends/60d)
user_02089,46.7,D,4.0,10.0,2000.0,REJECTED,0.0,Low Score (Band D)
user_02090,47.2,D,3.0,14.0,2000.0,REJECTED,0.0,Low Score (Band D)
user_02091,46.3,D,5.0,7.0,2000.0,REJECTED,0.0,Low Score (Band D)
user_02092,31.0,D,0.0,3.0,1258.5,REJECTED,0.0,Insufficient history (3.0 vends/60d)
user_02093,43.6,D,0.0,4.0,2000.0,REJECTED,0.0,Insufficient history (4.0 vends/60d)
user_02094,38.2,D,7.0,6.0,1500.0,REJECTED,0.0,Low Score (Band D)
user_02095,45.7,D,4.0,5.0,2000.0,REJECTED,0.0,Insufficient history (5.0 vends/60d)
user_02096,39.1,D,3.0,9.0,1500.0,REJECTED,0.0,Low Score (Band D)
user_02097,47.9,D,0.0,11.0,2000.0,REJECTED,0.0,Low Score (Band D)
user_02098,43.7,D,1.0,8.0,2000.0,REJECTED,0.0,Low Score (Band D)
user_02099,48.9,D,3.0,14.0,2000.0,REJECTED,0.0,Low Score (Band D)
user_02100,48.9,D,3.0,11.0,2000.0,REJECTED,0.0,Low Score (Band D)
user_02101,42.3,D,4.0,7.0,2000.0,REJECTED,0.0,Low Score (Band D)
user_02102,71.6,B,1.0,6.0,68500.0,APPROVED,7500.0,Eligible
user_02103,44.7,D,5.0,2.0,2000.0,REJECTED,0.0,Insufficient history (2.0 vends/60d)
user_02104,43.6,D,2.0,4.0,2000.0,REJECTED,0.0,Insufficient history (4.0 vends/60d)
user_02105,42.9,D,8.0,6.0,2000.0,REJECTED,0.0,Low Score (Band D)
user_02106,75.5,B,8.0,8.0,180000.0,APPROVED,7500.0,Eligible
user_02107,33.5,D,0.0,2.0,1375.0,REJECTED,0.0,Insufficient history (2.0 vends/60d)
user_02108,75.4,B,2.0,13.0,180000.0,APPROVED,7500.0,Eligible
user_02109,70.4,B,3.0,11.0,50000.0,APPROVED,7500.0,Eligible
user_02110,62.4,C,0.0,2.0,40000.0,REJECTED,0.0,Insufficient history (2.0 vends/60d)
user_02111,36.8,D,1.0,4.0,1500.0,REJECTED,0.0,Insufficient history (4.0 vends/60d)
user_02112,40.8,D,0.0,7.0,1621.5,REJECTED,0.0,Low Score (Band D)
user_02113,59.6,C,0.0,3.0,5000.0,REJECTED,0.0,Insufficient history (3.0 vends/60d)
user_02114,69.5,B,1.0,8.0,190000.0,APPROVED,7500.0,Eligible
user_02115,46.6,D,8.0,10.0,2250.0,REJECTED,0.0,Low Score (Band D)
user_02116,39.1,D,3.0,2.0,1250.0,REJECTED,0.0,Insufficient history (2.0 vends/60d)
user_02117,42.8,D,4.0,14.0,1750.0,REJECTED,0.0,Low Score (Band D)
user_02118,41.4,D,2.0,8.0,2500.0,REJECTED,0.0,Low Score (Band D)
user_02119,33.3,D,0.0,3.0,2000.0,REJECTED,0.0,Insufficient history (3.0 vends/60d)
user_02120,45.4,D,0.0,5.0,2750.0,REJECTED,0.0,Insufficient history (5.0 vends/60d)
user_02121,43.3,D,0.0,6.0,2000.0,REJECTED,0.0,Low Score (Band D)
user_02122,66.5,B,33.0,1.0,200000.0,REJECTED,0.0,Insufficient history (1.0 vends/60d); Dormant (Last vend 33.0 days ago)
user_02123,66.9,B,32.0,1.0,300000.0,REJECTED,0.0,Insufficient history (1.0 vends/60d); Dormant (Last vend 32.0 days ago)
user_02124,65.4,B,5.0,7.0,55000.0,APPROVED,7500.0,Eligible
user_02125,45.2,D,3.0,7.0,2250.0,REJECTED,0.0,Low Score (Band D)
user_02126,37.9,D,3.0,9.0,1672.5,REJECTED,0.0,Low Score (Band D)
user_02127,50.0,C,21.0,3.0,2000.0,REJECTED,0.0,Insufficient history (3.0 vends/60d)
user_02128,42.7,D,42.0,2.0,2000.0,REJECTED,0.0,Insufficient history (2.0 vends/60d); Dormant (Last vend 42.0 days ago)
user_02129,40.3,D,10.0,6.0,2000.0,REJECTED,0.0,Low Score (Band D)
user_02130,60.9,C,5.0,1.0,160000.0,REJECTED,0.0,Insufficient history (1.0 vends/60d)
user_02131,44.4,D,0.0,7.0,2000.0,REJECTED,0.0,Low Score (Band D)
user_02132,43.9,D,1.0,11.0,2000.0,REJECTED,0.0,Low Score (Band D)
user_02133,48.8,D,1.0,4.0,1500.0,REJECTED,0.0,Insufficient history (4.0 vends/60d)
user_02134,48.2,D,5.0,15.0,2000.0,REJECTED,0.0,Low Score (Band D)
user_02135,74.5,B,1.0,16.0,73000.0,APPROVED,7500.0,Eligible
user_02136,41.6,D,3.0,6.0,2000.0,REJECTED,0.0,Low Score (Band D)
user_02137,31.5,D,19.0,2.0,1500.0,REJECTED,0.0,Insufficient history (2.0 vends/60d)
user_02138,43.6,D,3.0,5.0,2000.0,REJECTED,0.0,Insufficient history (5.0 vends/60d)
user_02139,41.6,D,10.0,5.0,2000.0,REJECTED,0.0,Insufficient history (5.0 vends/60d)
user_02140,43.0,D,2.0,9.0,2000.0,REJECTED,0.0,Low Score (Band D)
user_02141,49.4,D,1.0,6.0,3000.0,REJECTED,0.0,Low Score (Band D)
user_02142,42.6,D,8.0,7.0,1875.0,REJECTED,0.0,Low Score (Band D)
user_02143,31.8,D,79.0,0.0,1500.0,REJECTED,0.0,Insufficient history (0.0 vends/60d); Dormant (Last vend 79.0 days ago)
user_02144,41.1,D,8.0,7.0,2000.0,REJECTED,0.0,Low Score (Band D)
user_02145,64.2,C,0.0,3.0,47000.0,REJECTED,0.0,Insufficient history (3.0 vends/60d)
user_02146,51.0,C,3.0,4.0,2500.0,REJECTED,0.0,Insufficient history (4.0 vends/60d)
user_02147,45.1,D,1.0,9.0,2500.0,REJECTED,0.0,Low Score (Band D)
user_02148,41.5,D,0.0,9.0,1500.0,REJECTED,0.0,Low Score (Band D)
user_02149,46.9,D,0.0,7.0,2000.0,REJECTED,0.0,Low Score (Band D)
user_02150,62.3,C,14.0,3.0,53500.0,REJECTED,0.0,Insufficient history (3.0 vends/60d)
user_02151,46.5,D,5.0,7.0,2500.0,REJECTED,0.0,Low Score (Band D)
user_02152,32.3,D,2.0,4.0,1375.0,REJECTED,0.0,Insufficient history (4.0 vends/60d)
user_02153,43.3,D,0.0,8.0,2500.0,REJECTED,0.0,Low Score (Band D)
user_02154,46.2,D,10.0,9.0,2000.0,REJECTED,0.0,Low Score (Band D)
user_02155,49.8,D,8.0,12.0,2000.0,REJECTED,0.0,Low Score (Band D)
user_02156,37.8,D,7.0,4.0,2000.0,REJECTED,0.0,Insufficient history (4.0 vends/60d)
user_02157,42.3,D,1.0,8.0,2000.0,REJECTED,0.0,Low Score (Band D)
user_02158,40.8,D,4.0,10.0,1937.5,REJECTED,0.0,Low Score (Band D)
user_02159,70.4,B,4.0,5.0,55000.0,REJECTED,0.0,Insufficient history (5.0 vends/60d)
user_02160,42.3,D,11.0,10.0,2000.0,REJECTED,0.0,Low Score (Band D)
user_02161,41.5,D,2.0,4.0,2000.0,REJECTED,0.0,Insufficient history (4.0 vends/60d)
user_02162,69.8,B,1.0,6.0,56500.0,APPROVED,7500.0,Eligible
user_02163,45.5,D,4.0,7.0,2000.0,REJECTED,0.0,Low Score (Band D)
user_02164,40.7,D,15.0,2.0,1875.0,REJECTED,0.0,Insufficient history (2.0 vends/60d)
user_02165,34.8,D,36.0,3.0,2000.0,REJECTED,0.0,Insufficient history (3.0 vends/60d); Dormant (Last vend 36.0 days ago)
user_02166,38.8,D,0.0,8.0,1486.5,REJECTED,0.0,Low Score (Band D)
user_02167,36.6,D,1.0,5.0,1500.0,REJECTED,0.0,Insufficient history (5.0 vends/60d)
user_02168,70.2,B,2.0,9.0,50000.0,APPROVED,7500.0,Eligible
user_02169,34.8,D,66.0,0.0,2125.0,REJECTED,0.0,Insufficient history (0.0 vends/60d); Dormant (Last vend 66.0 days ago)
user_02170,41.7,D,2.0,9.0,1937.5,REJECTED,0.0,Low Score (Band D)
user_02171,74.3,B,2.0,14.0,50000.0,APPROVED,7500.0,Eligible
user_02172,71.4,B,0.0,12.0,48000.0,APPROVED,7500.0,Eligible
user_02173,44.2,D,21.0,2.0,1153.5,REJECTED,0.0,Insufficient history (2.0 vends/60d)
user_02174,39.0,D,11.0,3.0,2000.0,REJECTED,0.0,Insufficient history (3.0 vends/60d)
user_02175,40.7,D,5.0,9.0,1500.0,REJECTED,0.0,Low Score (Band D)
user_02176,49.8,D,1.0,9.0,2000.0,REJECTED,0.0,Low Score (Band D)
user_02177,73.9,B,5.0,4.0,73500.0,REJECTED,0.0,Insufficient history (4.0 vends/60d)
user_02178,42.6,D,1.0,2.0,2750.0,REJECTED,0.0,Insufficient history (2.0 vends/60d)
user_02179,38.5,D,2.0,8.0,1875.0,REJECTED,0.0,Low Score (Band D)
user_02180,45.2,D,14.0,5.0,1997.0,REJECTED,0.0,Insufficient history (5.0 vends/60d)
user_02181,41.6,D,8.0,5.0,2000.0,REJECTED,0.0,Insufficient history (5.0 vends/60d)
user_02182,28.9,D,29.0,3.0,1000.0,REJECTED,0.0,Insufficient history (3.0 vends/60d)
user_02183,40.4,D,4.0,7.0,1375.0,REJECTED,0.0,Low Score (Band D)
user_02184,36.9,D,1.0,9.0,1500.0,REJECTED,0.0,Low Score (Band D)
user_02185,46.6,D,36.0,2.0,1500.0,REJECTED,0.0,Insufficient history (2.0 vends/60d); Dormant (Last vend 36.0 days ago)
user_02186,34.2,D,3.0,5.0,2000.0,REJECTED,0.0,Insufficient history (5.0 vends/60d)
user_02187,46.8,D,2.0,8.0,1875.0,REJECTED,0.0,Low Score (Band D)
user_02188,41.3,D,9.0,6.0,2000.0,REJECTED,0.0,Low Score (Band D)
user_02189,39.9,D,11.0,2.0,2672.5,REJECTED,0.0,Insufficient history (2.0 vends/60d)
user_02190,67.4,B,4.0,10.0,50000.0,APPROVED,7500.0,Eligible
user_02191,43.5,D,3.0,2.0,2345.0,REJECTED,0.0,Insufficient history (2.0 vends/60d)
user_02192,45.5,D,16.0,8.0,2500.0,REJECTED,0.0,Low Score (Band D)
user_02193,36.6,D,2.0,2.0,2000.0,REJECTED,0.0,Insufficient history (2.0 vends/60d)
user_02194,43.1,D,0.0,8.0,2000.0,REJECTED,0.0,Low Score (Band D)
user_02195,42.1,D,0.0,6.0,2000.0,REJECTED,0.0,Low Score (Band D)
user_02196,43.5,D,1.0,6.0,2000.0,REJECTED,0.0,Low Score (Band D)
user_02197,44.5,D,10.0,12.0,2000.0,REJECTED,0.0,Low Score (Band D)
user_02198,42.6,D,1.0,3.0,2000.0,REJECTED,0.0,Insufficient history (3.0 vends/60d)
user_02199,44.6,D,5.0,2.0,3456.0,REJECTED,0.0,Insufficient history (2.0 vends/60d)
user_02200,46.8,D,4.0,7.0,2000.0,REJECTED,0.0,Low Score (Band D)
user_02201,33.2,D,0.0,3.0,2000.0,REJECTED,0.0,Insufficient history (3.0 vends/60d)
user_02202,33.6,D,91.0,0.0,2000.0,REJECTED,0.0,Insufficient history (0.0 vends/60d); Dormant (Last vend 91.0 days ago)
user_02203,46.5,D,6.0,12.0,2000.0,REJECTED,0.0,Low Score (Band D)
user_02204,76.8,B,0.0,11.0,180000.0,APPROVED,7500.0,Eligible
user_02205,43.8,D,29.0,1.0,1875.0,REJECTED,0.0,Insufficient history (1.0 vends/60d)
user_02206,45.5,D,0.0,8.0,1750.0,REJECTED,0.0,Low Score (Band D)
user_02207,44.2,D,7.0,4.0,2000.0,REJECTED,0.0,Insufficient history (4.0 vends/60d)
user_02208,45.2,D,3.0,9.0,1500.0,REJECTED,0.0,Low Score (Band D)
user_02209,61.4,C,2.0,2.0,68000.0,REJECTED,0.0,Insufficient history (2.0 vends/60d)
user_02210,44.0,D,2.0,12.0,1875.0,REJECTED,0.0,Low Score (Band D)
user_02211,41.6,D,93.0,0.0,3500.0,REJECTED,0.0,Insufficient history (0.0 vends/60d); Dormant (Last vend 93.0 days ago)
user_02212,39.6,D,2.0,9.0,1518.5,REJECTED,0.0,Low Score (Band D)
user_02213,42.7,D,1.0,9.0,1500.0,REJECTED,0.0,Low Score (Band D)
user_02214,32.7,D,61.0,0.0,1819.0,REJECTED,0.0,Insufficient history (0.0 vends/60d); Dormant (Last vend 61.0 days ago)
user_02215,47.7,D,3.0,15.0,2000.0,REJECTED,0.0,Low Score (Band D)
user_02216,45.6,D,3.0,15.0,2000.0,REJECTED,0.0,Low Score (Band D)
user_02217,42.2,D,0.0,7.0,1500.0,REJECTED,0.0,Low Score (Band D)
user_02218,75.0,B,4.0,9.0,51000.0,APPROVED,7500.0,Eligible
user_02219,33.8,D,4.0,4.0,1500.0,REJECTED,0.0,Insufficient history (4.0 vends/60d)
user_02220,35.5,D,0.0,4.0,2000.0,REJECTED,0.0,Insufficient history (4.0 vends/60d)
user_02221,45.3,D,12.0,14.0,2000.0,REJECTED,0.0,Low Score (Band D)
user_02222,42.3,D,2.0,13.0,2000.0,REJECTED,0.0,Low Score (Band D)
user_02223,31.5,D,1.0,2.0,1250.0,REJECTED,0.0,Insufficient history (2.0 vends/60d)
user_02224,72.3,B,0.0,8.0,68000.0,APPROVED,7500.0,Eligible
user_02225,73.8,B,0.0,15.0,53500.0,APPROVED,7500.0,Eligible
user_02226,46.1,D,0.0,11.0,1875.0,REJECTED,0.0,Low Score (Band D)
user_02227,34.3,D,0.0,4.0,1500.0,REJECTED,0.0,Insufficient history (4.0 vends/60d)
user_02228,32.7,D,18.0,3.0,1484.0,REJECTED,0.0,Insufficient history (3.0 vends/60d)
user_02229,46.8,D,0.0,6.0,2000.0,REJECTED,0.0,Low Score (Band D)
user_02230,45.4,D,14.0,3.0,1625.0,REJECTED,0.0,Insufficient history (3.0 vends/60d)
user_02231,39.8,D,11.0,3.0,1849.0,REJECTED,0.0,Insufficient history (3.0 vends/60d)
user_02232,43.7,D,7.0,14.0,2000.0,REJECTED,0.0,Low Score (Band D)
user_02233,77.0,B,5.0,13.0,56500.0,APPROVED,7500.0,Eligible
user_02234,42.5,D,18.0,5.0,2000.0,REJECTED,0.0,Insufficient history (5.0 vends/60d)
user_02235,44.0,D,0.0,11.0,2000.0,REJECTED,0.0,Low Score (Band D)
user_02236,41.1,D,1.0,8.0,1812.5,REJECTED,0.0,Low Score (Band D)
user_02237,38.9,D,5.0,2.0,2000.0,REJECTED,0.0,Insufficient history (2.0 vends/60d)
user_02238,39.2,D,15.0,9.0,1500.0,REJECTED,0.0,Low Score (Band D)
user_02239,42.8,D,3.0,10.0,2000.0,REJECTED,0.0,Low Score (Band D)
user_02240,45.6,D,8.0,6.0,1500.0,REJECTED,0.0,Low Score (Band D)
user_02241,33.9,D,23.0,3.0,2000.0,REJECTED,0.0,Insufficient history (3.0 vends/60d)
user_02242,44.6,D,4.0,9.0,1500.0,REJECTED,0.0,Low Score (Band D)
user_02243,41.8,D,3.0,9.0,2000.0,REJECTED,0.0,Low Score (Band D)
user_02244,46.2,D,1.0,10.0,2000.0,REJECTED,0.0,Low Score (Band D)
user_02245,44.6,D,2.0,9.0,2000.0,REJECTED,0.0,Low Score (Band D)
user_02246,72.4,B,0.0,12.0,50000.0,APPROVED,7500.0,Eligible
user_02247,46.2,D,0.0,7.0,1999.5,REJECTED,0.0,Low Score (Band D)
user_02248,44.8,D,5.0,10.0,2000.0,REJECTED,0.0,Low Score (Band D)
user_02249,32.9,D,1.0,3.0,1364.5,REJECTED,0.0,Insufficient history (3.0 vends/60d)
user_02250,49.4,D,1.0,14.0,2422.5,REJECTED,0.0,Low Score (Band D)
user_02251,42.2,D,42.0,1.0,2500.0,REJECTED,0.0,Insufficient history (1.0 vends/60d); Dormant (Last vend 42.0 days ago)
user_02252,39.3,D,0.0,8.0,1500.0,REJECTED,0.0,Low Score (Band D)
user_02253,69.4,B,4.0,4.0,171133.0,REJECTED,0.0,Insufficient history (4.0 vends/60d)
user_02254,68.2,B,3.0,7.0,54000.0,APPROVED,7500.0,Eligible
user_02255,49.5,D,7.0,9.0,3000.0,REJECTED,0.0,Low Score (Band D)
user_02256,44.8,D,1.0,11.0,1750.0,REJECTED,0.0,Low Score (Band D)
user_02257,38.3,D,0.0,3.0,1687.5,REJECTED,0.0,Insufficient history (3.0 vends/60d)
user_02258,47.2,D,2.0,3.0,2495.5,REJECTED,0.0,Insufficient history (3.0 vends/60d)
user_02259,31.4,D,0.0,2.0,1500.0,REJECTED,0.0,Insufficient history (2.0 vends/60d)
user_02260,62.1,C,0.0,1.0,41500.0,REJECTED,0.0,Insufficient history (1.0 vends/60d)
user_02261,41.7,D,21.0,3.0,2500.0,REJECTED,0.0,Insufficient history (3.0 vends/60d)
user_02262,44.7,D,16.0,6.0,2000.0,REJECTED,0.0,Low Score (Band D)
user_02263,44.6,D,0.0,10.0,2000.0,REJECTED,0.0,Low Score (Band D)
user_02264,40.8,D,25.0,3.0,2000.0,REJECTED,0.0,Insufficient history (3.0 vends/60d)
user_02265,39.8,D,1.0,8.0,1493.0,REJECTED,0.0,Low Score (Band D)
user_02266,43.1,D,1.0,5.0,2000.0,REJECTED,0.0,Insufficient history (5.0 vends/60d)
user_02267,44.7,D,10.0,4.0,2000.0,REJECTED,0.0,Insufficient history (4.0 vends/60d)
user_02268,43.2,D,0.0,16.0,1634.5,REJECTED,0.0,Low Score (Band D)
user_02269,49.0,D,2.0,5.0,2000.0,REJECTED,0.0,Insufficient history (5.0 vends/60d)
user_02270,48.1,D,0.0,8.0,2000.0,REJECTED,0.0,Low Score (Band D)
user_02271,49.0,D,18.0,7.0,2017.5,REJECTED,0.0,Low Score (Band D)
user_02272,33.2,D,2.0,5.0,1500.0,REJECTED,0.0,Insufficient history (5.0 vends/60d)
user_02273,64.8,C,16.0,2.0,180000.0,REJECTED,0.0,Insufficient history (2.0 vends/60d)
user_02274,45.9,D,4.0,15.0,2000.0,REJECTED,0.0,Low Score (Band D)
user_02275,32.6,D,72.0,0.0,2000.0,REJECTED,0.0,Insufficient history (0.0 vends/60d); Dormant (Last vend 72.0 days ago)
user_02276,41.1,D,16.0,7.0,2500.0,REJECTED,0.0,Low Score (Band D)
user_02277,40.7,D,7.0,7.0,2000.0,REJECTED,0.0,Low Score (Band D)
user_02278,38.1,D,2.0,7.0,1750.0,REJECTED,0.0,Low Score (Band D)
user_02279,43.6,D,4.0,7.0,2000.0,REJECTED,0.0,Low Score (Band D)
user_02280,44.1,D,64.0,0.0,3000.0,REJECTED,0.0,Insufficient history (0.0 vends/60d); Dormant (Last vend 64.0 days ago)
user_02281,36.1,D,2.0,6.0,2000.0,REJECTED,0.0,Low Score (Band D)
user_02282,69.5,B,12.0,8.0,40000.0,APPROVED,7500.0,Eligible
user_02283,42.9,D,8.0,2.0,1750.0,REJECTED,0.0,Insufficient history (2.0 vends/60d)
user_02284,46.3,D,3.0,12.0,2000.0,REJECTED,0.0,Low Score (Band D)
user_02285,40.2,D,13.0,6.0,1875.0,REJECTED,0.0,Low Score (Band D)
user_02286,42.0,D,11.0,4.0,2000.0,REJECTED,0.0,Insufficient history (4.0 vends/60d)
user_02287,43.4,D,2.0,7.0,2000.0,REJECTED,0.0,Low Score (Band D)
user_02288,47.4,D,3.0,6.0,2000.0,REJECTED,0.0,Low Score (Band D)
user_02289,46.4,D,5.0,8.0,2000.0,REJECTED,0.0,Low Score (Band D)
user_02290,43.1,D,1.0,5.0,2000.0,REJECTED,0.0,Insufficient history (5.0 vends/60d)
user_02291,68.6,B,0.0,7.0,48500.0,APPROVED,7500.0,Eligible
user_02292,32.7,D,4.0,3.0,1750.0,REJECTED,0.0,Insufficient history (3.0 vends/60d)
user_02293,43.0,D,0.0,12.0,1500.0,REJECTED,0.0,Low Score (Band D)
user_02294,44.5,D,2.0,9.0,2750.0,REJECTED,0.0,Low Score (Band D)
user_02295,62.4,C,9.0,3.0,59000.0,REJECTED,0.0,Insufficient history (3.0 vends/60d)
user_02296,39.5,D,0.0,7.0,2000.0,REJECTED,0.0,Low Score (Band D)
user_02297,45.5,D,2.0,13.0,1915.0,REJECTED,0.0,Low Score (Band D)
user_02298,47.2,D,4.0,12.0,2000.0,REJECTED,0.0,Low Score (Band D)
user_02299,70.8,B,5.0,6.0,180000.0,APPROVED,7500.0,Eligible
user_02300,48.4,D,5.0,5.0,2000.0,REJECTED,0.0,Insufficient history (5.0 vends/60d)
user_02301,70.4,B,5.0,6.0,78000.0,APPROVED,7500.0,Eligible
user_02302,32.4,D,2.0,4.0,1500.0,REJECTED,0.0,Insufficient history (4.0 vends/60d)
user_02303,45.7,D,25.0,5.0,2000.0,REJECTED,0.0,Insufficient history (5.0 vends/60d)
user_02304,41.7,D,2.0,7.0,2245.5,REJECTED,0.0,Low Score (Band D)
user_02305,45.9,D,0.0,9.0,2000.0,REJECTED,0.0,Low Score (Band D)
user_02306,38.1,D,11.0,3.0,1971.5,REJECTED,0.0,Insufficient history (3.0 vends/60d)
user_02307,32.4,D,4.0,4.0,1500.0,REJECTED,0.0,Insufficient history (4.0 vends/60d)
user_02308,37.2,D,0.0,7.0,1750.0,REJECTED,0.0,Low Score (Band D)
user_02309,47.1,D,0.0,11.0,2000.0,REJECTED,0.0,Low Score (Band D)
user_02310,69.5,B,0.0,6.0,180000.0,APPROVED,7500.0,Eligible
user_02311,43.8,D,3.0,6.0,2500.0,REJECTED,0.0,Low Score (Band D)
user_02312,44.0,D,0.0,11.0,1500.0,REJECTED,0.0,Low Score (Band D)
user_02313,32.4,D,2.0,6.0,1005.0,REJECTED,0.0,Low Score (Band D)
user_02314,45.9,D,5.0,14.0,2000.0,REJECTED,0.0,Low Score (Band D)
user_02315,43.8,D,8.0,12.0,1500.0,REJECTED,0.0,Low Score (Band D)
user_02316,67.3,B,3.0,7.0,74000.0,APPROVED,7500.0,Eligible
user_02317,46.4,D,4.0,11.0,1937.5,REJECTED,0.0,Low Score (Band D)
user_02318,45.5,D,4.0,5.0,2000.0,REJECTED,0.0,Insufficient history (5.0 vends/60d)
user_02319,36.4,D,6.0,3.0,2000.0,REJECTED,0.0,Insufficient history (3.0 vends/60d)
user_02320,73.6,B,1.0,5.0,50000.0,REJECTED,0.0,Insufficient history (5.0 vends/60d)
user_02321,49.2,D,1.0,12.0,2000.0,REJECTED,0.0,Low Score (Band D)
user_02322,44.2,D,0.0,15.0,1500.0,REJECTED,0.0,Low Score (Band D)
user_02323,39.0,D,18.0,3.0,2000.0,REJECTED,0.0,Insufficient history (3.0 vends/60d)
user_02324,38.1,D,9.0,2.0,1937.5,REJECTED,0.0,Insufficient history (2.0 vends/60d)
user_02325,32.1,D,0.0,2.0,1500.0,REJECTED,0.0,Insufficient history (2.0 vends/60d)
user_02326,42.9,D,1.0,7.0,2047.5,REJECTED,0.0,Low Score (Band D)
user_02327,40.4,D,0.0,3.0,1878.0,REJECTED,0.0,Insufficient history (3.0 vends/60d)
user_02328,46.9,D,0.0,11.0,2000.0,REJECTED,0.0,Low Score (Band D)
user_02329,46.5,D,2.0,11.0,2000.0,REJECTED,0.0,Low Score (Band D)
user_02330,46.7,D,1.0,13.0,2000.0,REJECTED,0.0,Low Score (Band D)
user_02331,43.8,D,2.0,4.0,2529.0,REJECTED,0.0,Insufficient history (4.0 vends/60d)
user_02332,46.2,D,0.0,7.0,2000.0,REJECTED,0.0,Low Score (Band D)
user_02333,46.7,D,3.0,7.0,2000.0,REJECTED,0.0,Low Score (Band D)
user_02334,28.3,D,0.0,2.0,1079.0,REJECTED,0.0,Insufficient history (2.0 vends/60d)
user_02335,41.8,D,2.0,5.0,2000.0,REJECTED,0.0,Insufficient history (5.0 vends/60d)
user_02336,38.0,D,35.0,4.0,2345.0,REJECTED,0.0,Insufficient history (4.0 vends/60d); Dormant (Last vend 35.0 days ago)
user_02337,46.7,D,1.0,3.0,2720.5,REJECTED,0.0,Insufficient history (3.0 vends/60d)
user_02338,73.1,B,4.0,8.0,50000.0,APPROVED,7500.0,Eligible
user_02339,45.4,D,18.0,5.0,2000.0,REJECTED,0.0,Insufficient history (5.0 vends/60d)
user_02340,38.4,D,1.0,9.0,1750.0,REJECTED,0.0,Low Score (Band D)
user_02341,31.1,D,4.0,1.0,1500.0,REJECTED,0.0,Insufficient history (1.0 vends/60d)
user_02342,71.3,B,0.0,7.0,74000.0,APPROVED,7500.0,Eligible
user_02343,72.8,B,3.0,7.0,180000.0,APPROVED,7500.0,Eligible
user_02344,73.4,B,2.0,8.0,40000.0,APPROVED,7500.0,Eligible
user_02345,47.1,D,1.0,10.0,2500.0,REJECTED,0.0,Low Score (Band D)
user_02346,38.8,D,4.0,8.0,1500.0,REJECTED,0.0,Low Score (Band D)
user_02347,40.5,D,26.0,5.0,2000.0,REJECTED,0.0,Insufficient history (5.0 vends/60d)
user_02348,71.0,B,1.0,9.0,50000.0,APPROVED,7500.0,Eligible
user_02349,64.6,C,18.0,3.0,70000.0,REJECTED,0.0,Insufficient history (3.0 vends/60d)
user_02350,68.2,B,4.0,4.0,152733.0,REJECTED,0.0,Insufficient history (4.0 vends/60d)
user_02351,53.8,C,16.0,5.0,2875.0,REJECTED,0.0,Insufficient history (5.0 vends/60d)
user_02352,50.1,C,5.0,10.0,2254.5,REJECTED,0.0,Calculated limit (1127.25) below min threshold
user_02353,40.4,D,1.0,7.0,1500.0,REJECTED,0.0,Low Score (Band D)
user_02354,37.2,D,0.0,3.0,1987.0,REJECTED,0.0,Insufficient history (3.0 vends/60d)
user_02355,42.5,D,2.0,7.0,2000.0,REJECTED,0.0,Low Score (Band D)
user_02356,45.7,D,4.0,1.0,3000.0,REJECTED,0.0,Insufficient history (1.0 vends/60d)
user_02357,38.4,D,9.0,2.0,2062.0,REJECTED,0.0,Insufficient history (2.0 vends/60d)
user_02358,44.2,D,2.0,5.0,2000.0,REJECTED,0.0,Insufficient history (5.0 vends/60d)
user_02359,39.4,D,0.0,7.0,1500.0,REJECTED,0.0,Low Score (Band D)
user_02360,31.7,D,26.0,2.0,1500.0,REJECTED,0.0,Insufficient history (2.0 vends/60d)
user_02361,51.7,C,3.0,13.0,2000.0,REJECTED,0.0,Calculated limit (1000.0) below min threshold
user_02362,51.7,C,0.0,10.0,2750.0,REJECTED,0.0,Calculated limit (1375.0) below min threshold
user_02363,40.9,D,4.0,8.0,1500.0,REJECTED,0.0,Low Score (Band D)
user_02364,44.4,D,3.0,21.0,2000.0,REJECTED,0.0,Low Score (Band D)
user_02365,42.6,D,4.0,9.0,2000.0,REJECTED,0.0,Low Score (Band D)
user_02366,45.8,D,2.0,10.0,1992.0,REJECTED,0.0,Low Score (Band D)
user_02367,45.0,D,1.0,4.0,2000.0,REJECTED,0.0,Insufficient history (4.0 vends/60d)
user_02368,66.6,B,18.0,4.0,61000.0,REJECTED,0.0,Insufficient history (4.0 vends/60d)
user_02369,44.4,D,1.0,13.0,2000.0,REJECTED,0.0,Low Score (Band D)
user_02370,42.4,D,12.0,7.0,2000.0,REJECTED,0.0,Low Score (Band D)
user_02371,30.5,D,22.0,2.0,1250.0,REJECTED,0.0,Insufficient history (2.0 vends/60d)
user_02372,47.5,D,2.0,9.0,2327.0,REJECTED,0.0,Low Score (Band D)
user_02373,58.9,C,35.0,1.0,34000.0,REJECTED,0.0,Insufficient history (1.0 vends/60d); Dormant (Last vend 35.0 days ago)
user_02374,33.4,D,7.0,1.0,1625.0,REJECTED,0.0,Insufficient history (1.0 vends/60d)
user_02375,38.8,D,3.0,2.0,1500.0,REJECTED,0.0,Insufficient history (2.0 vends/60d)
user_02376,34.8,D,47.0,1.0,1234.0,REJECTED,0.0,Insufficient history (1.0 vends/60d); Dormant (Last vend 47.0 days ago)
user_02377,35.8,D,15.0,1.0,1750.0,REJECTED,0.0,Insufficient history (1.0 vends/60d)
user_02378,50.0,C,6.0,10.0,2346.0,REJECTED,0.0,Calculated limit (1173.0) below min threshold
user_02379,49.5,D,0.0,6.0,2398.0,REJECTED,0.0,Low Score (Band D)
user_02380,40.5,D,0.0,4.0,1638.0,REJECTED,0.0,Insufficient history (4.0 vends/60d)
user_02381,33.7,D,3.0,2.0,1750.0,REJECTED,0.0,Insufficient history (2.0 vends/60d)
user_02382,47.7,D,2.0,7.0,2072.5,REJECTED,0.0,Low Score (Band D)
user_02383,71.1,B,0.0,3.0,58000.0,REJECTED,0.0,Insufficient history (3.0 vends/60d)
user_02384,35.3,D,5.0,2.0,1000.0,REJECTED,0.0,Insufficient history (2.0 vends/60d)
user_02385,47.6,D,1.0,12.0,2000.0,REJECTED,0.0,Low Score (Band D)
user_02386,69.0,B,3.0,9.0,49000.0,APPROVED,7500.0,Eligible
user_02387,36.5,D,18.0,3.0,1375.0,REJECTED,0.0,Insufficient history (3.0 vends/60d)
user_02388,39.9,D,31.0,3.0,1500.0,REJECTED,0.0,Insufficient history (3.0 vends/60d); Dormant (Last vend 31.0 days ago)
user_02389,45.2,D,3.0,7.0,1875.0,REJECTED,0.0,Low Score (Band D)
user_02390,45.2,D,3.0,9.0,2000.0,REJECTED,0.0,Low Score (Band D)
user_02391,71.5,B,3.0,7.0,49000.0,APPROVED,7500.0,Eligible
user_02392,33.1,D,123.0,0.0,2000.0,REJECTED,0.0,Insufficient history (0.0 vends/60d); Dormant (Last vend 123.0 days ago)
user_02393,47.4,D,0.0,6.0,2000.0,REJECTED,0.0,Low Score (Band D)
user_02394,66.1,B,3.0,6.0,50500.0,APPROVED,7500.0,Eligible
user_02395,44.0,D,0.0,5.0,1875.0,REJECTED,0.0,Insufficient history (5.0 vends/60d)
user_02396,39.3,D,6.0,6.0,1875.0,REJECTED,0.0,Low Score (Band D)
user_02397,45.4,D,26.0,3.0,2500.0,REJECTED,0.0,Insufficient history (3.0 vends/60d)
user_02398,34.8,D,50.0,1.0,2000.0,REJECTED,0.0,Insufficient history (1.0 vends/60d); Dormant (Last vend 50.0 days ago)
user_02399,37.5,D,2.0,2.0,1500.0,REJECTED,0.0,Insufficient history (2.0 vends/60d)
user_02400,39.0,D,5.0,6.0,2000.0,REJECTED,0.0,Low Score (Band D)
user_02401,62.4,C,24.0,3.0,64000.0,REJECTED,0.0,Insufficient history (3.0 vends/60d)
user_02402,38.5,D,2.0,6.0,1250.0,REJECTED,0.0,Low Score (Band D)
user_02403,44.0,D,9.0,8.0,2000.0,REJECTED,0.0,Low Score (Band D)
user_02404,45.3,D,0.0,5.0,2000.0,REJECTED,0.0,Insufficient history (5.0 vends/60d)
user_02405,41.9,D,0.0,4.0,2000.0,REJECTED,0.0,Insufficient history (4.0 vends/60d)
user_02406,74.4,B,0.0,11.0,55000.0,APPROVED,7500.0,Eligible
user_02407,41.2,D,3.0,8.0,1500.0,REJECTED,0.0,Low Score (Band D)
user_02408,40.6,D,0.0,6.0,1500.0,REJECTED,0.0,Low Score (Band D)
user_02409,34.4,D,0.0,3.0,2000.0,REJECTED,0.0,Insufficient history (3.0 vends/60d)
user_02410,40.3,D,4.0,2.0,2000.0,REJECTED,0.0,Insufficient history (2.0 vends/60d)
user_02411,49.7,D,3.0,13.0,2000.0,REJECTED,0.0,Low Score (Band D)
user_02412,65.1,B,2.0,5.0,50000.0,REJECTED,0.0,Insufficient history (5.0 vends/60d)
user_02413,34.6,D,3.0,5.0,1625.0,REJECTED,0.0,Insufficient history (5.0 vends/60d)
user_02414,41.6,D,22.0,4.0,2000.0,REJECTED,0.0,Insufficient history (4.0 vends/60d)
user_02415,71.4,B,0.0,9.0,59000.0,APPROVED,7500.0,Eligible
user_02416,48.2,D,3.0,9.0,2000.0,REJECTED,0.0,Low Score (Band D)
user_02417,41.9,D,3.0,9.0,2000.0,REJECTED,0.0,Low Score (Band D)
user_02418,35.7,D,5.0,4.0,2000.0,REJECTED,0.0,Insufficient history (4.0 vends/60d)
user_02419,73.3,B,5.0,11.0,60000.0,APPROVED,7500.0,Eligible
user_02420,76.7,B,1.0,8.0,180000.0,APPROVED,7500.0,Eligible
user_02421,42.4,D,2.0,10.0,1625.0,REJECTED,0.0,Low Score (Band D)
user_02422,75.3,B,4.0,12.0,180000.0,APPROVED,7500.0,Eligible
user_02423,43.1,D,3.0,4.0,2500.0,REJECTED,0.0,Insufficient history (4.0 vends/60d)
user_02424,39.4,D,1.0,10.0,1488.0,REJECTED,0.0,Low Score (Band D)
user_02425,47.4,D,4.0,13.0,1750.0,REJECTED,0.0,Low Score (Band D)
user_02426,44.3,D,2.0,7.0,2000.0,REJECTED,0.0,Low Score (Band D)
user_02427,58.2,C,61.0,0.0,55000.0,REJECTED,0.0,Insufficient history (0.0 vends/60d); Dormant (Last vend 61.0 days ago)
user_02428,43.8,D,3.0,2.0,1367.0,REJECTED,0.0,Insufficient history (2.0 vends/60d)
user_02429,70.3,B,17.0,2.0,74000.0,REJECTED,0.0,Insufficient history (2.0 vends/60d)
user_02430,66.4,B,11.0,4.0,50000.0,REJECTED,0.0,Insufficient history (4.0 vends/60d)
user_02431,36.5,D,0.0,4.0,1375.0,REJECTED,0.0,Insufficient history (4.0 vends/60d)
user_02432,66.2,B,2.0,5.0,45000.0,REJECTED,0.0,Insufficient history (5.0 vends/60d)
user_02433,71.0,B,2.0,7.0,60000.0,APPROVED,7500.0,Eligible
user_02434,44.9,D,1.0,17.0,1500.0,REJECTED,0.0,Low Score (Band D)
user_02435,46.8,D,0.0,17.0,1875.0,REJECTED,0.0,Low Score (Band D)
user_02436,37.0,D,0.0,5.0,2000.0,REJECTED,0.0,Insufficient history (5.0 vends/60d)
user_02437,38.9,D,5.0,4.0,3000.0,REJECTED,0.0,Insufficient history (4.0 vends/60d)
user_02438,71.1,B,0.0,6.0,50000.0,APPROVED,7500.0,Eligible
user_02439,28.9,D,12.0,3.0,1000.0,REJECTED,0.0,Insufficient history (3.0 vends/60d)
user_02440,38.4,D,4.0,1.0,2000.0,REJECTED,0.0,Insufficient history (1.0 vends/60d)
user_02441,36.7,D,4.0,6.0,1888.0,REJECTED,0.0,Low Score (Band D)
user_02442,76.5,B,0.0,11.0,200000.0,APPROVED,7500.0,Eligible
user_02443,65.2,B,34.0,3.0,50500.0,REJECTED,0.0,Insufficient history (3.0 vends/60d); Dormant (Last vend 34.0 days ago)
user_02444,42.9,D,6.0,12.0,2000.0,REJECTED,0.0,Low Score (Band D)
user_02445,44.7,D,3.0,4.0,2000.0,REJECTED,0.0,Insufficient history (4.0 vends/60d)
user_02446,41.9,D,21.0,4.0,2000.0,REJECTED,0.0,Insufficient history (4.0 vends/60d)
user_02447,71.4,B,1.0,9.0,73000.0,APPROVED,7500.0,Eligible
user_02448,62.8,C,3.0,3.0,42500.0,REJECTED,0.0,Insufficient history (3.0 vends/60d)
user_02449,69.8,B,4.0,6.0,50000.0,APPROVED,7500.0,Eligible
user_02450,44.7,D,1.0,9.0,1500.0,REJECTED,0.0,Low Score (Band D)
user_02451,63.5,C,3.0,4.0,46000.0,REJECTED,0.0,Insufficient history (4.0 vends/60d)
user_02452,73.3,B,10.0,5.0,50500.0,REJECTED,0.0,Insufficient history (5.0 vends/60d)
user_02453,64.4,C,2.0,2.0,60000.0,REJECTED,0.0,Insufficient history (2.0 vends/60d)
user_02454,44.8,D,17.0,6.0,2000.0,REJECTED,0.0,Low Score (Band D)
user_02455,38.6,D,3.0,7.0,1875.0,REJECTED,0.0,Low Score (Band D)
user_02456,39.8,D,5.0,8.0,1783.0,REJECTED,0.0,Low Score (Band D)
user_02457,39.2,D,2.0,10.0,1500.0,REJECTED,0.0,Low Score (Band D)
user_02458,45.0,D,6.0,9.0,2000.0,REJECTED,0.0,Low Score (Band D)
user_02459,46.2,D,2.0,4.0,1852.0,REJECTED,0.0,Insufficient history (4.0 vends/60d)
user_02460,65.1,B,2.0,2.0,71000.0,REJECTED,0.0,Insufficient history (2.0 vends/60d)
user_02461,68.4,B,5.0,4.0,50000.0,REJECTED,0.0,Insufficient history (4.0 vends/60d)
user_02462,39.6,D,29.0,3.0,2000.0,REJECTED,0.0,Insufficient history (3.0 vends/60d)
user_02463,72.6,B,14.0,9.0,64500.0,APPROVED,7500.0,Eligible
user_02464,48.4,D,0.0,8.0,2000.0,REJECTED,0.0,Low Score (Band D)
user_02465,45.9,D,2.0,10.0,1875.0,REJECTED,0.0,Low Score (Band D)
user_02466,73.2,B,0.0,10.0,165000.0,APPROVED,7500.0,Eligible
user_02467,49.6,D,10.0,5.0,2190.0,REJECTED,0.0,Insufficient history (5.0 vends/60d)
user_02468,35.0,D,1.0,6.0,1802.5,REJECTED,0.0,Low Score (Band D)
user_02469,61.7,C,2.0,3.0,45500.0,REJECTED,0.0,Insufficient history (3.0 vends/60d)
user_02470,30.2,D,0.0,3.0,1000.0,REJECTED,0.0,Insufficient history (3.0 vends/60d)
user_02471,46.5,D,0.0,8.0,2087.0,REJECTED,0.0,Low Score (Band D)
user_02472,37.3,D,2.0,6.0,2000.0,REJECTED,0.0,Low Score (Band D)
user_02473,46.4,D,0.0,14.0,1988.5,REJECTED,0.0,Low Score (Band D)
user_02474,33.5,D,22.0,3.0,1133.5,REJECTED,0.0,Insufficient history (3.0 vends/60d)
user_02475,63.2,C,5.0,2.0,50500.0,REJECTED,0.0,Insufficient history (2.0 vends/60d)
user_02476,41.7,D,0.0,6.0,1686.5,REJECTED,0.0,Low Score (Band D)
user_02477,47.5,D,3.0,16.0,2000.0,REJECTED,0.0,Low Score (Band D)
user_02478,56.2,C,34.0,1.0,40000.0,REJECTED,0.0,Insufficient history (1.0 vends/60d); Dormant (Last vend 34.0 days ago)
user_02479,38.4,D,5.0,6.0,2000.0,REJECTED,0.0,Low Score (Band D)
user_02480,47.3,D,24.0,5.0,2000.0,REJECTED,0.0,Insufficient history (5.0 vends/60d)
user_02481,60.7,C,5.0,2.0,52000.0,REJECTED,0.0,Insufficient history (2.0 vends/60d)
user_02482,44.8,D,19.0,9.0,2000.0,REJECTED,0.0,Low Score (Band D)
user_02483,40.9,D,2.0,4.0,2000.0,REJECTED,0.0,Insufficient history (4.0 vends/60d)
user_02484,70.7,B,3.0,9.0,46000.0,APPROVED,7500.0,Eligible
user_02485,48.3,D,5.0,7.0,2500.0,REJECTED,0.0,Low Score (Band D)
user_02486,66.9,B,22.0,5.0,156826.0,REJECTED,0.0,Insufficient history (5.0 vends/60d)
user_02487,44.6,D,3.0,13.0,2000.0,REJECTED,0.0,Low Score (Band D)
user_02488,63.3,C,12.0,3.0,64000.0,REJECTED,0.0,Insufficient history (3.0 vends/60d)
user_02489,48.4,D,7.0,7.0,2000.0,REJECTED,0.0,Low Score (Band D)
user_02490,48.0,D,0.0,14.0,2000.0,REJECTED,0.0,Low Score (Band D)
user_02491,68.1,B,24.0,5.0,50000.0,REJECTED,0.0,Insufficient history (5.0 vends/60d)
user_02492,44.8,D,2.0,4.0,3000.0,REJECTED,0.0,Insufficient history (4.0 vends/60d)
user_02493,37.4,D,5.0,3.0,2000.0,REJECTED,0.0,Insufficient history (3.0 vends/60d)
user_02494,33.0,D,10.0,2.0,1750.0,REJECTED,0.0,Insufficient history (2.0 vends/60d)
user_02495,48.3,D,4.0,7.0,1890.0,REJECTED,0.0,Low Score (Band D)
user_02496,35.9,D,4.0,3.0,1625.0,REJECTED,0.0,Insufficient history (3.0 vends/60d)
user_02497,36.2,D,1.0,7.0,1500.0,REJECTED,0.0,Low Score (Band D)
user_02498,72.8,B,7.0,10.0,60000.0,APPROVED,7500.0,Eligible
user_02499,45.8,D,6.0,8.0,2000.0,REJECTED,0.0,Low Score (Band D)
user_02500,49.4,D,2.0,8.0,2000.0,REJECTED,0.0,Low Score (Band D)
user_02501,69.7,B,4.0,5.0,52000.0,REJECTED,0.0,Insufficient history (5.0 vends/60d)
user_02502,46.6,D,0.0,12.0,2000.0,REJECTED,0.0,Low Score (Band D)
user_02503,42.6,D,3.0,2.0,2593.5,REJECTED,0.0,Insufficient history (2.0 vends/60d)
user_02504,41.2,D,1.0,8.0,1500.0,REJECTED,0.0,Low Score (Band D)
user_02505,50.0,C,52.0,1.0,3750.0,REJECTED,0.0,Insufficient history (1.0 vends/60d); Dormant (Last vend 52.0 days ago)
user_02506,53.8,C,0.0,11.0,2937.5,REJECTED,0.0,Calculated limit (1468.75) below min threshold
user_02507,69.8,B,3.0,7.0,51000.0,APPROVED,7500.0,Eligible
user_02508,44.8,D,4.0,4.0,2500.0,REJECTED,0.0,Insufficient history (4.0 vends/60d)
user_02509,43.3,D,3.0,5.0,2000.0,REJECTED,0.0,Insufficient history (5.0 vends/60d)
user_02510,34.6,D,1.0,9.0,1250.0,REJECTED,0.0,Low Score (Band D)
user_02511,28.6,D,0.0,2.0,1000.0,REJECTED,0.0,Insufficient history (2.0 vends/60d)
user_02512,46.1,D,3.0,6.0,2500.0,REJECTED,0.0,Low Score (Band D)
user_02513,46.2,D,5.0,10.0,1500.0,REJECTED,0.0,Low Score (Band D)
user_02514,69.1,B,4.0,7.0,44500.0,APPROVED,7500.0,Eligible
user_02515,41.0,D,2.0,6.0,2000.0,REJECTED,0.0,Low Score (Band D)
user_02516,47.6,D,4.0,3.0,2500.0,REJECTED,0.0,Insufficient history (3.0 vends/60d)
user_02517,66.8,B,13.0,6.0,40000.0,APPROVED,7500.0,Eligible
user_02518,40.9,D,5.0,7.0,2000.0,REJECTED,0.0,Low Score (Band D)
user_02519,69.6,B,2.0,4.0,43000.0,REJECTED,0.0,Insufficient history (4.0 vends/60d)
user_02520,71.2,B,11.0,10.0,48000.0,APPROVED,7500.0,Eligible
user_02521,36.1,D,0.0,9.0,1500.0,REJECTED,0.0,Low Score (Band D)
user_02522,41.5,D,0.0,5.0,2000.0,REJECTED,0.0,Insufficient history (5.0 vends/60d)
user_02523,42.9,D,2.0,12.0,2000.0,REJECTED,0.0,Low Score (Band D)
user_02524,40.8,D,0.0,7.0,1500.0,REJECTED,0.0,Low Score (Band D)
user_02525,46.1,D,0.0,8.0,2000.0,REJECTED,0.0,Low Score (Band D)
user_02526,44.3,D,15.0,1.0,2000.0,REJECTED,0.0,Insufficient history (1.0 vends/60d)
user_02527,35.1,D,0.0,4.0,2042.0,REJECTED,0.0,Insufficient history (4.0 vends/60d)
user_02528,45.3,D,42.0,1.0,2398.0,REJECTED,0.0,Insufficient history (1.0 vends/60d); Dormant (Last vend 42.0 days ago)
user_02529,60.3,C,9.0,1.0,75000.0,REJECTED,0.0,Insufficient history (1.0 vends/60d)
user_02530,41.6,D,1.0,8.0,1500.0,REJECTED,0.0,Low Score (Band D)
user_02531,41.4,D,20.0,8.0,1750.0,REJECTED,0.0,Low Score (Band D)
user_02532,64.0,C,21.0,4.0,46000.0,REJECTED,0.0,Insufficient history (4.0 vends/60d)
user_02533,42.2,D,31.0,8.0,1875.0,REJECTED,0.0,Dormant (Last vend 31.0 days ago)
user_02534,68.9,B,16.0,7.0,50000.0,APPROVED,7500.0,Eligible
user_02535,43.5,D,2.0,10.0,2091.0,REJECTED,0.0,Low Score (Band D)
user_02536,33.6,D,1.0,5.0,1000.0,REJECTED,0.0,Insufficient history (5.0 vends/60d)
user_02537,37.4,D,47.0,2.0,2000.0,REJECTED,0.0,Insufficient history (2.0 vends/60d); Dormant (Last vend 47.0 days ago)
user_02538,43.4,D,0.0,10.0,2000.0,REJECTED,0.0,Low Score (Band D)
user_02539,71.5,B,5.0,8.0,60000.0,APPROVED,7500.0,Eligible
user_02540,74.7,B,4.0,9.0,46500.0,APPROVED,7500.0,Eligible
user_02541,44.2,D,1.0,12.0,2000.0,REJECTED,0.0,Low Score (Band D)
user_02542,42.8,D,5.0,7.0,1874.5,REJECTED,0.0,Low Score (Band D)
user_02543,37.8,D,10.0,6.0,2000.0,REJECTED,0.0,Low Score (Band D)
user_02544,47.6,D,4.0,11.0,2000.0,REJECTED,0.0,Low Score (Band D)
user_02545,45.9,D,12.0,9.0,2000.0,REJECTED,0.0,Low Score (Band D)
user_02546,35.0,D,5.0,2.0,1300.5,REJECTED,0.0,Insufficient history (2.0 vends/60d)
user_02547,64.3,C,3.0,5.0,50000.0,REJECTED,0.0,Insufficient history (5.0 vends/60d)
user_02548,42.9,D,1.0,7.0,2000.0,REJECTED,0.0,Low Score (Band D)
user_02549,33.5,D,1.0,2.0,2000.0,REJECTED,0.0,Insufficient history (2.0 vends/60d)
user_02550,41.1,D,32.0,2.0,1750.0,REJECTED,0.0,Insufficient history (2.0 vends/60d); Dormant (Last vend 32.0 days ago)
user_02551,44.1,D,0.0,11.0,2000.0,REJECTED,0.0,Low Score (Band D)
user_02552,43.9,D,5.0,6.0,2000.0,REJECTED,0.0,Low Score (Band D)
user_02553,44.1,D,0.0,13.0,2000.0,REJECTED,0.0,Low Score (Band D)
user_02554,41.7,D,0.0,8.0,1937.5,REJECTED,0.0,Low Score (Band D)
user_02555,70.9,B,21.0,7.0,64000.0,APPROVED,7500.0,Eligible
user_02556,38.5,D,2.0,4.0,1500.0,REJECTED,0.0,Insufficient history (4.0 vends/60d)
user_02557,36.6,D,19.0,3.0,2000.0,REJECTED,0.0,Insufficient history (3.0 vends/60d)
user_02558,42.1,D,0.0,3.0,2000.0,REJECTED,0.0,Insufficient history (3.0 vends/60d)
user_02559,51.7,C,1.0,12.0,2000.0,REJECTED,0.0,Calculated limit (1000.0) below min threshold
user_02560,48.2,D,1.0,10.0,2000.0,REJECTED,0.0,Low Score (Band D)
user_02561,47.3,D,1.0,10.0,2048.5,REJECTED,0.0,Low Score (Band D)
user_02562,35.2,D,0.0,4.0,1750.0,REJECTED,0.0,Insufficient history (4.0 vends/60d)
user_02563,46.8,D,1.0,4.0,2000.0,REJECTED,0.0,Insufficient history (4.0 vends/60d)
user_02564,43.8,D,5.0,6.0,2000.0,REJECTED,0.0,Low Score (Band D)
user_02565,68.7,B,1.0,7.0,50000.0,APPROVED,7500.0,Eligible
user_02566,41.1,D,0.0,7.0,2000.0,REJECTED,0.0,Low Score (Band D)
user_02567,40.7,D,12.0,5.0,1750.0,REJECTED,0.0,Insufficient history (5.0 vends/60d)
user_02568,48.5,D,24.0,4.0,2000.0,REJECTED,0.0,Insufficient history (4.0 vends/60d)
user_02569,35.2,D,0.0,4.0,1500.0,REJECTED,0.0,Insufficient history (4.0 vends/60d)
user_02570,56.1,C,13.0,2.0,5000.0,REJECTED,0.0,Insufficient history (2.0 vends/60d)
user_02571,47.7,D,0.0,9.0,2000.0,REJECTED,0.0,Low Score (Band D)
user_02572,46.3,D,30.0,3.0,2000.0,REJECTED,0.0,Insufficient history (3.0 vends/60d)
user_02573,40.6,D,2.0,5.0,2097.0,REJECTED,0.0,Insufficient history (5.0 vends/60d)
user_02574,43.0,D,3.0,12.0,1750.0,REJECTED,0.0,Low Score (Band D)
user_02575,41.7,D,5.0,7.0,1500.0,REJECTED,0.0,Low Score (Band D)
user_02576,41.4,D,7.0,7.0,2000.0,REJECTED,0.0,Low Score (Band D)
user_02577,39.1,D,2.0,2.0,2500.0,REJECTED,0.0,Insufficient history (2.0 vends/60d)
user_02578,40.8,D,1.0,6.0,2000.0,REJECTED,0.0,Low Score (Band D)
user_02579,42.4,D,5.0,8.0,1625.0,REJECTED,0.0,Low Score (Band D)
user_02580,39.5,D,0.0,11.0,1625.0,REJECTED,0.0,Low Score (Band D)
user_02581,35.9,D,2.0,4.0,1625.0,REJECTED,0.0,Insufficient history (4.0 vends/60d)
user_02582,34.3,D,4.0,2.0,2000.0,REJECTED,0.0,Insufficient history (2.0 vends/60d)
user_02583,40.1,D,5.0,3.0,1000.0,REJECTED,0.0,Insufficient history (3.0 vends/60d)
user_02584,44.5,D,4.0,11.0,1931.0,REJECTED,0.0,Low Score (Band D)
user_02585,30.7,D,28.0,1.0,1500.0,REJECTED,0.0,Insufficient history (1.0 vends/60d)
user_02586,44.2,D,2.0,9.0,2216.0,REJECTED,0.0,Low Score (Band D)
user_02587,31.5,D,0.0,3.0,1500.0,REJECTED,0.0,Insufficient history (3.0 vends/60d)
user_02588,71.9,B,0.0,7.0,65500.0,APPROVED,7500.0,Eligible
user_02589,74.3,B,5.0,8.0,190000.0,APPROVED,7500.0,Eligible
user_02590,39.5,D,0.0,8.0,1500.0,REJECTED,0.0,Low Score (Band D)
user_02591,74.1,B,4.0,11.0,65500.0,APPROVED,7500.0,Eligible
user_02592,43.8,D,3.0,11.0,1560.5,REJECTED,0.0,Low Score (Band D)
user_02593,47.8,D,3.0,3.0,2000.0,REJECTED,0.0,Insufficient history (3.0 vends/60d)
user_02594,38.2,D,6.0,10.0,2000.0,REJECTED,0.0,Low Score (Band D)
user_02595,39.8,D,5.0,5.0,2000.0,REJECTED,0.0,Insufficient history (5.0 vends/60d)
user_02596,41.4,D,14.0,5.0,1500.0,REJECTED,0.0,Insufficient history (5.0 vends/60d)
user_02597,69.5,B,22.0,3.0,150000.0,REJECTED,0.0,Insufficient history (3.0 vends/60d)
user_02598,43.0,D,11.0,8.0,1500.0,REJECTED,0.0,Low Score (Band D)
user_02599,38.6,D,0.0,13.0,1500.0,REJECTED,0.0,Low Score (Band D)
user_02600,38.6,D,2.0,6.0,1750.0,REJECTED,0.0,Low Score (Band D)
user_02601,47.1,D,7.0,14.0,1987.5,REJECTED,0.0,Low Score (Band D)
user_02602,42.1,D,7.0,8.0,2000.0,REJECTED,0.0,Low Score (Band D)
user_02603,71.7,B,6.0,7.0,50000.0,APPROVED,7500.0,Eligible
user_02604,39.5,D,2.0,5.0,2172.5,REJECTED,0.0,Insufficient history (5.0 vends/60d)
user_02605,38.3,D,4.0,7.0,1078.0,REJECTED,0.0,Low Score (Band D)
user_02606,45.0,D,1.0,8.0,2000.0,REJECTED,0.0,Low Score (Band D)
user_02607,39.5,D,23.0,5.0,1937.5,REJECTED,0.0,Insufficient history (5.0 vends/60d)
user_02608,44.5,D,5.0,8.0,1750.0,REJECTED,0.0,Low Score (Band D)
user_02609,36.0,D,1.0,5.0,1687.5,REJECTED,0.0,Insufficient history (5.0 vends/60d)
user_02610,37.9,D,3.0,5.0,2000.0,REJECTED,0.0,Insufficient history (5.0 vends/60d)
user_02611,38.7,D,0.0,9.0,2000.0,REJECTED,0.0,Low Score (Band D)
user_02612,46.1,D,2.0,10.0,2000.0,REJECTED,0.0,Low Score (Band D)
user_02613,44.4,D,3.0,10.0,2000.0,REJECTED,0.0,Low Score (Band D)
user_02614,33.4,D,61.0,0.0,2030.0,REJECTED,0.0,Insufficient history (0.0 vends/60d); Dormant (Last vend 61.0 days ago)
user_02615,68.8,B,2.0,5.0,68500.0,REJECTED,0.0,Insufficient history (5.0 vends/60d)
user_02616,47.7,D,0.0,9.0,2000.0,REJECTED,0.0,Low Score (Band D)
user_02617,42.5,D,4.0,6.0,2000.0,REJECTED,0.0,Low Score (Band D)
user_02618,46.7,D,1.0,6.0,3000.0,REJECTED,0.0,Low Score (Band D)
user_02619,60.6,C,21.0,2.0,64500.0,REJECTED,0.0,Insufficient history (2.0 vends/60d)
user_02620,69.3,B,3.0,10.0,49000.0,APPROVED,7500.0,Eligible
user_02621,42.9,D,2.0,9.0,1875.0,REJECTED,0.0,Low Score (Band D)
user_02622,63.4,C,3.0,2.0,74000.0,REJECTED,0.0,Insufficient history (2.0 vends/60d)
user_02623,68.8,B,10.0,7.0,43000.0,APPROVED,7500.0,Eligible
user_02624,47.7,D,1.0,6.0,2893.5,REJECTED,0.0,Low Score (Band D)
user_02625,31.9,D,0.0,2.0,1750.0,REJECTED,0.0,Insufficient history (2.0 vends/60d)
user_02626,41.4,D,9.0,5.0,1694.5,REJECTED,0.0,Insufficient history (5.0 vends/60d)
user_02627,37.6,D,2.0,2.0,2000.0,REJECTED,0.0,Insufficient history (2.0 vends/60d)
user_02628,72.0,B,1.0,9.0,200000.0,APPROVED,7500.0,Eligible
user_02629,72.7,B,2.0,10.0,63000.0,APPROVED,7500.0,Eligible
user_02630,47.8,D,1.0,10.0,2000.0,REJECTED,0.0,Low Score (Band D)
user_02631,40.4,D,3.0,6.0,2000.0,REJECTED,0.0,Low Score (Band D)
user_02632,72.7,B,0.0,8.0,68000.0,APPROVED,7500.0,Eligible
user_02633,35.1,D,0.0,4.0,1750.0,REJECTED,0.0,Insufficient history (4.0 vends/60d)
user_02634,31.6,D,8.0,4.0,1500.0,REJECTED,0.0,Insufficient history (4.0 vends/60d)
user_02635,37.7,D,2.0,4.0,1801.0,REJECTED,0.0,Insufficient history (4.0 vends/60d)
user_02636,44.8,D,4.0,11.0,2000.0,REJECTED,0.0,Low Score (Band D)
user_02637,32.7,D,1.0,4.0,1500.0,REJECTED,0.0,Insufficient history (4.0 vends/60d)
user_02638,42.5,D,31.0,3.0,2000.0,REJECTED,0.0,Insufficient history (3.0 vends/60d); Dormant (Last vend 31.0 days ago)
user_02639,41.5,D,2.0,8.0,1250.0,REJECTED,0.0,Low Score (Band D)
user_02640,49.4,D,1.0,12.0,2000.0,REJECTED,0.0,Low Score (Band D)
user_02641,37.6,D,0.0,5.0,1439.0,REJECTED,0.0,Insufficient history (5.0 vends/60d)
user_02642,65.1,B,1.0,4.0,40500.0,REJECTED,0.0,Insufficient history (4.0 vends/60d)
user_02643,49.8,D,3.0,5.0,2500.0,REJECTED,0.0,Insufficient history (5.0 vends/60d)
user_02644,35.4,D,1.0,6.0,1591.0,REJECTED,0.0,Low Score (Band D)
user_02645,44.0,D,26.0,6.0,2000.0,REJECTED,0.0,Low Score (Band D)
user_02646,70.0,B,25.0,7.0,60000.0,APPROVED,7500.0,Eligible
user_02647,35.8,D,14.0,1.0,1234.0,REJECTED,0.0,Insufficient history (1.0 vends/60d)
user_02648,74.8,B,2.0,10.0,57500.0,APPROVED,7500.0,Eligible
user_02649,41.1,D,1.0,4.0,2000.0,REJECTED,0.0,Insufficient history (4.0 vends/60d)
user_02650,40.8,D,4.0,12.0,1500.0,REJECTED,0.0,Low Score (Band D)
user_02651,66.4,B,1.0,4.0,63000.0,REJECTED,0.0,Insufficient history (4.0 vends/60d)
user_02652,40.3,D,5.0,7.0,2000.0,REJECTED,0.0,Low Score (Band D)
user_02653,44.9,D,3.0,9.0,2000.0,REJECTED,0.0,Low Score (Band D)
user_02654,39.1,D,0.0,5.0,2000.0,REJECTED,0.0,Insufficient history (5.0 vends/60d)
user_02655,38.4,D,3.0,7.0,1500.0,REJECTED,0.0,Low Score (Band D)
user_02656,44.1,D,2.0,7.0,1944.0,REJECTED,0.0,Low Score (Band D)
user_02657,42.2,D,1.0,11.0,1500.0,REJECTED,0.0,Low Score (Band D)
user_02658,42.5,D,17.0,3.0,2000.0,REJECTED,0.0,Insufficient history (3.0 vends/60d)
user_02659,39.5,D,2.0,9.0,1500.0,REJECTED,0.0,Low Score (Band D)
user_02660,31.2,D,32.0,2.0,1625.0,REJECTED,0.0,Insufficient history (2.0 vends/60d); Dormant (Last vend 32.0 days ago)
user_02661,69.8,B,2.0,7.0,51000.0,APPROVED,7500.0,Eligible
user_02662,47.6,D,2.0,8.0,2000.0,REJECTED,0.0,Low Score (Band D)
user_02663,43.8,D,2.0,8.0,2000.0,REJECTED,0.0,Low Score (Band D)
user_02664,70.4,B,0.0,9.0,50000.0,APPROVED,7500.0,Eligible
user_02665,39.8,D,10.0,3.0,1500.0,REJECTED,0.0,Insufficient history (3.0 vends/60d)
user_02666,37.7,D,36.0,1.0,2222.5,REJECTED,0.0,Insufficient history (1.0 vends/60d); Dormant (Last vend 36.0 days ago)
user_02667,39.8,D,13.0,5.0,2000.0,REJECTED,0.0,Insufficient history (5.0 vends/60d)
user_02668,71.0,B,5.0,3.0,56000.0,REJECTED,0.0,Insufficient history (3.0 vends/60d)
user_02669,69.3,B,15.0,8.0,57000.0,APPROVED,7500.0,Eligible
user_02670,40.9,D,1.0,5.0,2000.0,REJECTED,0.0,Insufficient history (5.0 vends/60d)
user_02671,42.0,D,0.0,8.0,2000.0,REJECTED,0.0,Low Score (Band D)
user_02672,35.6,D,33.0,4.0,2000.0,REJECTED,0.0,Insufficient history (4.0 vends/60d); Dormant (Last vend 33.0 days ago)
user_02673,45.8,D,0.0,7.0,1603.0,REJECTED,0.0,Low Score (Band D)
user_02674,41.3,D,3.0,10.0,1500.0,REJECTED,0.0,Low Score (Band D)
user_02675,46.4,D,0.0,13.0,2000.0,REJECTED,0.0,Low Score (Band D)
user_02676,70.3,B,4.0,7.0,50000.0,APPROVED,7500.0,Eligible
user_02677,33.6,D,14.0,2.0,2000.0,REJECTED,0.0,Insufficient history (2.0 vends/60d)
user_02678,37.2,D,4.0,3.0,2001.5,REJECTED,0.0,Insufficient history (3.0 vends/60d)
user_02679,41.1,D,9.0,5.0,2000.0,REJECTED,0.0,Insufficient history (5.0 vends/60d)
user_02680,73.6,B,0.0,9.0,72500.0,APPROVED,7500.0,Eligible
user_02681,44.6,D,0.0,3.0,1750.0,REJECTED,0.0,Insufficient history (3.0 vends/60d)
user_02682,40.7,D,4.0,5.0,1812.5,REJECTED,0.0,Insufficient history (5.0 vends/60d)
user_02683,36.9,D,0.0,6.0,1750.0,REJECTED,0.0,Low Score (Band D)
user_02684,45.8,D,0.0,10.0,1625.0,REJECTED,0.0,Low Score (Band D)
user_02685,48.2,D,3.0,4.0,2000.0,REJECTED,0.0,Insufficient history (4.0 vends/60d)
user_02686,38.6,D,2.0,9.0,1603.0,REJECTED,0.0,Low Score (Band D)
user_02687,41.9,D,2.0,9.0,2000.0,REJECTED,0.0,Low Score (Band D)
user_02688,45.4,D,1.0,10.0,2000.0,REJECTED,0.0,Low Score (Band D)
user_02689,74.9,B,0.0,13.0,180000.0,APPROVED,7500.0,Eligible
user_02690,40.2,D,11.0,3.0,2000.0,REJECTED,0.0,Insufficient history (3.0 vends/60d)
user_02691,32.3,D,14.0,8.0,1046.5,REJECTED,0.0,Low Score (Band D)
user_02692,53.4,C,1.0,2.0,5000.0,REJECTED,0.0,Insufficient history (2.0 vends/60d)
user_02693,43.3,D,3.0,10.0,2250.0,REJECTED,0.0,Low Score (Band D)
user_02694,39.2,D,4.0,9.0,1250.0,REJECTED,0.0,Low Score (Band D)
user_02695,41.7,D,5.0,7.0,1855.5,REJECTED,0.0,Low Score (Band D)
user_02696,48.1,D,1.0,9.0,2000.0,REJECTED,0.0,Low Score (Band D)
user_02697,70.9,B,2.0,10.0,46000.0,APPROVED,7500.0,Eligible
user_02698,48.8,D,3.0,6.0,2000.0,REJECTED,0.0,Low Score (Band D)
user_02699,67.3,B,3.0,6.0,74000.0,APPROVED,7500.0,Eligible
user_02700,42.1,D,2.0,9.0,2000.0,REJECTED,0.0,Low Score (Band D)
user_02701,44.9,D,6.0,10.0,2000.0,REJECTED,0.0,Low Score (Band D)
user_02702,67.4,B,3.0,7.0,55000.0,APPROVED,7500.0,Eligible
user_02703,47.1,D,0.0,14.0,2000.0,REJECTED,0.0,Low Score (Band D)
user_02704,71.1,B,0.0,4.0,150000.0,REJECTED,0.0,Insufficient history (4.0 vends/60d)
user_02705,69.9,B,7.0,6.0,55000.0,APPROVED,7500.0,Eligible
user_02706,69.2,B,5.0,10.0,65500.0,APPROVED,7500.0,Eligible
user_02707,38.2,D,11.0,4.0,2000.0,REJECTED,0.0,Insufficient history (4.0 vends/60d)
user_02708,33.3,D,3.0,2.0,1930.0,REJECTED,0.0,Insufficient history (2.0 vends/60d)
user_02709,43.3,D,2.0,10.0,1875.0,REJECTED,0.0,Low Score (Band D)
user_02710,34.0,D,1.0,2.0,1875.0,REJECTED,0.0,Insufficient history (2.0 vends/60d)
user_02711,42.6,D,0.0,7.0,2000.0,REJECTED,0.0,Low Score (Band D)
user_02712,51.0,C,0.0,14.0,2000.0,REJECTED,0.0,Calculated limit (1000.0) below min threshold
user_02713,47.8,D,5.0,11.0,2000.0,REJECTED,0.0,Low Score (Band D)
user_02714,44.7,D,3.0,10.0,1715.5,REJECTED,0.0,Low Score (Band D)
user_02715,46.5,D,2.0,12.0,1926.0,REJECTED,0.0,Low Score (Band D)
user_02716,44.3,D,2.0,11.0,2000.0,REJECTED,0.0,Low Score (Band D)
user_02717,44.7,D,0.0,10.0,1750.0,REJECTED,0.0,Low Score (Band D)
user_02718,38.7,D,35.0,2.0,1125.0,REJECTED,0.0,Insufficient history (2.0 vends/60d); Dormant (Last vend 35.0 days ago)
user_02719,36.8,D,1.0,8.0,1750.0,REJECTED,0.0,Low Score (Band D)
user_02720,35.4,D,0.0,7.0,1859.0,REJECTED,0.0,Low Score (Band D)
user_02721,42.6,D,2.0,3.0,2250.0,REJECTED,0.0,Insufficient history (3.0 vends/60d)
user_02722,47.4,D,2.0,7.0,2000.0,REJECTED,0.0,Low Score (Band D)
user_02723,67.0,B,5.0,5.0,68000.0,REJECTED,0.0,Insufficient history (5.0 vends/60d)
user_02724,49.9,D,4.0,3.0,3000.0,REJECTED,0.0,Insufficient history (3.0 vends/60d)
user_02725,72.3,B,5.0,11.0,200000.0,APPROVED,7500.0,Eligible
user_02726,46.3,D,5.0,9.0,2000.0,REJECTED,0.0,Low Score (Band D)
user_02727,37.6,D,0.0,6.0,1250.0,REJECTED,0.0,Low Score (Band D)
user_02728,48.0,D,5.0,3.0,1500.0,REJECTED,0.0,Insufficient history (3.0 vends/60d)
user_02729,38.8,D,3.0,5.0,2000.0,REJECTED,0.0,Insufficient history (5.0 vends/60d)
user_02730,32.3,D,16.0,3.0,1750.0,REJECTED,0.0,Insufficient history (3.0 vends/60d)
user_02731,48.7,D,4.0,7.0,2000.0,REJECTED,0.0,Low Score (Band D)
user_02732,38.2,D,1.0,5.0,2000.0,REJECTED,0.0,Insufficient history (5.0 vends/60d)
user_02733,47.7,D,0.0,7.0,2500.0,REJECTED,0.0,Low Score (Band D)
user_02734,39.3,D,2.0,7.0,1317.0,REJECTED,0.0,Low Score (Band D)
user_02735,44.5,D,11.0,5.0,2500.0,REJECTED,0.0,Insufficient history (5.0 vends/60d)
user_02736,37.8,D,6.0,4.0,2000.0,REJECTED,0.0,Insufficient history (4.0 vends/60d)
user_02737,43.0,D,1.0,12.0,1500.0,REJECTED,0.0,Low Score (Band D)
user_02738,66.4,B,1.0,6.0,52500.0,APPROVED,7500.0,Eligible
user_02739,37.4,D,45.0,1.0,1500.0,REJECTED,0.0,Insufficient history (1.0 vends/60d); Dormant (Last vend 45.0 days ago)
user_02740,48.8,D,3.0,9.0,2000.0,REJECTED,0.0,Low Score (Band D)
user_02741,75.5,B,2.0,10.0,168394.5,APPROVED,7500.0,Eligible
user_02742,41.8,D,3.0,8.0,1954.0,REJECTED,0.0,Low Score (Band D)
user_02743,70.5,B,1.0,6.0,56500.0,APPROVED,7500.0,Eligible
user_02744,45.2,D,0.0,10.0,2000.0,REJECTED,0.0,Low Score (Band D)
user_02745,70.2,B,11.0,7.0,49500.0,APPROVED,7500.0,Eligible
user_02746,43.6,D,13.0,8.0,1965.5,REJECTED,0.0,Low Score (Band D)
user_02747,43.3,D,0.0,8.0,1625.0,REJECTED,0.0,Low Score (Band D)
user_02748,38.7,D,11.0,2.0,1500.0,REJECTED,0.0,Insufficient history (2.0 vends/60d)
user_02749,32.7,D,13.0,2.0,1018.0,REJECTED,0.0,Insufficient history (2.0 vends/60d)
user_02750,70.6,B,0.0,7.0,53000.0,APPROVED,7500.0,Eligible
user_02751,36.5,D,1.0,7.0,2000.0,REJECTED,0.0,Low Score (Band D)
user_02752,46.6,D,1.0,7.0,1750.0,REJECTED,0.0,Low Score (Band D)
user_02753,44.9,D,3.0,4.0,2000.0,REJECTED,0.0,Insufficient history (4.0 vends/60d)
user_02754,39.4,D,1.0,5.0,2000.0,REJECTED,0.0,Insufficient history (5.0 vends/60d)
user_02755,64.6,C,188.0,0.0,164362.0,REJECTED,0.0,Insufficient history (0.0 vends/60d); Dormant (Last vend 188.0 days ago)
user_02756,45.2,D,4.0,16.0,2000.0,REJECTED,0.0,Low Score (Band D)
user_02757,41.8,D,2.0,5.0,2143.0,REJECTED,0.0,Insufficient history (5.0 vends/60d)
user_02758,42.8,D,4.0,6.0,1938.0,REJECTED,0.0,Low Score (Band D)
user_02759,37.5,D,4.0,4.0,1375.0,REJECTED,0.0,Insufficient history (4.0 vends/60d)
user_02760,45.2,D,0.0,8.0,2000.0,REJECTED,0.0,Low Score (Band D)
user_02761,42.4,D,1.0,7.0,2000.0,REJECTED,0.0,Low Score (Band D)
user_02762,67.5,B,2.0,6.0,54000.0,APPROVED,7500.0,Eligible
user_02763,43.6,D,1.0,4.0,2000.0,REJECTED,0.0,Insufficient history (4.0 vends/60d)
user_02764,40.2,D,1.0,3.0,1801.0,REJECTED,0.0,Insufficient history (3.0 vends/60d)
user_02765,40.8,D,7.0,5.0,2000.0,REJECTED,0.0,Insufficient history (5.0 vends/60d)
user_02766,45.1,D,3.0,10.0,2000.0,REJECTED,0.0,Low Score (Band D)
user_02767,68.6,B,11.0,2.0,200000.0,REJECTED,0.0,Insufficient history (2.0 vends/60d)
user_02768,71.1,B,1.0,5.0,67000.0,REJECTED,0.0,Insufficient history (5.0 vends/60d)
user_02769,66.3,B,28.0,4.0,66000.0,REJECTED,0.0,Insufficient history (4.0 vends/60d)
user_02770,42.2,D,1.0,7.0,2000.0,REJECTED,0.0,Low Score (Band D)
user_02771,39.9,D,2.0,5.0,1875.0,REJECTED,0.0,Insufficient history (5.0 vends/60d)
user_02772,44.4,D,5.0,10.0,2000.0,REJECTED,0.0,Low Score (Band D)
user_02773,40.6,D,4.0,5.0,2000.0,REJECTED,0.0,Insufficient history (5.0 vends/60d)
user_02774,33.5,D,23.0,2.0,1937.5,REJECTED,0.0,Insufficient history (2.0 vends/60d)
user_02775,49.2,D,9.0,5.0,2000.0,REJECTED,0.0,Insufficient history (5.0 vends/60d)
user_02776,65.1,B,6.0,3.0,54000.0,REJECTED,0.0,Insufficient history (3.0 vends/60d)
user_02777,43.8,D,1.0,6.0,1625.0,REJECTED,0.0,Low Score (Band D)
user_02778,43.7,D,0.0,10.0,2000.0,REJECTED,0.0,Low Score (Band D)
user_02779,46.1,D,9.0,7.0,2875.0,REJECTED,0.0,Low Score (Band D)
user_02780,43.1,D,17.0,8.0,2000.0,REJECTED,0.0,Low Score (Band D)
user_02781,36.4,D,4.0,6.0,2000.0,REJECTED,0.0,Low Score (Band D)
user_02782,48.1,D,0.0,8.0,1250.0,REJECTED,0.0,Low Score (Band D)
user_02783,64.3,C,2.0,2.0,50000.0,REJECTED,0.0,Insufficient history (2.0 vends/60d)
user_02784,61.0,C,0.0,3.0,51000.0,REJECTED,0.0,Insufficient history (3.0 vends/60d)
user_02785,44.6,D,6.0,4.0,2000.0,REJECTED,0.0,Insufficient history (4.0 vends/60d)
user_02786,45.1,D,4.0,9.0,2000.0,REJECTED,0.0,Low Score (Band D)
user_02787,38.8,D,1.0,7.0,2000.0,REJECTED,0.0,Low Score (Band D)
user_02788,43.4,D,16.0,5.0,2000.0,REJECTED,0.0,Insufficient history (5.0 vends/60d)
user_02789,47.5,D,2.0,4.0,3000.0,REJECTED,0.0,Insufficient history (4.0 vends/60d)
user_02790,42.2,D,18.0,10.0,1500.0,REJECTED,0.0,Low Score (Band D)
user_02791,34.5,D,4.0,3.0,2000.0,REJECTED,0.0,Insufficient history (3.0 vends/60d)
user_02792,39.9,D,2.0,6.0,2000.0,REJECTED,0.0,Low Score (Band D)
user_02793,66.2,B,0.0,7.0,50000.0,APPROVED,7500.0,Eligible
user_02794,44.1,D,5.0,9.0,2000.0,REJECTED,0.0,Low Score (Band D)
user_02795,34.6,D,5.0,5.0,1500.0,REJECTED,0.0,Insufficient history (5.0 vends/60d)
user_02796,45.7,D,4.0,5.0,2169.0,REJECTED,0.0,Insufficient history (5.0 vends/60d)
user_02797,34.3,D,1.0,7.0,1541.5,REJECTED,0.0,Low Score (Band D)
user_02798,44.0,D,31.0,1.0,2000.0,REJECTED,0.0,Insufficient history (1.0 vends/60d); Dormant (Last vend 31.0 days ago)
user_02799,48.2,D,2.0,2.0,3000.0,REJECTED,0.0,Insufficient history (2.0 vends/60d)
user_02800,41.7,D,1.0,6.0,2000.0,REJECTED,0.0,Low Score (Band D)
user_02801,35.5,D,4.0,2.0,2000.0,REJECTED,0.0,Insufficient history (2.0 vends/60d)
user_02802,28.4,D,2.0,2.0,1000.0,REJECTED,0.0,Insufficient history (2.0 vends/60d)
user_02803,45.5,D,2.0,7.0,1500.0,REJECTED,0.0,Low Score (Band D)
user_02804,38.5,D,6.0,4.0,1000.0,REJECTED,0.0,Insufficient history (4.0 vends/60d)
user_02805,42.8,D,19.0,4.0,2500.0,REJECTED,0.0,Insufficient history (4.0 vends/60d)
user_02806,45.5,D,6.0,9.0,2000.0,REJECTED,0.0,Low Score (Band D)
user_02807,41.5,D,1.0,7.0,2018.5,REJECTED,0.0,Low Score (Band D)
user_02808,36.9,D,1.0,6.0,1750.0,REJECTED,0.0,Low Score (Band D)
user_02809,45.2,D,0.0,8.0,2000.0,REJECTED,0.0,Low Score (Band D)
user_02810,63.8,C,1.0,6.0,48500.0,APPROVED,5000.0,Eligible
user_02811,37.7,D,0.0,6.0,1750.0,REJECTED,0.0,Low Score (Band D)
user_02812,34.9,D,1.0,4.0,2000.0,REJECTED,0.0,Insufficient history (4.0 vends/60d)
user_02813,72.5,B,2.0,8.0,52000.0,APPROVED,7500.0,Eligible
user_02814,45.0,D,4.0,6.0,2000.0,REJECTED,0.0,Low Score (Band D)
user_02815,44.1,D,1.0,11.0,2000.0,REJECTED,0.0,Low Score (Band D)
user_02816,43.3,D,56.0,1.0,1934.5,REJECTED,0.0,Insufficient history (1.0 vends/60d); Dormant (Last vend 56.0 days ago)
user_02817,42.6,D,21.0,6.0,2000.0,REJECTED,0.0,Low Score (Band D)
user_02818,38.5,D,19.0,6.0,1500.0,REJECTED,0.0,Low Score (Band D)
user_02819,74.0,B,18.0,7.0,180000.0,APPROVED,7500.0,Eligible
user_02820,64.6,C,32.0,1.0,80000.0,REJECTED,0.0,Insufficient history (1.0 vends/60d); Dormant (Last vend 32.0 days ago)
user_02821,39.9,D,6.0,5.0,2000.0,REJECTED,0.0,Insufficient history (5.0 vends/60d)
user_02822,72.7,B,1.0,9.0,60000.0,APPROVED,7500.0,Eligible
user_02823,46.6,D,2.0,9.0,2000.0,REJECTED,0.0,Low Score (Band D)
user_02824,51.2,C,3.0,13.0,2000.0,REJECTED,0.0,Calculated limit (1000.0) below min threshold
user_02825,38.2,D,1.0,3.0,2000.0,REJECTED,0.0,Insufficient history (3.0 vends/60d)
user_02826,39.8,D,31.0,3.0,1613.0,REJECTED,0.0,Insufficient history (3.0 vends/60d); Dormant (Last vend 31.0 days ago)
user_02827,41.0,D,8.0,9.0,2000.0,REJECTED,0.0,Low Score (Band D)
user_02828,72.4,B,4.0,7.0,180000.0,APPROVED,7500.0,Eligible
user_02829,61.2,C,18.0,2.0,50000.0,REJECTED,0.0,Insufficient history (2.0 vends/60d)
user_02830,45.9,D,0.0,7.0,2000.0,REJECTED,0.0,Low Score (Band D)
user_02831,41.8,D,0.0,10.0,1500.0,REJECTED,0.0,Low Score (Band D)
user_02832,37.6,D,0.0,6.0,2000.0,REJECTED,0.0,Low Score (Band D)
user_02833,40.9,D,2.0,13.0,1500.0,REJECTED,0.0,Low Score (Band D)
user_02834,76.4,B,0.0,13.0,75000.0,APPROVED,7500.0,Eligible
user_02835,39.4,D,25.0,5.0,2000.0,REJECTED,0.0,Insufficient history (5.0 vends/60d)
user_02836,34.0,D,2.0,4.0,1500.0,REJECTED,0.0,Insufficient history (4.0 vends/60d)
user_02837,46.1,D,2.0,5.0,2500.0,REJECTED,0.0,Insufficient history (5.0 vends/60d)
user_02838,41.6,D,3.0,12.0,1500.0,REJECTED,0.0,Low Score (Band D)
user_02839,40.4,D,3.0,10.0,1500.0,REJECTED,0.0,Low Score (Band D)
user_02840,38.9,D,4.0,6.0,2000.0,REJECTED,0.0,Low Score (Band D)
user_02841,42.0,D,1.0,5.0,2000.0,REJECTED,0.0,Insufficient history (5.0 vends/60d)
user_02842,44.3,D,1.0,7.0,2000.0,REJECTED,0.0,Low Score (Band D)
user_02843,37.5,D,3.0,3.0,1636.0,REJECTED,0.0,Insufficient history (3.0 vends/60d)
user_02844,33.3,D,4.0,2.0,1750.0,REJECTED,0.0,Insufficient history (2.0 vends/60d)
user_02845,71.5,B,0.0,7.0,50000.0,APPROVED,7500.0,Eligible
user_02846,34.9,D,5.0,5.0,1750.0,REJECTED,0.0,Insufficient history (5.0 vends/60d)
user_02847,45.5,D,1.0,10.0,2000.0,REJECTED,0.0,Low Score (Band D)
user_02848,45.2,D,2.0,7.0,1630.0,REJECTED,0.0,Low Score (Band D)
user_02849,41.4,D,5.0,7.0,2000.0,REJECTED,0.0,Low Score (Band D)
user_02850,73.9,B,0.0,9.0,50000.0,APPROVED,7500.0,Eligible
user_02851,74.3,B,4.0,14.0,71000.0,APPROVED,7500.0,Eligible
user_02852,32.0,D,50.0,1.0,1500.0,REJECTED,0.0,Insufficient history (1.0 vends/60d); Dormant (Last vend 50.0 days ago)
user_02853,37.0,D,1.0,4.0,1500.0,REJECTED,0.0,Insufficient history (4.0 vends/60d)
user_02854,44.2,D,4.0,2.0,2672.5,REJECTED,0.0,Insufficient history (2.0 vends/60d)
user_02855,37.0,D,35.0,1.0,2500.0,REJECTED,0.0,Insufficient history (1.0 vends/60d); Dormant (Last vend 35.0 days ago)
user_02856,47.6,D,2.0,10.0,2000.0,REJECTED,0.0,Low Score (Band D)
user_02857,40.9,D,8.0,5.0,2000.0,REJECTED,0.0,Insufficient history (5.0 vends/60d)
user_02858,42.8,D,1.0,9.0,2000.0,REJECTED,0.0,Low Score (Band D)
user_02859,38.6,D,4.0,8.0,1750.0,REJECTED,0.0,Low Score (Band D)
user_02860,70.5,B,3.0,8.0,74500.0,APPROVED,7500.0,Eligible
user_02861,33.6,D,17.0,2.0,2000.0,REJECTED,0.0,Insufficient history (2.0 vends/60d)
user_02862,42.4,D,0.0,10.0,1959.5,REJECTED,0.0,Low Score (Band D)
user_02863,42.9,D,2.0,2.0,2500.0,REJECTED,0.0,Insufficient history (2.0 vends/60d)
user_02864,42.2,D,0.0,3.0,2000.0,REJECTED,0.0,Insufficient history (3.0 vends/60d)
user_02865,43.7,D,2.0,8.0,1797.0,REJECTED,0.0,Low Score (Band D)
user_02866,48.0,D,0.0,13.0,1750.0,REJECTED,0.0,Low Score (Band D)
user_02867,69.8,B,8.0,7.0,73000.0,APPROVED,7500.0,Eligible
user_02868,72.2,B,15.0,7.0,41000.0,APPROVED,7500.0,Eligible
user_02869,49.1,D,1.0,10.0,2250.0,REJECTED,0.0,Low Score (Band D)
user_02870,47.1,D,5.0,5.0,2000.0,REJECTED,0.0,Insufficient history (5.0 vends/60d)
user_02871,38.5,D,10.0,5.0,2000.0,REJECTED,0.0,Insufficient history (5.0 vends/60d)
user_02872,40.6,D,4.0,7.0,1500.0,REJECTED,0.0,Low Score (Band D)
user_02873,35.9,D,31.0,3.0,1937.5,REJECTED,0.0,Insufficient history (3.0 vends/60d); Dormant (Last vend 31.0 days ago)
user_02874,71.9,B,2.0,6.0,57000.0,APPROVED,7500.0,Eligible
user_02875,43.2,D,2.0,10.0,2000.0,REJECTED,0.0,Low Score (Band D)
user_02876,35.5,D,5.0,4.0,1500.0,REJECTED,0.0,Insufficient history (4.0 vends/60d)
user_02877,41.8,D,2.0,8.0,2000.0,REJECTED,0.0,Low Score (Band D)
user_02878,41.7,D,0.0,10.0,2000.0,REJECTED,0.0,Low Score (Band D)
user_02879,39.3,D,13.0,4.0,1553.5,REJECTED,0.0,Insufficient history (4.0 vends/60d)
user_02880,33.9,D,2.0,3.0,2000.0,REJECTED,0.0,Insufficient history (3.0 vends/60d)
user_02881,40.6,D,4.0,8.0,1500.0,REJECTED,0.0,Low Score (Band D)
user_02882,68.9,B,3.0,3.0,50000.0,REJECTED,0.0,Insufficient history (3.0 vends/60d)
user_02883,50.1,C,16.0,8.0,2500.0,REJECTED,0.0,Calculated limit (1250.0) below min threshold
user_02884,42.1,D,0.0,12.0,2000.0,REJECTED,0.0,Low Score (Band D)
user_02885,41.5,D,3.0,12.0,2000.0,REJECTED,0.0,Low Score (Band D)
user_02886,68.8,B,1.0,6.0,74000.0,APPROVED,7500.0,Eligible
user_02887,34.5,D,24.0,1.0,2000.0,REJECTED,0.0,Insufficient history (1.0 vends/60d)
user_02888,30.6,D,63.0,0.0,1475.5,REJECTED,0.0,Insufficient history (0.0 vends/60d); Dormant (Last vend 63.0 days ago)
user_02889,67.7,B,16.0,4.0,199537.0,REJECTED,0.0,Insufficient history (4.0 vends/60d)
user_02890,49.0,D,25.0,5.0,2000.0,REJECTED,0.0,Insufficient history (5.0 vends/60d)
user_02891,36.2,D,1.0,5.0,1937.5,REJECTED,0.0,Insufficient history (5.0 vends/60d)
user_02892,44.4,D,2.0,5.0,1875.0,REJECTED,0.0,Insufficient history (5.0 vends/60d)
user_02893,43.6,D,2.0,7.0,1500.0,REJECTED,0.0,Low Score (Band D)
user_02894,38.0,D,2.0,7.0,2000.0,REJECTED,0.0,Low Score (Band D)
user_02895,40.6,D,12.0,5.0,2554.0,REJECTED,0.0,Insufficient history (5.0 vends/60d)
user_02896,29.9,D,5.0,2.0,1317.5,REJECTED,0.0,Insufficient history (2.0 vends/60d)
user_02897,42.1,D,33.0,4.0,1625.0,REJECTED,0.0,Insufficient history (4.0 vends/60d); Dormant (Last vend 33.0 days ago)
user_02898,42.2,D,2.0,8.0,2000.0,REJECTED,0.0,Low Score (Band D)
user_02899,62.1,C,17.0,2.0,56000.0,REJECTED,0.0,Insufficient history (2.0 vends/60d)
user_02900,38.1,D,5.0,4.0,1674.0,REJECTED,0.0,Insufficient history (4.0 vends/60d)
user_02901,69.3,B,31.0,7.0,180000.0,REJECTED,0.0,Dormant (Last vend 31.0 days ago)
user_02902,45.5,D,2.0,11.0,2000.0,REJECTED,0.0,Low Score (Band D)
user_02903,38.4,D,0.0,6.0,1625.0,REJECTED,0.0,Low Score (Band D)
user_02904,60.7,C,2.0,2.0,40000.0,REJECTED,0.0,Insufficient history (2.0 vends/60d)
user_02905,45.6,D,0.0,7.0,2000.0,REJECTED,0.0,Low Score (Band D)
user_02906,70.1,B,10.0,6.0,45000.0,APPROVED,7500.0,Eligible
user_02907,45.6,D,2.0,9.0,1949.0,REJECTED,0.0,Low Score (Band D)
user_02908,68.8,B,3.0,8.0,150000.0,APPROVED,7500.0,Eligible
user_02909,36.1,D,5.0,2.0,2000.0,REJECTED,0.0,Insufficient history (2.0 vends/60d)
user_02910,40.3,D,14.0,5.0,2500.0,REJECTED,0.0,Insufficient history (5.0 vends/60d)
user_02911,36.3,D,0.0,5.0,2000.0,REJECTED,0.0,Insufficient history (5.0 vends/60d)
user_02912,53.5,C,2.0,8.0,3000.0,REJECTED,0.0,Calculated limit (1500.0) below min threshold
user_02913,42.0,D,4.0,7.0,2000.0,REJECTED,0.0,Low Score (Band D)
user_02914,39.2,D,4.0,5.0,2000.0,REJECTED,0.0,Insufficient history (5.0 vends/60d)
user_02915,41.0,D,2.0,4.0,2250.0,REJECTED,0.0,Insufficient history (4.0 vends/60d)
user_02916,66.7,B,19.0,2.0,180000.0,REJECTED,0.0,Insufficient history (2.0 vends/60d)
user_02917,48.1,D,2.0,10.0,1875.0,REJECTED,0.0,Low Score (Band D)
user_02918,40.9,D,0.0,10.0,1750.0,REJECTED,0.0,Low Score (Band D)
user_02919,66.6,B,2.0,6.0,200000.0,APPROVED,7500.0,Eligible
user_02920,44.9,D,0.0,12.0,1750.0,REJECTED,0.0,Low Score (Band D)
user_02921,60.4,C,5.0,2.0,41500.0,REJECTED,0.0,Insufficient history (2.0 vends/60d)
user_02922,43.5,D,5.0,7.0,2000.0,REJECTED,0.0,Low Score (Band D)
user_02923,68.1,B,0.0,6.0,50000.0,APPROVED,7500.0,Eligible
user_02924,37.0,D,61.0,0.0,2500.0,REJECTED,0.0,Insufficient history (0.0 vends/60d); Dormant (Last vend 61.0 days ago)
user_02925,41.2,D,0.0,4.0,1750.0,REJECTED,0.0,Insufficient history (4.0 vends/60d)
user_02926,67.6,B,1.0,3.0,75000.0,REJECTED,0.0,Insufficient history (3.0 vends/60d)
user_02927,43.9,D,17.0,5.0,1750.0,REJECTED,0.0,Insufficient history (5.0 vends/60d)
user_02928,45.2,D,3.0,10.0,2000.0,REJECTED,0.0,Low Score (Band D)
user_02929,66.7,B,5.0,3.0,180000.0,REJECTED,0.0,Insufficient history (3.0 vends/60d)
user_02930,44.5,D,2.0,19.0,1500.0,REJECTED,0.0,Low Score (Band D)
user_02931,72.3,B,0.0,13.0,42000.0,APPROVED,7500.0,Eligible
user_02932,42.7,D,0.0,5.0,2000.0,REJECTED,0.0,Insufficient history (5.0 vends/60d)
user_02933,43.9,D,0.0,3.0,2000.0,REJECTED,0.0,Insufficient history (3.0 vends/60d)
user_02934,42.6,D,0.0,8.0,2000.0,REJECTED,0.0,Low Score (Band D)
user_02935,66.2,B,2.0,1.0,71500.0,REJECTED,0.0,Insufficient history (1.0 vends/60d)
user_02936,40.7,D,1.0,7.0,2000.0,REJECTED,0.0,Low Score (Band D)
user_02937,42.0,D,1.0,9.0,2000.0,REJECTED,0.0,Low Score (Band D)
user_02938,38.3,D,2.0,5.0,1500.0,REJECTED,0.0,Insufficient history (5.0 vends/60d)
user_02939,72.3,B,8.0,7.0,180000.0,APPROVED,7500.0,Eligible
user_02940,46.5,D,4.0,12.0,1937.5,REJECTED,0.0,Low Score (Band D)
user_02941,42.3,D,1.0,7.0,1690.5,REJECTED,0.0,Low Score (Band D)
user_02942,71.5,B,3.0,8.0,50000.0,APPROVED,7500.0,Eligible
user_02943,45.1,D,4.0,5.0,2000.0,REJECTED,0.0,Insufficient history (5.0 vends/60d)
user_02944,40.4,D,3.0,5.0,2000.0,REJECTED,0.0,Insufficient history (5.0 vends/60d)
user_02945,40.6,D,1.0,5.0,1250.0,REJECTED,0.0,Insufficient history (5.0 vends/60d)
user_02946,37.5,D,5.0,5.0,1750.0,REJECTED,0.0,Insufficient history (5.0 vends/60d)
user_02947,62.3,C,26.0,2.0,50000.0,REJECTED,0.0,Insufficient history (2.0 vends/60d)
user_02948,54.5,C,14.0,3.0,5000.0,REJECTED,0.0,Insufficient history (3.0 vends/60d)
user_02949,39.0,D,8.0,2.0,2345.0,REJECTED,0.0,Insufficient history (2.0 vends/60d)
user_02950,39.6,D,0.0,9.0,1500.0,REJECTED,0.0,Low Score (Band D)
user_02951,71.4,B,2.0,8.0,56000.0,APPROVED,7500.0,Eligible
user_02952,43.4,D,0.0,6.0,2000.0,REJECTED,0.0,Low Score (Band D)
user_02953,45.9,D,2.0,18.0,1750.0,REJECTED,0.0,Low Score (Band D)
user_02954,72.9,B,5.0,6.0,49500.0,APPROVED,7500.0,Eligible
user_02955,38.6,D,0.0,5.0,1750.0,REJECTED,0.0,Insufficient history (5.0 vends/60d)
user_02956,42.4,D,0.0,5.0,2054.0,REJECTED,0.0,Insufficient history (5.0 vends/60d)
user_02957,65.7,B,1.0,2.0,75000.0,REJECTED,0.0,Insufficient history (2.0 vends/60d)
user_02958,32.0,D,50.0,2.0,1500.0,REJECTED,0.0,Insufficient history (2.0 vends/60d); Dormant (Last vend 50.0 days ago)
user_02959,46.4,D,5.0,8.0,2000.0,REJECTED,0.0,Low Score (Band D)
user_02960,48.1,D,0.0,11.0,2000.0,REJECTED,0.0,Low Score (Band D)
user_02961,62.1,C,38.0,1.0,72000.0,REJECTED,0.0,Insufficient history (1.0 vends/60d); Dormant (Last vend 38.0 days ago)
user_02962,34.8,D,39.0,3.0,1500.0,REJECTED,0.0,Insufficient history (3.0 vends/60d); Dormant (Last vend 39.0 days ago)
user_02963,61.2,C,36.0,1.0,66000.0,REJECTED,0.0,Insufficient history (1.0 vends/60d); Dormant (Last vend 36.0 days ago)
user_02964,43.2,D,3.0,8.0,2000.0,REJECTED,0.0,Low Score (Band D)
user_02965,33.2,D,5.0,3.0,2000.0,REJECTED,0.0,Insufficient history (3.0 vends/60d)
user_02966,43.3,D,8.0,7.0,2000.0,REJECTED,0.0,Low Score (Band D)
user_02967,42.8,D,1.0,8.0,1750.0,REJECTED,0.0,Low Score (Band D)
user_02968,69.7,B,2.0,7.0,50000.0,APPROVED,7500.0,Eligible
user_02969,38.9,D,3.0,3.0,2000.0,REJECTED,0.0,Insufficient history (3.0 vends/60d)
user_02970,44.7,D,4.0,3.0,2500.0,REJECTED,0.0,Insufficient history (3.0 vends/60d)
user_02971,44.2,D,0.0,8.0,2000.0,REJECTED,0.0,Low Score (Band D)
user_02972,71.6,B,5.0,6.0,181839.0,APPROVED,7500.0,Eligible
user_02973,70.8,B,4.0,12.0,51000.0,APPROVED,7500.0,Eligible
user_02974,39.7,D,3.0,4.0,1750.0,REJECTED,0.0,Insufficient history (4.0 vends/60d)
user_02975,43.7,D,1.0,13.0,1500.0,REJECTED,0.0,Low Score (Band D)
user_02976,71.2,B,1.0,9.0,61500.0,APPROVED,7500.0,Eligible
user_02977,44.4,D,9.0,5.0,2000.0,REJECTED,0.0,Insufficient history (5.0 vends/60d)
user_02978,43.5,D,3.0,15.0,2000.0,REJECTED,0.0,Low Score (Band D)
user_02979,66.9,B,3.0,7.0,55000.0,APPROVED,7500.0,Eligible
user_02980,71.0,B,5.0,7.0,40000.0,APPROVED,7500.0,Eligible
user_02981,43.5,D,1.0,11.0,2000.0,REJECTED,0.0,Low Score (Band D)
user_02982,39.8,D,2.0,11.0,1750.0,REJECTED,0.0,Low Score (Band D)
user_02983,38.1,D,15.0,5.0,1500.0,REJECTED,0.0,Insufficient history (5.0 vends/60d)
user_02984,33.5,D,13.0,2.0,1750.0,REJECTED,0.0,Insufficient history (2.0 vends/60d)
user_02985,39.6,D,97.0,0.0,2000.0,REJECTED,0.0,Insufficient history (0.0 vends/60d); Dormant (Last vend 97.0 days ago)
user_02986,35.2,D,0.0,3.0,1778.5,REJECTED,0.0,Insufficient history (3.0 vends/60d)
user_02987,45.4,D,5.0,11.0,2000.0,REJECTED,0.0,Low Score (Band D)
user_02988,75.5,B,13.0,9.0,63000.0,APPROVED,7500.0,Eligible
user_02989,34.5,D,4.0,3.0,2000.0,REJECTED,0.0,Insufficient history (3.0 vends/60d)
user_02990,67.7,B,18.0,4.0,200000.0,REJECTED,0.0,Insufficient history (4.0 vends/60d)
user_02991,45.1,D,0.0,13.0,2000.0,REJECTED,0.0,Low Score (Band D)
user_02992,47.6,D,4.0,9.0,2000.0,REJECTED,0.0,Low Score (Band D)
user_02993,53.1,C,1.0,9.0,3000.0,REJECTED,0.0,Calculated limit (1500.0) below min threshold
user_02994,49.4,D,11.0,8.0,2000.0,REJECTED,0.0,Low Score (Band D)
user_02995,50.3,C,1.0,4.0,3000.0,REJECTED,0.0,Insufficient history (4.0 vends/60d)
user_02996,40.8,D,0.0,10.0,1959.0,REJECTED,0.0,Low Score (Band D)
user_02997,39.8,D,0.0,6.0,1375.0,REJECTED,0.0,Low Score (Band D)
user_02998,35.7,D,65.0,0.0,2000.0,REJECTED,0.0,Insufficient history (0.0 vends/60d); Dormant (Last vend 65.0 days ago)
user_02999,43.4,D,0.0,15.0,1875.0,REJECTED,0.0,Low Score (Band D)
user_03000,47.6,D,0.0,15.0,2000.0,REJECTED,0.0,Low Score (Band D)
user_03001,45.2,D,5.0,3.0,1750.0,REJECTED,0.0,Insufficient history (3.0 vends/60d)
user_03002,44.4,D,0.0,11.0,2000.0,REJECTED,0.0,Low Score (Band D)
user_03003,42.5,D,0.0,7.0,1880.0,REJECTED,0.0,Low Score (Band D)
user_03004,64.9,C,9.0,5.0,59000.0,REJECTED,0.0,Insufficient history (5.0 vends/60d)
user_03005,73.1,B,5.0,4.0,200000.0,REJECTED,0.0,Insufficient history (4.0 vends/60d)
user_03006,37.7,D,8.0,5.0,2000.0,REJECTED,0.0,Insufficient history (5.0 vends/60d)
user_03007,42.6,D,1.0,3.0,1500.0,REJECTED,0.0,Insufficient history (3.0 vends/60d)
user_03008,47.5,D,1.0,14.0,2000.0,REJECTED,0.0,Low Score (Band D)
user_03009,42.6,D,2.0,10.0,1750.0,REJECTED,0.0,Low Score (Band D)
user_03010,47.4,D,0.0,15.0,2000.0,REJECTED,0.0,Low Score (Band D)
user_03011,44.1,D,2.0,10.0,2000.0,REJECTED,0.0,Low Score (Band D)
user_03012,48.3,D,2.0,13.0,2500.0,REJECTED,0.0,Low Score (Band D)
user_03013,76.3,B,4.0,7.0,180000.0,APPROVED,7500.0,Eligible
user_03014,71.8,B,3.0,6.0,180000.0,APPROVED,7500.0,Eligible
user_03015,39.2,D,3.0,7.0,2000.0,REJECTED,0.0,Low Score (Band D)
user_03016,72.5,B,1.0,11.0,48500.0,APPROVED,7500.0,Eligible
user_03017,44.1,D,1.0,8.0,1921.5,REJECTED,0.0,Low Score (Band D)
user_03018,73.4,B,2.0,10.0,194216.0,APPROVED,7500.0,Eligible
user_03019,36.5,D,10.0,3.0,1500.0,REJECTED,0.0,Insufficient history (3.0 vends/60d)
user_03020,44.1,D,1.0,8.0,2000.0,REJECTED,0.0,Low Score (Band D)
user_03021,74.1,B,1.0,9.0,180000.0,APPROVED,7500.0,Eligible
user_03022,71.0,B,1.0,5.0,180000.0,REJECTED,0.0,Insufficient history (5.0 vends/60d)
user_03023,41.3,D,0.0,7.0,1625.0,REJECTED,0.0,Low Score (Band D)
user_03024,30.5,D,16.0,2.0,1250.0,REJECTED,0.0,Insufficient history (2.0 vends/60d)
user_03025,35.1,D,17.0,5.0,1625.0,REJECTED,0.0,Insufficient history (5.0 vends/60d)
user_03026,41.5,D,2.0,3.0,2000.0,REJECTED,0.0,Insufficient history (3.0 vends/60d)
user_03027,35.7,D,3.0,3.0,1500.0,REJECTED,0.0,Insufficient history (3.0 vends/60d)
user_03028,44.8,D,1.0,7.0,2000.0,REJECTED,0.0,Low Score (Band D)
user_03029,38.7,D,7.0,5.0,1500.0,REJECTED,0.0,Insufficient history (5.0 vends/60d)
user_03030,35.0,D,21.0,3.0,1500.0,REJECTED,0.0,Insufficient history (3.0 vends/60d)
user_03031,48.2,D,2.0,10.0,2000.0,REJECTED,0.0,Low Score (Band D)
user_03032,68.3,B,1.0,2.0,180000.0,REJECTED,0.0,Insufficient history (2.0 vends/60d)
user_03033,73.5,B,0.0,6.0,50000.0,APPROVED,7500.0,Eligible
user_03034,43.1,D,3.0,10.0,1500.0,REJECTED,0.0,Low Score (Band D)
user_03035,69.9,B,15.0,8.0,46500.0,APPROVED,7500.0,Eligible
user_03036,45.0,D,0.0,10.0,2000.0,REJECTED,0.0,Low Score (Band D)
user_03037,37.8,D,9.0,7.0,1500.0,REJECTED,0.0,Low Score (Band D)
user_03038,41.5,D,0.0,6.0,1781.0,REJECTED,0.0,Low Score (Band D)
user_03039,44.1,D,2.0,4.0,2500.0,REJECTED,0.0,Insufficient history (4.0 vends/60d)
user_03040,47.4,D,0.0,9.0,2000.0,REJECTED,0.0,Low Score (Band D)
user_03041,38.2,D,2.0,8.0,1875.0,REJECTED,0.0,Low Score (Band D)
user_03042,44.0,D,1.0,14.0,1860.0,REJECTED,0.0,Low Score (Band D)
user_03043,51.3,C,0.0,12.0,2000.0,REJECTED,0.0,Calculated limit (1000.0) below min threshold
user_03044,38.8,D,2.0,8.0,2000.0,REJECTED,0.0,Low Score (Band D)
user_03045,44.0,D,0.0,8.0,2125.0,REJECTED,0.0,Low Score (Band D)
user_03046,41.8,D,3.0,9.0,1500.0,REJECTED,0.0,Low Score (Band D)
user_03047,40.4,D,0.0,8.0,1750.0,REJECTED,0.0,Low Score (Band D)
user_03048,50.6,C,20.0,7.0,1750.0,REJECTED,0.0,Calculated limit (875.0) below min threshold
user_03049,48.8,D,1.0,10.0,2000.0,REJECTED,0.0,Low Score (Band D)
user_03050,41.0,D,2.0,8.0,2000.0,REJECTED,0.0,Low Score (Band D)
user_03051,60.7,C,1.0,1.0,52000.0,REJECTED,0.0,Insufficient history (1.0 vends/60d)
user_03052,41.4,D,11.0,3.0,1617.0,REJECTED,0.0,Insufficient history (3.0 vends/60d)
user_03053,41.3,D,31.0,1.0,2875.0,REJECTED,0.0,Insufficient history (1.0 vends/60d); Dormant (Last vend 31.0 days ago)
user_03054,43.0,D,4.0,6.0,2000.0,REJECTED,0.0,Low Score (Band D)
user_03055,39.8,D,1.0,7.0,1850.0,REJECTED,0.0,Low Score (Band D)
user_03056,73.2,B,15.0,8.0,200000.0,APPROVED,7500.0,Eligible
user_03057,43.6,D,3.0,11.0,1250.0,REJECTED,0.0,Low Score (Band D)
user_03058,41.9,D,6.0,6.0,2000.0,REJECTED,0.0,Low Score (Band D)
user_03059,45.5,D,2.0,11.0,2000.0,REJECTED,0.0,Low Score (Band D)
user_03060,68.5,B,0.0,13.0,40000.0,APPROVED,7500.0,Eligible
user_03061,64.3,C,34.0,2.0,200000.0,REJECTED,0.0,Insufficient history (2.0 vends/60d); Dormant (Last vend 34.0 days ago)
user_03062,45.2,D,10.0,7.0,2000.0,REJECTED,0.0,Low Score (Band D)
user_03063,64.7,C,0.0,4.0,153980.0,REJECTED,0.0,Insufficient history (4.0 vends/60d)
user_03064,69.4,B,2.0,8.0,42000.0,APPROVED,7500.0,Eligible
user_03065,63.8,C,2.0,1.0,150000.0,REJECTED,0.0,Insufficient history (1.0 vends/60d)
user_03066,72.1,B,2.0,12.0,180000.0,APPROVED,7500.0,Eligible
user_03067,45.1,D,0.0,15.0,2000.0,REJECTED,0.0,Low Score (Band D)
user_03068,38.4,D,7.0,6.0,1937.5,REJECTED,0.0,Low Score (Band D)
user_03069,44.0,D,5.0,6.0,2000.0,REJECTED,0.0,Low Score (Band D)
user_03070,38.1,D,1.0,5.0,1667.5,REJECTED,0.0,Insufficient history (5.0 vends/60d)
user_03071,43.7,D,1.0,14.0,1375.0,REJECTED,0.0,Low Score (Band D)
user_03072,43.6,D,1.0,10.0,2172.5,REJECTED,0.0,Low Score (Band D)
user_03073,43.8,D,0.0,14.0,2000.0,REJECTED,0.0,Low Score (Band D)
user_03074,36.7,D,2.0,6.0,1648.0,REJECTED,0.0,Low Score (Band D)
user_03075,32.8,D,0.0,1.0,2000.0,REJECTED,0.0,Insufficient history (1.0 vends/60d)
user_03076,43.0,D,3.0,6.0,1972.0,REJECTED,0.0,Low Score (Band D)
user_03077,46.0,D,5.0,7.0,2500.0,REJECTED,0.0,Low Score (Band D)
user_03078,38.6,D,4.0,6.0,1500.0,REJECTED,0.0,Low Score (Band D)
user_03079,68.4,B,0.0,5.0,54000.0,REJECTED,0.0,Insufficient history (5.0 vends/60d)
user_03080,37.8,D,2.0,1.0,2000.0,REJECTED,0.0,Insufficient history (1.0 vends/60d)
user_03081,41.9,D,5.0,9.0,1500.0,REJECTED,0.0,Low Score (Band D)
user_03082,35.1,D,20.0,3.0,1117.0,REJECTED,0.0,Insufficient history (3.0 vends/60d)
user_03083,47.2,D,4.0,13.0,2000.0,REJECTED,0.0,Low Score (Band D)
user_03084,43.1,D,3.0,3.0,3000.0,REJECTED,0.0,Insufficient history (3.0 vends/60d)
user_03085,31.5,D,37.0,1.0,1437.5,REJECTED,0.0,Insufficient history (1.0 vends/60d); Dormant (Last vend 37.0 days ago)
user_03086,47.1,D,3.0,6.0,1798.0,REJECTED,0.0,Low Score (Band D)
user_03087,70.6,B,2.0,7.0,54000.0,APPROVED,7500.0,Eligible
user_03088,42.9,D,3.0,6.0,2000.0,REJECTED,0.0,Low Score (Band D)
user_03089,40.2,D,3.0,9.0,2000.0,REJECTED,0.0,Low Score (Band D)
user_03090,47.3,D,3.0,8.0,2345.0,REJECTED,0.0,Low Score (Band D)
user_03091,34.8,D,0.0,6.0,1500.0,REJECTED,0.0,Low Score (Band D)
user_03092,42.7,D,39.0,1.0,2000.0,REJECTED,0.0,Insufficient history (1.0 vends/60d); Dormant (Last vend 39.0 days ago)
user_03093,47.9,D,4.0,15.0,1500.0,REJECTED,0.0,Low Score (Band D)
user_03094,36.3,D,1.0,3.0,2000.0,REJECTED,0.0,Insufficient history (3.0 vends/60d)
user_03095,40.6,D,28.0,2.0,2000.0,REJECTED,0.0,Insufficient history (2.0 vends/60d)
user_03096,46.1,D,1.0,9.0,1750.0,REJECTED,0.0,Low Score (Band D)
user_03097,44.6,D,2.0,4.0,3806.5,REJECTED,0.0,Insufficient history (4.0 vends/60d)
user_03098,38.9,D,9.0,7.0,2250.0,REJECTED,0.0,Low Score (Band D)
user_03099,69.2,B,1.0,8.0,50000.0,APPROVED,7500.0,Eligible
user_03100,41.4,D,26.0,7.0,2000.0,REJECTED,0.0,Low Score (Band D)
user_03101,29.0,D,32.0,2.0,1000.0,REJECTED,0.0,Insufficient history (2.0 vends/60d); Dormant (Last vend 32.0 days ago)
user_03102,41.1,D,5.0,6.0,2000.0,REJECTED,0.0,Low Score (Band D)
user_03103,40.0,D,3.0,7.0,1500.0,REJECTED,0.0,Low Score (Band D)
user_03104,42.5,D,2.0,11.0,2000.0,REJECTED,0.0,Low Score (Band D)
user_03105,44.7,D,0.0,12.0,2000.0,REJECTED,0.0,Low Score (Band D)
user_03106,70.9,B,2.0,7.0,51000.0,APPROVED,7500.0,Eligible
user_03107,44.6,D,16.0,10.0,2000.0,REJECTED,0.0,Low Score (Band D)
user_03108,48.7,D,1.0,11.0,2000.0,REJECTED,0.0,Low Score (Band D)
user_03109,75.1,B,9.0,8.0,180000.0,APPROVED,7500.0,Eligible
user_03110,43.4,D,2.0,9.0,2000.0,REJECTED,0.0,Low Score (Band D)
user_03111,43.4,D,0.0,12.0,1750.0,REJECTED,0.0,Low Score (Band D)
user_03112,38.5,D,5.0,4.0,1500.0,REJECTED,0.0,Insufficient history (4.0 vends/60d)
user_03113,42.7,D,1.0,2.0,1750.0,REJECTED,0.0,Insufficient history (2.0 vends/60d)
user_03114,58.1,C,2.0,1.0,25000.0,REJECTED,0.0,Insufficient history (1.0 vends/60d)
user_03115,33.3,D,2.0,2.0,2000.0,REJECTED,0.0,Insufficient history (2.0 vends/60d)
user_03116,45.6,D,0.0,10.0,2000.0,REJECTED,0.0,Low Score (Band D)
user_03117,42.6,D,1.0,9.0,1750.0,REJECTED,0.0,Low Score (Band D)
user_03118,47.2,D,1.0,8.0,2000.0,REJECTED,0.0,Low Score (Band D)
user_03119,37.3,D,0.0,7.0,1500.0,REJECTED,0.0,Low Score (Band D)
user_03120,42.3,D,1.0,8.0,1500.0,REJECTED,0.0,Low Score (Band D)
user_03121,45.3,D,7.0,5.0,1500.0,REJECTED,0.0,Insufficient history (5.0 vends/60d)
user_03122,38.6,D,5.0,5.0,1750.0,REJECTED,0.0,Insufficient history (5.0 vends/60d)
user_03123,37.5,D,0.0,2.0,1665.0,REJECTED,0.0,Insufficient history (2.0 vends/60d)
user_03124,41.4,D,4.0,10.0,1625.0,REJECTED,0.0,Low Score (Band D)
user_03125,43.0,D,0.0,10.0,1750.0,REJECTED,0.0,Low Score (Band D)
user_03126,29.4,D,0.0,2.0,1127.5,REJECTED,0.0,Insufficient history (2.0 vends/60d)
user_03127,41.5,D,5.0,9.0,2047.0,REJECTED,0.0,Low Score (Band D)
user_03128,73.1,B,5.0,4.0,180000.0,REJECTED,0.0,Insufficient history (4.0 vends/60d)
user_03129,45.9,D,2.0,2.0,2000.0,REJECTED,0.0,Insufficient history (2.0 vends/60d)
user_03130,72.3,B,3.0,13.0,50000.0,APPROVED,7500.0,Eligible
user_03131,34.4,D,4.0,5.0,1500.0,REJECTED,0.0,Insufficient history (5.0 vends/60d)
user_03132,44.0,D,0.0,6.0,2000.0,REJECTED,0.0,Low Score (Band D)
user_03133,70.2,B,5.0,4.0,150000.0,REJECTED,0.0,Insufficient history (4.0 vends/60d)
user_03134,68.2,B,0.0,7.0,48000.0,APPROVED,7500.0,Eligible
user_03135,64.9,C,7.0,4.0,50000.0,REJECTED,0.0,Insufficient history (4.0 vends/60d)
user_03136,63.7,C,30.0,2.0,61500.0,REJECTED,0.0,Insufficient history (2.0 vends/60d)
user_03137,67.2,B,1.0,5.0,167128.0,REJECTED,0.0,Insufficient history (5.0 vends/60d)
user_03138,52.1,C,15.0,2.0,3603.0,REJECTED,0.0,Insufficient history (2.0 vends/60d)
user_03139,44.9,D,0.0,13.0,1500.0,REJECTED,0.0,Low Score (Band D)
user_03140,42.5,D,1.0,4.0,2000.0,REJECTED,0.0,Insufficient history (4.0 vends/60d)
user_03141,43.1,D,0.0,7.0,2000.0,REJECTED,0.0,Low Score (Band D)
user_03142,76.3,B,0.0,11.0,51000.0,APPROVED,7500.0,Eligible
user_03143,65.9,B,26.0,3.0,46500.0,REJECTED,0.0,Insufficient history (3.0 vends/60d)
user_03144,42.7,D,15.0,5.0,2750.0,REJECTED,0.0,Insufficient history (5.0 vends/60d)
user_03145,34.1,D,3.0,3.0,2000.0,REJECTED,0.0,Insufficient history (3.0 vends/60d)
user_03146,37.0,D,2.0,3.0,1500.0,REJECTED,0.0,Insufficient history (3.0 vends/60d)
user_03147,30.8,D,0.0,5.0,1125.0,REJECTED,0.0,Insufficient history (5.0 vends/60d)
user_03148,68.6,B,29.0,3.0,50000.0,REJECTED,0.0,Insufficient history (3.0 vends/60d)
user_03149,39.2,D,5.0,6.0,2500.0,REJECTED,0.0,Low Score (Band D)
user_03150,39.0,D,1.0,2.0,1500.0,REJECTED,0.0,Insufficient history (2.0 vends/60d)
user_03151,45.7,D,5.0,8.0,2000.0,REJECTED,0.0,Low Score (Band D)
user_03152,32.3,D,6.0,3.0,1741.0,REJECTED,0.0,Insufficient history (3.0 vends/60d)
user_03153,41.1,D,4.0,6.0,1750.0,REJECTED,0.0,Low Score (Band D)
user_03154,42.3,D,0.0,12.0,2000.0,REJECTED,0.0,Low Score (Band D)
user_03155,42.5,D,1.0,7.0,2000.0,REJECTED,0.0,Low Score (Band D)
user_03156,71.0,B,2.0,5.0,200000.0,REJECTED,0.0,Insufficient history (5.0 vends/60d)
user_03157,43.9,D,3.0,6.0,3000.0,REJECTED,0.0,Low Score (Band D)
user_03158,45.8,D,7.0,10.0,2000.0,REJECTED,0.0,Low Score (Band D)
user_03159,43.0,D,0.0,8.0,1750.0,REJECTED,0.0,Low Score (Band D)
user_03160,38.0,D,1.0,7.0,1250.0,REJECTED,0.0,Low Score (Band D)
user_03161,68.5,B,3.0,9.0,150000.0,APPROVED,7500.0,Eligible
user_03162,74.5,B,2.0,10.0,194195.0,APPROVED,7500.0,Eligible
user_03163,48.3,D,8.0,8.0,2250.0,REJECTED,0.0,Low Score (Band D)
user_03164,35.8,D,25.0,3.0,1875.0,REJECTED,0.0,Insufficient history (3.0 vends/60d)
user_03165,43.2,D,2.0,5.0,2000.0,REJECTED,0.0,Insufficient history (5.0 vends/60d)
user_03166,63.7,C,5.0,3.0,50000.0,REJECTED,0.0,Insufficient history (3.0 vends/60d)
user_03167,73.6,B,2.0,11.0,62000.0,APPROVED,7500.0,Eligible
user_03168,31.1,D,38.0,2.0,1500.0,REJECTED,0.0,Insufficient history (2.0 vends/60d); Dormant (Last vend 38.0 days ago)
user_03169,45.0,D,6.0,9.0,2074.0,REJECTED,0.0,Low Score (Band D)
user_03170,41.4,D,3.0,3.0,2500.0,REJECTED,0.0,Insufficient history (3.0 vends/60d)
user_03171,39.0,D,2.0,2.0,2375.0,REJECTED,0.0,Insufficient history (2.0 vends/60d)
user_03172,44.8,D,6.0,9.0,2000.0,REJECTED,0.0,Low Score (Band D)
user_03173,40.5,D,9.0,6.0,2000.0,REJECTED,0.0,Low Score (Band D)
user_03174,41.1,D,1.0,4.0,1625.0,REJECTED,0.0,Insufficient history (4.0 vends/60d)
user_03175,43.2,D,3.0,5.0,2000.0,REJECTED,0.0,Insufficient history (5.0 vends/60d)
user_03176,29.9,D,2.0,3.0,1234.0,REJECTED,0.0,Insufficient history (3.0 vends/60d)
user_03177,61.6,C,7.0,3.0,45500.0,REJECTED,0.0,Insufficient history (3.0 vends/60d)
user_03178,35.6,D,5.0,6.0,1750.0,REJECTED,0.0,Low Score (Band D)
user_03179,43.3,D,9.0,10.0,2000.0,REJECTED,0.0,Low Score (Band D)
user_03180,34.5,D,2.0,3.0,2067.0,REJECTED,0.0,Insufficient history (3.0 vends/60d)
user_03181,38.3,D,0.0,3.0,1500.0,REJECTED,0.0,Insufficient history (3.0 vends/60d)
user_03182,50.6,C,1.0,9.0,1500.0,REJECTED,0.0,Calculated limit (750.0) below min threshold
user_03183,51.5,C,1.0,10.0,2000.0,REJECTED,0.0,Calculated limit (1000.0) below min threshold
user_03184,38.5,D,0.0,7.0,1625.0,REJECTED,0.0,Low Score (Band D)
user_03185,40.1,D,30.0,4.0,1831.0,REJECTED,0.0,Insufficient history (4.0 vends/60d)
user_03186,46.5,D,2.0,12.0,2458.0,REJECTED,0.0,Low Score (Band D)
user_03187,39.0,D,33.0,2.0,1666.5,REJECTED,0.0,Insufficient history (2.0 vends/60d); Dormant (Last vend 33.0 days ago)
user_03188,38.2,D,0.0,8.0,2000.0,REJECTED,0.0,Low Score (Band D)
user_03189,42.5,D,2.0,4.0,2000.0,REJECTED,0.0,Insufficient history (4.0 vends/60d)
user_03190,36.6,D,33.0,2.0,2000.0,REJECTED,0.0,Insufficient history (2.0 vends/60d); Dormant (Last vend 33.0 days ago)
user_03191,44.5,D,1.0,3.0,2000.0,REJECTED,0.0,Insufficient history (3.0 vends/60d)
user_03192,48.6,D,0.0,6.0,2000.0,REJECTED,0.0,Low Score (Band D)
user_03193,35.2,D,15.0,3.0,2000.0,REJECTED,0.0,Insufficient history (3.0 vends/60d)
user_03194,74.6,B,3.0,10.0,180000.0,APPROVED,7500.0,Eligible
user_03195,36.4,D,3.0,4.0,1500.0,REJECTED,0.0,Insufficient history (4.0 vends/60d)
user_03196,42.9,D,15.0,7.0,2000.0,REJECTED,0.0,Low Score (Band D)
user_03197,36.0,D,1.0,5.0,1625.0,REJECTED,0.0,Insufficient history (5.0 vends/60d)
user_03198,29.7,D,14.0,3.0,1188.0,REJECTED,0.0,Insufficient history (3.0 vends/60d)
user_03199,32.8,D,124.0,0.0,1974.0,REJECTED,0.0,Insufficient history (0.0 vends/60d); Dormant (Last vend 124.0 days ago)
user_03200,43.4,D,2.0,5.0,2000.0,REJECTED,0.0,Insufficient history (5.0 vends/60d)
user_03201,44.8,D,2.0,7.0,1875.0,REJECTED,0.0,Low Score (Band D)
user_03202,42.7,D,1.0,8.0,2000.0,REJECTED,0.0,Low Score (Band D)
user_03203,44.8,D,2.0,8.0,2000.0,REJECTED,0.0,Low Score (Band D)
user_03204,48.6,D,6.0,14.0,2000.0,REJECTED,0.0,Low Score (Band D)
user_03205,42.6,D,1.0,13.0,1875.0,REJECTED,0.0,Low Score (Band D)
user_03206,46.2,D,1.0,12.0,2000.0,REJECTED,0.0,Low Score (Band D)
user_03207,40.5,D,1.0,3.0,2500.0,REJECTED,0.0,Insufficient history (3.0 vends/60d)
user_03208,38.9,D,4.0,5.0,2000.0,REJECTED,0.0,Insufficient history (5.0 vends/60d)
user_03209,37.7,D,2.0,4.0,2000.0,REJECTED,0.0,Insufficient history (4.0 vends/60d)
user_03210,40.8,D,2.0,6.0,2000.0,REJECTED,0.0,Low Score (Band D)
user_03211,47.2,D,2.0,6.0,1900.0,REJECTED,0.0,Low Score (Band D)
user_03212,42.0,D,4.0,10.0,1625.0,REJECTED,0.0,Low Score (Band D)
user_03213,78.8,B,3.0,9.0,180000.0,APPROVED,7500.0,Eligible
user_03214,45.8,D,2.0,11.0,2000.0,REJECTED,0.0,Low Score (Band D)
user_03215,35.1,D,31.0,1.0,2000.0,REJECTED,0.0,Insufficient history (1.0 vends/60d); Dormant (Last vend 31.0 days ago)
user_03216,46.8,D,0.0,1.0,3025.0,REJECTED,0.0,Insufficient history (1.0 vends/60d)
user_03217,48.5,D,3.0,10.0,2000.0,REJECTED,0.0,Low Score (Band D)
user_03218,44.5,D,1.0,12.0,1449.0,REJECTED,0.0,Low Score (Band D)
user_03219,44.2,D,3.0,11.0,1750.0,REJECTED,0.0,Low Score (Band D)
user_03220,46.8,D,10.0,10.0,1750.0,REJECTED,0.0,Low Score (Band D)
user_03221,39.9,D,4.0,6.0,2000.0,REJECTED,0.0,Low Score (Band D)
user_03222,44.7,D,0.0,10.0,2000.0,REJECTED,0.0,Low Score (Band D)
user_03223,39.5,D,0.0,11.0,1500.0,REJECTED,0.0,Low Score (Band D)
user_03224,33.7,D,35.0,1.0,2000.0,REJECTED,0.0,Insufficient history (1.0 vends/60d); Dormant (Last vend 35.0 days ago)
user_03225,40.5,D,3.0,4.0,2000.0,REJECTED,0.0,Insufficient history (4.0 vends/60d)
user_03226,46.3,D,12.0,10.0,2000.0,REJECTED,0.0,Low Score (Band D)
user_03227,39.1,D,8.0,7.0,2000.0,REJECTED,0.0,Low Score (Band D)
user_03228,65.2,B,1.0,4.0,43500.0,REJECTED,0.0,Insufficient history (4.0 vends/60d)
user_03229,42.3,D,1.0,7.0,2000.0,REJECTED,0.0,Low Score (Band D)
user_03230,37.2,D,4.0,2.0,2000.0,REJECTED,0.0,Insufficient history (2.0 vends/60d)
user_03231,43.0,D,0.0,7.0,2000.0,REJECTED,0.0,Low Score (Band D)
user_03232,70.4,B,0.0,4.0,64000.0,REJECTED,0.0,Insufficient history (4.0 vends/60d)
user_03233,46.0,D,0.0,3.0,1500.0,REJECTED,0.0,Insufficient history (3.0 vends/60d)
user_03234,48.7,D,2.0,9.0,2000.0,REJECTED,0.0,Low Score (Band D)
user_03235,56.1,C,4.0,13.0,2000.0,REJECTED,0.0,Calculated limit (1000.0) below min threshold
user_03236,38.0,D,3.0,6.0,1250.0,REJECTED,0.0,Low Score (Band D)
user_03237,42.4,D,3.0,7.0,1750.0,REJECTED,0.0,Low Score (Band D)
user_03238,46.6,D,1.0,10.0,2000.0,REJECTED,0.0,Low Score (Band D)
user_03239,44.8,D,0.0,6.0,1875.0,REJECTED,0.0,Low Score (Band D)
user_03240,45.8,D,2.0,10.0,1750.0,REJECTED,0.0,Low Score (Band D)
user_03241,50.6,C,3.0,7.0,2000.0,REJECTED,0.0,Calculated limit (1000.0) below min threshold
user_03242,41.5,D,8.0,10.0,2000.0,REJECTED,0.0,Low Score (Band D)
user_03243,69.7,B,2.0,9.0,50000.0,APPROVED,7500.0,Eligible
user_03244,45.9,D,20.0,6.0,2000.0,REJECTED,0.0,Low Score (Band D)
user_03245,37.0,D,12.0,6.0,1500.0,REJECTED,0.0,Low Score (Band D)
user_03246,50.5,C,7.0,12.0,2000.0,REJECTED,0.0,Calculated limit (1000.0) below min threshold
user_03247,46.4,D,0.0,12.0,2000.0,REJECTED,0.0,Low Score (Band D)
user_03248,35.8,D,21.0,5.0,1500.0,REJECTED,0.0,Insufficient history (5.0 vends/60d)
user_03249,41.2,D,1.0,5.0,2000.0,REJECTED,0.0,Insufficient history (5.0 vends/60d)
user_03250,45.1,D,1.0,13.0,2000.0,REJECTED,0.0,Low Score (Band D)
user_03251,41.7,D,1.0,8.0,2000.0,REJECTED,0.0,Low Score (Band D)
user_03252,64.9,C,1.0,4.0,55500.0,REJECTED,0.0,Insufficient history (4.0 vends/60d)
user_03253,46.1,D,0.0,3.0,2000.0,REJECTED,0.0,Insufficient history (3.0 vends/60d)
user_03254,35.6,D,2.0,5.0,1500.0,REJECTED,0.0,Insufficient history (5.0 vends/60d)
user_03255,40.0,D,0.0,11.0,2000.0,REJECTED,0.0,Low Score (Band D)
user_03256,45.8,D,0.0,12.0,2000.0,REJECTED,0.0,Low Score (Band D)
user_03257,40.1,D,4.0,9.0,2000.0,REJECTED,0.0,Low Score (Band D)
user_03258,45.8,D,2.0,9.0,2000.0,REJECTED,0.0,Low Score (Band D)
user_03259,39.9,D,2.0,7.0,2000.0,REJECTED,0.0,Low Score (Band D)
user_03260,68.9,B,8.0,6.0,200000.0,APPROVED,7500.0,Eligible
user_03261,30.3,D,34.0,3.0,1153.0,REJECTED,0.0,Insufficient history (3.0 vends/60d); Dormant (Last vend 34.0 days ago)
user_03262,68.0,B,2.0,6.0,72000.0,APPROVED,7500.0,Eligible
user_03263,32.1,D,4.0,3.0,1500.0,REJECTED,0.0,Insufficient history (3.0 vends/60d)
user_03264,39.3,D,6.0,7.0,2000.0,REJECTED,0.0,Low Score (Band D)
user_03265,77.0,B,1.0,15.0,180000.0,APPROVED,7500.0,Eligible
user_03266,34.0,D,61.0,0.0,1750.0,REJECTED,0.0,Insufficient history (0.0 vends/60d); Dormant (Last vend 61.0 days ago)
user_03267,42.1,D,4.0,11.0,2000.0,REJECTED,0.0,Low Score (Band D)
user_03268,48.6,D,4.0,9.0,2000.0,REJECTED,0.0,Low Score (Band D)
user_03269,76.5,B,0.0,10.0,64500.0,APPROVED,7500.0,Eligible
user_03270,34.7,D,0.0,4.0,1500.0,REJECTED,0.0,Insufficient history (4.0 vends/60d)
user_03271,40.9,D,32.0,1.0,1750.0,REJECTED,0.0,Insufficient history (1.0 vends/60d); Dormant (Last vend 32.0 days ago)
user_03272,48.1,D,1.0,11.0,2000.0,REJECTED,0.0,Low Score (Band D)
user_03273,34.2,D,0.0,4.0,2000.0,REJECTED,0.0,Insufficient history (4.0 vends/60d)
user_03274,48.2,D,5.0,9.0,2000.0,REJECTED,0.0,Low Score (Band D)
user_03275,44.7,D,10.0,6.0,2250.0,REJECTED,0.0,Low Score (Band D)
user_03276,49.0,D,0.0,8.0,2462.5,REJECTED,0.0,Low Score (Band D)
user_03277,40.6,D,4.0,9.0,1625.0,REJECTED,0.0,Low Score (Band D)
user_03278,45.9,D,9.0,9.0,2000.0,REJECTED,0.0,Low Score (Band D)
user_03279,44.4,D,5.0,10.0,2000.0,REJECTED,0.0,Low Score (Band D)
user_03280,45.3,D,3.0,15.0,1841.5,REJECTED,0.0,Low Score (Band D)
user_03281,34.6,D,3.0,2.0,2000.0,REJECTED,0.0,Insufficient history (2.0 vends/60d)
user_03282,73.2,B,2.0,9.0,180000.0,APPROVED,7500.0,Eligible
user_03283,43.8,D,3.0,10.0,2000.0,REJECTED,0.0,Low Score (Band D)
user_03284,47.5,D,20.0,5.0,2000.0,REJECTED,0.0,Insufficient history (5.0 vends/60d)
user_03285,41.4,D,2.0,9.0,1750.0,REJECTED,0.0,Low Score (Band D)
user_03286,54.9,C,3.0,15.0,3000.0,REJECTED,0.0,Calculated limit (1500.0) below min threshold
user_03287,70.5,B,9.0,4.0,41000.0,REJECTED,0.0,Insufficient history (4.0 vends/60d)
user_03288,42.4,D,35.0,1.0,2000.0,REJECTED,0.0,Insufficient history (1.0 vends/60d); Dormant (Last vend 35.0 days ago)
user_03289,40.8,D,1.0,12.0,1500.0,REJECTED,0.0,Low Score (Band D)
user_03290,41.6,D,1.0,6.0,2000.0,REJECTED,0.0,Low Score (Band D)
user_03291,29.4,D,5.0,2.0,1000.0,REJECTED,0.0,Insufficient history (2.0 vends/60d)
user_03292,48.8,D,0.0,9.0,1884.5,REJECTED,0.0,Low Score (Band D)
user_03293,64.8,C,31.0,1.0,165000.0,REJECTED,0.0,Insufficient history (1.0 vends/60d); Dormant (Last vend 31.0 days ago)
user_03294,72.8,B,2.0,12.0,70500.0,APPROVED,7500.0,Eligible
user_03295,39.5,D,2.0,5.0,2000.0,REJECTED,0.0,Insufficient history (5.0 vends/60d)
user_03296,42.8,D,20.0,4.0,2000.0,REJECTED,0.0,Insufficient history (4.0 vends/60d)
user_03297,67.9,B,1.0,9.0,41000.0,APPROVED,7500.0,Eligible
user_03298,44.3,D,2.0,7.0,2000.0,REJECTED,0.0,Low Score (Band D)
user_03299,41.4,D,0.0,4.0,2000.0,REJECTED,0.0,Insufficient history (4.0 vends/60d)
user_03300,32.7,D,95.0,0.0,2000.0,REJECTED,0.0,Insufficient history (0.0 vends/60d); Dormant (Last vend 95.0 days ago)
user_03301,36.6,D,0.0,5.0,2000.0,REJECTED,0.0,Insufficient history (5.0 vends/60d)
user_03302,49.4,D,3.0,9.0,2000.0,REJECTED,0.0,Low Score (Band D)
user_03303,46.0,D,1.0,16.0,1997.0,REJECTED,0.0,Low Score (Band D)
user_03304,49.9,D,10.0,6.0,2500.0,REJECTED,0.0,Low Score (Band D)
user_03305,66.1,B,0.0,1.0,200000.0,REJECTED,0.0,Insufficient history (1.0 vends/60d)
user_03306,38.1,D,2.0,8.0,1500.0,REJECTED,0.0,Low Score (Band D)
user_03307,70.5,B,1.0,9.0,59500.0,APPROVED,7500.0,Eligible
user_03308,75.2,B,1.0,11.0,195937.5,APPROVED,7500.0,Eligible
user_03309,43.7,D,2.0,3.0,3000.0,REJECTED,0.0,Insufficient history (3.0 vends/60d)
user_03310,44.3,D,3.0,11.0,2000.0,REJECTED,0.0,Low Score (Band D)
user_03311,45.4,D,9.0,7.0,1500.0,REJECTED,0.0,Low Score (Band D)
user_03312,38.2,D,1.0,9.0,1503.5,REJECTED,0.0,Low Score (Band D)
user_03313,42.7,D,0.0,9.0,2000.0,REJECTED,0.0,Low Score (Band D)
user_03314,68.5,B,4.0,8.0,50000.0,APPROVED,7500.0,Eligible
user_03315,36.0,D,5.0,3.0,1875.0,REJECTED,0.0,Insufficient history (3.0 vends/60d)
user_03316,44.2,D,11.0,3.0,1962.0,REJECTED,0.0,Insufficient history (3.0 vends/60d)
user_03317,40.8,D,0.0,3.0,2000.0,REJECTED,0.0,Insufficient history (3.0 vends/60d)
user_03318,46.0,D,2.0,10.0,2000.0,REJECTED,0.0,Low Score (Band D)
user_03319,64.8,C,2.0,6.0,46500.0,APPROVED,5000.0,Eligible
user_03320,40.0,D,13.0,9.0,1500.0,REJECTED,0.0,Low Score (Band D)
user_03321,43.6,D,1.0,8.0,2000.0,REJECTED,0.0,Low Score (Band D)
user_03322,39.7,D,2.0,8.0,1587.0,REJECTED,0.0,Low Score (Band D)
user_03323,42.5,D,0.0,6.0,2000.0,REJECTED,0.0,Low Score (Band D)
user_03324,40.0,D,9.0,8.0,1500.0,REJECTED,0.0,Low Score (Band D)
user_03325,48.1,D,1.0,9.0,1750.0,REJECTED,0.0,Low Score (Band D)
user_03326,64.2,C,18.0,4.0,53000.0,REJECTED,0.0,Insufficient history (4.0 vends/60d)
user_03327,46.9,D,2.0,9.0,1500.0,REJECTED,0.0,Low Score (Band D)
user_03328,36.6,D,7.0,7.0,1500.0,REJECTED,0.0,Low Score (Band D)
user_03329,66.7,B,16.0,4.0,190000.0,REJECTED,0.0,Insufficient history (4.0 vends/60d)
user_03330,39.4,D,0.0,5.0,1875.0,REJECTED,0.0,Insufficient history (5.0 vends/60d)
user_03331,39.7,D,0.0,8.0,2000.0,REJECTED,0.0,Low Score (Band D)
user_03332,44.3,D,3.0,8.0,2000.0,REJECTED,0.0,Low Score (Band D)
user_03333,41.6,D,1.0,11.0,1500.0,REJECTED,0.0,Low Score (Band D)
user_03334,63.7,C,5.0,2.0,171486.0,REJECTED,0.0,Insufficient history (2.0 vends/60d)
user_03335,71.1,B,14.0,5.0,180000.0,REJECTED,0.0,Insufficient history (5.0 vends/60d)
user_03336,39.4,D,7.0,9.0,1812.5,REJECTED,0.0,Low Score (Band D)
user_03337,41.8,D,1.0,11.0,1500.0,REJECTED,0.0,Low Score (Band D)
user_03338,50.8,C,3.0,15.0,2000.0,REJECTED,0.0,Calculated limit (1000.0) below min threshold
user_03339,41.2,D,14.0,5.0,2000.0,REJECTED,0.0,Insufficient history (5.0 vends/60d)
user_03340,45.1,D,3.0,8.0,1875.0,REJECTED,0.0,Low Score (Band D)
user_03341,31.5,D,1.0,5.0,1000.0,REJECTED,0.0,Insufficient history (5.0 vends/60d)
user_03342,42.0,D,1.0,2.0,1266.5,REJECTED,0.0,Insufficient history (2.0 vends/60d)
user_03343,39.2,D,2.0,7.0,1500.0,REJECTED,0.0,Low Score (Band D)
user_03344,42.4,D,1.0,8.0,2000.0,REJECTED,0.0,Low Score (Band D)
user_03345,43.7,D,2.0,9.0,1750.0,REJECTED,0.0,Low Score (Band D)
user_03346,72.8,B,0.0,7.0,50000.0,APPROVED,7500.0,Eligible
user_03347,45.1,D,2.0,13.0,1493.0,REJECTED,0.0,Low Score (Band D)
user_03348,46.2,D,13.0,8.0,2000.0,REJECTED,0.0,Low Score (Band D)
user_03349,45.2,D,6.0,12.0,1774.5,REJECTED,0.0,Low Score (Band D)
user_03350,44.3,D,2.0,8.0,2000.0,REJECTED,0.0,Low Score (Band D)
user_03351,40.9,D,1.0,16.0,1875.0,REJECTED,0.0,Low Score (Band D)
user_03352,44.6,D,2.0,6.0,2000.0,REJECTED,0.0,Low Score (Band D)
user_03353,42.2,D,8.0,11.0,1500.0,REJECTED,0.0,Low Score (Band D)
user_03354,45.4,D,1.0,5.0,2000.0,REJECTED,0.0,Insufficient history (5.0 vends/60d)
user_03355,41.5,D,3.0,8.0,1673.0,REJECTED,0.0,Low Score (Band D)
user_03356,43.3,D,0.0,9.0,2000.0,REJECTED,0.0,Low Score (Band D)
user_03357,42.7,D,13.0,5.0,1959.0,REJECTED,0.0,Insufficient history (5.0 vends/60d)
user_03358,36.3,D,17.0,2.0,2000.0,REJECTED,0.0,Insufficient history (2.0 vends/60d)
user_03359,38.7,D,10.0,5.0,2000.0,REJECTED,0.0,Insufficient history (5.0 vends/60d)
user_03360,58.2,C,5.0,1.0,40500.0,REJECTED,0.0,Insufficient history (1.0 vends/60d)
user_03361,39.0,D,2.0,9.0,1500.0,REJECTED,0.0,Low Score (Band D)
user_03362,38.9,D,2.0,11.0,1500.0,REJECTED,0.0,Low Score (Band D)
user_03363,69.0,B,3.0,10.0,61500.0,APPROVED,7500.0,Eligible
user_03364,45.8,D,0.0,5.0,2000.0,REJECTED,0.0,Insufficient history (5.0 vends/60d)
user_03365,38.9,D,2.0,5.0,1500.0,REJECTED,0.0,Insufficient history (5.0 vends/60d)
user_03366,45.6,D,1.0,4.0,2250.0,REJECTED,0.0,Insufficient history (4.0 vends/60d)
user_03367,46.2,D,3.0,10.0,2000.0,REJECTED,0.0,Low Score (Band D)
user_03368,45.6,D,28.0,5.0,2500.0,REJECTED,0.0,Insufficient history (5.0 vends/60d)
user_03369,45.8,D,32.0,8.0,2000.0,REJECTED,0.0,Dormant (Last vend 32.0 days ago)
user_03370,44.0,D,1.0,8.0,2000.0,REJECTED,0.0,Low Score (Band D)
user_03371,43.8,D,12.0,4.0,1750.0,REJECTED,0.0,Insufficient history (4.0 vends/60d)
user_03372,77.0,B,3.0,15.0,180000.0,APPROVED,7500.0,Eligible
user_03373,68.6,B,1.0,6.0,58000.0,APPROVED,7500.0,Eligible
user_03374,34.3,D,16.0,5.0,1654.5,REJECTED,0.0,Insufficient history (5.0 vends/60d)
user_03375,39.0,D,2.0,7.0,1564.5,REJECTED,0.0,Low Score (Band D)
user_03376,48.1,D,4.0,8.0,2000.0,REJECTED,0.0,Low Score (Band D)
user_03377,37.8,D,13.0,3.0,2000.0,REJECTED,0.0,Insufficient history (3.0 vends/60d)
user_03378,44.5,D,3.0,6.0,2000.0,REJECTED,0.0,Low Score (Band D)
user_03379,40.2,D,1.0,6.0,2000.0,REJECTED,0.0,Low Score (Band D)
user_03380,39.3,D,2.0,3.0,1625.0,REJECTED,0.0,Insufficient history (3.0 vends/60d)
user_03381,38.5,D,2.0,4.0,2250.0,REJECTED,0.0,Insufficient history (4.0 vends/60d)
user_03382,44.9,D,0.0,8.0,1875.0,REJECTED,0.0,Low Score (Band D)
user_03383,43.4,D,2.0,11.0,2000.0,REJECTED,0.0,Low Score (Band D)
user_03384,76.2,B,15.0,4.0,68000.0,REJECTED,0.0,Insufficient history (4.0 vends/60d)
user_03385,41.9,D,9.0,4.0,2500.0,REJECTED,0.0,Insufficient history (4.0 vends/60d)
user_03386,31.0,D,3.0,3.0,1625.0,REJECTED,0.0,Insufficient history (3.0 vends/60d)
user_03387,34.3,D,2.0,3.0,1250.0,REJECTED,0.0,Insufficient history (3.0 vends/60d)
user_03388,45.1,D,2.0,3.0,2000.0,REJECTED,0.0,Insufficient history (3.0 vends/60d)
user_03389,37.0,D,32.0,3.0,2000.0,REJECTED,0.0,Insufficient history (3.0 vends/60d); Dormant (Last vend 32.0 days ago)
user_03390,45.5,D,3.0,9.0,2000.0,REJECTED,0.0,Low Score (Band D)
user_03391,42.8,D,4.0,7.0,2000.0,REJECTED,0.0,Low Score (Band D)
user_03392,36.4,D,25.0,2.0,2500.0,REJECTED,0.0,Insufficient history (2.0 vends/60d)
user_03393,45.8,D,14.0,4.0,2500.0,REJECTED,0.0,Insufficient history (4.0 vends/60d)
user_03394,48.6,D,12.0,8.0,2000.0,REJECTED,0.0,Low Score (Band D)
user_03395,47.5,D,0.0,2.0,2500.0,REJECTED,0.0,Insufficient history (2.0 vends/60d)
user_03396,66.0,B,0.0,7.0,57500.0,APPROVED,7500.0,Eligible
user_03397,37.3,D,5.0,2.0,2000.0,REJECTED,0.0,Insufficient history (2.0 vends/60d)
user_03398,76.8,B,0.0,13.0,200000.0,APPROVED,7500.0,Eligible
user_03399,35.0,D,8.0,2.0,1182.5,REJECTED,0.0,Insufficient history (2.0 vends/60d)
user_03400,53.7,C,4.0,12.0,2345.0,REJECTED,0.0,Calculated limit (1172.5) below min threshold
user_03401,40.0,D,1.0,7.0,2000.0,REJECTED,0.0,Low Score (Band D)
user_03402,43.8,D,0.0,13.0,2000.0,REJECTED,0.0,Low Score (Band D)
user_03403,45.6,D,10.0,3.0,2869.0,REJECTED,0.0,Insufficient history (3.0 vends/60d)
user_03404,37.6,D,1.0,2.0,2000.0,REJECTED,0.0,Insufficient history (2.0 vends/60d)
user_03405,69.1,B,3.0,4.0,72000.0,REJECTED,0.0,Insufficient history (4.0 vends/60d)
user_03406,46.8,D,0.0,13.0,1750.0,REJECTED,0.0,Low Score (Band D)
user_03407,46.3,D,1.0,6.0,2062.0,REJECTED,0.0,Low Score (Band D)
user_03408,40.2,D,0.0,9.0,1500.0,REJECTED,0.0,Low Score (Band D)
user_03409,45.0,D,4.0,11.0,2000.0,REJECTED,0.0,Low Score (Band D)
user_03410,41.4,D,0.0,9.0,1500.0,REJECTED,0.0,Low Score (Band D)
user_03411,45.6,D,3.0,5.0,2937.5,REJECTED,0.0,Insufficient history (5.0 vends/60d)
user_03412,70.1,B,1.0,10.0,46000.0,APPROVED,7500.0,Eligible
user_03413,46.8,D,0.0,12.0,2000.0,REJECTED,0.0,Low Score (Band D)
user_03414,39.5,D,6.0,3.0,1797.5,REJECTED,0.0,Insufficient history (3.0 vends/60d)
user_03415,70.4,B,0.0,6.0,67000.0,APPROVED,7500.0,Eligible
user_03416,42.7,D,2.0,6.0,1500.0,REJECTED,0.0,Low Score (Band D)
user_03417,40.1,D,1.0,3.0,2000.0,REJECTED,0.0,Insufficient history (3.0 vends/60d)
user_03418,41.7,D,2.0,6.0,1750.0,REJECTED,0.0,Low Score (Band D)
user_03419,33.7,D,3.0,2.0,1997.0,REJECTED,0.0,Insufficient history (2.0 vends/60d)
user_03420,68.1,B,33.0,4.0,55000.0,REJECTED,0.0,Insufficient history (4.0 vends/60d); Dormant (Last vend 33.0 days ago)
user_03421,43.1,D,0.0,5.0,1500.0,REJECTED,0.0,Insufficient history (5.0 vends/60d)
user_03422,38.1,D,2.0,5.0,1750.0,REJECTED,0.0,Insufficient history (5.0 vends/60d)
user_03423,38.0,D,0.0,4.0,1750.0,REJECTED,0.0,Insufficient history (4.0 vends/60d)
user_03424,45.4,D,2.0,8.0,2000.0,REJECTED,0.0,Low Score (Band D)
user_03425,38.0,D,3.0,4.0,2676.0,REJECTED,0.0,Insufficient history (4.0 vends/60d)
user_03426,39.2,D,1.0,8.0,2063.0,REJECTED,0.0,Low Score (Band D)
user_03427,67.3,B,13.0,1.0,200206.5,REJECTED,0.0,Insufficient history (1.0 vends/60d)
user_03428,34.5,D,16.0,5.0,1500.0,REJECTED,0.0,Insufficient history (5.0 vends/60d)
user_03429,34.4,D,3.0,2.0,2000.0,REJECTED,0.0,Insufficient history (2.0 vends/60d)
user_03430,40.9,D,2.0,9.0,2000.0,REJECTED,0.0,Low Score (Band D)
user_03431,40.2,D,1.0,6.0,2000.0,REJECTED,0.0,Low Score (Band D)
user_03432,40.0,D,3.0,4.0,2000.0,REJECTED,0.0,Insufficient history (4.0 vends/60d)
user_03433,40.0,D,15.0,6.0,2500.0,REJECTED,0.0,Low Score (Band D)
user_03434,42.6,D,11.0,9.0,1600.0,REJECTED,0.0,Low Score (Band D)
user_03435,42.5,D,3.0,4.0,2000.0,REJECTED,0.0,Insufficient history (4.0 vends/60d)
user_03436,65.4,B,0.0,8.0,41500.0,APPROVED,7500.0,Eligible
user_03437,44.5,D,88.0,0.0,2728.5,REJECTED,0.0,Insufficient history (0.0 vends/60d); Dormant (Last vend 88.0 days ago)
user_03438,70.8,B,5.0,13.0,50000.0,APPROVED,7500.0,Eligible
user_03439,45.5,D,18.0,9.0,2000.0,REJECTED,0.0,Low Score (Band D)
user_03440,40.0,D,2.0,4.0,2000.0,REJECTED,0.0,Insufficient history (4.0 vends/60d)
user_03441,74.2,B,4.0,6.0,180000.0,APPROVED,7500.0,Eligible
user_03442,44.7,D,2.0,8.0,2000.0,REJECTED,0.0,Low Score (Band D)
user_03443,44.7,D,1.0,3.0,2000.0,REJECTED,0.0,Insufficient history (3.0 vends/60d)
user_03444,42.9,D,18.0,6.0,2000.0,REJECTED,0.0,Low Score (Band D)
user_03445,42.5,D,1.0,11.0,1750.0,REJECTED,0.0,Low Score (Band D)
user_03446,47.0,D,5.0,10.0,2000.0,REJECTED,0.0,Low Score (Band D)
user_03447,44.1,D,1.0,13.0,2000.0,REJECTED,0.0,Low Score (Band D)
user_03448,46.3,D,8.0,8.0,2000.0,REJECTED,0.0,Low Score (Band D)
user_03449,38.7,D,29.0,4.0,1289.0,REJECTED,0.0,Insufficient history (4.0 vends/60d)
user_03450,75.4,B,1.0,7.0,59000.0,APPROVED,7500.0,Eligible
user_03451,43.5,D,5.0,9.0,2172.5,REJECTED,0.0,Low Score (Band D)
user_03452,42.2,D,3.0,4.0,2000.0,REJECTED,0.0,Insufficient history (4.0 vends/60d)
user_03453,34.3,D,4.0,2.0,2000.0,REJECTED,0.0,Insufficient history (2.0 vends/60d)
user_03454,71.8,B,10.0,7.0,63000.0,APPROVED,7500.0,Eligible
user_03455,70.5,B,0.0,3.0,63000.0,REJECTED,0.0,Insufficient history (3.0 vends/60d)
user_03456,38.4,D,0.0,3.0,1750.0,REJECTED,0.0,Insufficient history (3.0 vends/60d)
user_03457,64.7,C,1.0,2.0,80000.0,REJECTED,0.0,Insufficient history (2.0 vends/60d)
user_03458,44.0,D,3.0,8.0,1703.0,REJECTED,0.0,Low Score (Band D)
user_03459,44.7,D,0.0,7.0,2000.0,REJECTED,0.0,Low Score (Band D)
user_03460,42.6,D,3.0,5.0,2000.0,REJECTED,0.0,Insufficient history (5.0 vends/60d)
user_03461,40.6,D,1.0,4.0,2000.0,REJECTED,0.0,Insufficient history (4.0 vends/60d)
user_03462,43.9,D,2.0,6.0,2000.0,REJECTED,0.0,Low Score (Band D)
user_03463,41.2,D,4.0,3.0,1875.0,REJECTED,0.0,Insufficient history (3.0 vends/60d)
user_03464,36.5,D,6.0,4.0,2500.0,REJECTED,0.0,Insufficient history (4.0 vends/60d)
user_03465,69.5,B,3.0,4.0,57000.0,REJECTED,0.0,Insufficient history (4.0 vends/60d)
user_03466,46.5,D,1.0,8.0,2000.0,REJECTED,0.0,Low Score (Band D)
user_03467,60.2,C,9.0,1.0,151727.0,REJECTED,0.0,Insufficient history (1.0 vends/60d)
user_03468,43.5,D,0.0,11.0,1557.5,REJECTED,0.0,Low Score (Band D)
user_03469,45.3,D,28.0,6.0,3000.0,REJECTED,0.0,Low Score (Band D)
user_03470,50.6,C,3.0,10.0,2000.0,REJECTED,0.0,Calculated limit (1000.0) below min threshold
user_03471,29.9,D,2.0,2.0,1250.0,REJECTED,0.0,Insufficient history (2.0 vends/60d)
user_03472,72.0,B,1.0,4.0,75000.0,REJECTED,0.0,Insufficient history (4.0 vends/60d)
user_03473,36.6,D,10.0,7.0,1500.0,REJECTED,0.0,Low Score (Band D)
user_03474,41.5,D,5.0,3.0,2315.5,REJECTED,0.0,Insufficient history (3.0 vends/60d)
user_03475,38.6,D,8.0,5.0,2110.0,REJECTED,0.0,Insufficient history (5.0 vends/60d)
user_03476,42.9,D,5.0,7.0,2000.0,REJECTED,0.0,Low Score (Band D)
user_03477,33.9,D,1.0,3.0,1875.0,REJECTED,0.0,Insufficient history (3.0 vends/60d)
user_03478,45.4,D,0.0,5.0,1750.0,REJECTED,0.0,Insufficient history (5.0 vends/60d)
user_03479,45.7,D,2.0,10.0,2000.0,REJECTED,0.0,Low Score (Band D)
user_03480,41.8,D,1.0,6.0,1500.0,REJECTED,0.0,Low Score (Band D)
user_03481,39.6,D,9.0,2.0,2585.5,REJECTED,0.0,Insufficient history (2.0 vends/60d)
user_03482,35.1,D,1.0,5.0,1485.0,REJECTED,0.0,Insufficient history (5.0 vends/60d)
user_03483,39.1,D,1.0,5.0,2000.0,REJECTED,0.0,Insufficient history (5.0 vends/60d)
user_03484,71.6,B,1.0,11.0,54000.0,APPROVED,7500.0,Eligible
user_03485,66.3,B,9.0,3.0,50000.0,REJECTED,0.0,Insufficient history (3.0 vends/60d)
user_03486,70.3,B,0.0,7.0,59000.0,APPROVED,7500.0,Eligible
user_03487,39.9,D,5.0,6.0,1776.0,REJECTED,0.0,Low Score (Band D)
user_03488,44.5,D,3.0,12.0,1750.0,REJECTED,0.0,Low Score (Band D)
user_03489,42.7,D,0.0,5.0,1750.0,REJECTED,0.0,Insufficient history (5.0 vends/60d)
user_03490,69.4,B,1.0,6.0,190000.0,APPROVED,7500.0,Eligible
user_03491,41.5,D,14.0,5.0,2000.0,REJECTED,0.0,Insufficient history (5.0 vends/60d)
user_03492,68.2,B,3.0,3.0,180000.0,REJECTED,0.0,Insufficient history (3.0 vends/60d)
user_03493,43.4,D,9.0,14.0,2000.0,REJECTED,0.0,Low Score (Band D)
user_03494,53.4,C,1.0,7.0,2000.0,REJECTED,0.0,Calculated limit (1000.0) below min threshold
user_03495,38.6,D,4.0,6.0,1375.0,REJECTED,0.0,Low Score (Band D)
user_03496,45.2,D,1.0,9.0,2000.0,REJECTED,0.0,Low Score (Band D)
user_03497,46.4,D,1.0,12.0,2000.0,REJECTED,0.0,Low Score (Band D)
user_03498,70.3,B,1.0,7.0,50000.0,APPROVED,7500.0,Eligible
user_03499,49.8,D,0.0,14.0,2000.0,REJECTED,0.0,Low Score (Band D)
user_03500,42.2,D,0.0,11.0,1750.0,REJECTED,0.0,Low Score (Band D)
user_03501,35.4,D,60.0,0.0,1750.0,REJECTED,0.0,Insufficient history (0.0 vends/60d); Dormant (Last vend 60.0 days ago)
user_03502,35.8,D,3.0,7.0,1610.0,REJECTED,0.0,Low Score (Band D)
user_03503,47.1,D,23.0,4.0,3000.0,REJECTED,0.0,Insufficient history (4.0 vends/60d)
user_03504,66.3,B,4.0,4.0,180000.0,REJECTED,0.0,Insufficient history (4.0 vends/60d)
user_03505,36.7,D,4.0,8.0,1500.0,REJECTED,0.0,Low Score (Band D)
user_03506,38.6,D,66.0,0.0,1500.0,REJECTED,0.0,Insufficient history (0.0 vends/60d); Dormant (Last vend 66.0 days ago)
user_03507,32.5,D,2.0,1.0,1250.0,REJECTED,0.0,Insufficient history (1.0 vends/60d)
user_03508,46.0,D,1.0,9.0,2069.5,REJECTED,0.0,Low Score (Band D)
user_03509,45.8,D,2.0,8.0,2000.0,REJECTED,0.0,Low Score (Band D)
user_03510,28.9,D,3.0,3.0,1000.0,REJECTED,0.0,Insufficient history (3.0 vends/60d)
user_03511,37.8,D,2.0,2.0,2345.0,REJECTED,0.0,Insufficient history (2.0 vends/60d)
user_03512,40.6,D,1.0,2.0,2000.0,REJECTED,0.0,Insufficient history (2.0 vends/60d)
user_03513,46.3,D,0.0,4.0,3228.0,REJECTED,0.0,Insufficient history (4.0 vends/60d)
user_03514,39.9,D,5.0,6.0,1875.0,REJECTED,0.0,Low Score (Band D)
user_03515,42.4,D,0.0,8.0,2000.0,REJECTED,0.0,Low Score (Band D)
user_03516,45.2,D,5.0,9.0,2000.0,REJECTED,0.0,Low Score (Band D)
user_03517,57.8,C,4.0,1.0,67500.0,REJECTED,0.0,Insufficient history (1.0 vends/60d)
user_03518,43.7,D,0.0,9.0,2000.0,REJECTED,0.0,Low Score (Band D)
user_03519,41.0,D,4.0,8.0,1500.0,REJECTED,0.0,Low Score (Band D)
user_03520,43.3,D,12.0,2.0,1000.0,REJECTED,0.0,Insufficient history (2.0 vends/60d)
user_03521,30.8,D,3.0,2.0,1250.0,REJECTED,0.0,Insufficient history (2.0 vends/60d)
user_03522,38.6,D,2.0,9.0,1500.0,REJECTED,0.0,Low Score (Band D)
user_03523,41.9,D,9.0,11.0,1609.0,REJECTED,0.0,Low Score (Band D)
user_03524,45.1,D,10.0,10.0,2000.0,REJECTED,0.0,Low Score (Band D)
user_03525,42.6,D,0.0,10.0,1500.0,REJECTED,0.0,Low Score (Band D)
user_03526,74.4,B,0.0,7.0,60000.0,APPROVED,7500.0,Eligible
user_03527,40.3,D,1.0,4.0,2500.0,REJECTED,0.0,Insufficient history (4.0 vends/60d)
user_03528,44.1,D,0.0,11.0,1750.0,REJECTED,0.0,Low Score (Band D)
user_03529,37.4,D,3.0,9.0,1500.0,REJECTED,0.0,Low Score (Band D)
user_03530,49.9,D,9.0,15.0,2422.5,REJECTED,0.0,Low Score (Band D)
user_03531,67.4,B,25.0,2.0,120000.0,REJECTED,0.0,Insufficient history (2.0 vends/60d)
user_03532,65.6,B,5.0,4.0,46000.0,REJECTED,0.0,Insufficient history (4.0 vends/60d)
user_03533,63.3,C,22.0,2.0,72500.0,REJECTED,0.0,Insufficient history (2.0 vends/60d)
user_03534,70.1,B,2.0,8.0,56500.0,APPROVED,7500.0,Eligible
user_03535,70.7,B,4.0,6.0,49500.0,APPROVED,7500.0,Eligible
user_03536,47.7,D,4.0,11.0,2000.0,REJECTED,0.0,Low Score (Band D)
user_03537,42.4,D,4.0,9.0,1500.0,REJECTED,0.0,Low Score (Band D)
user_03538,43.2,D,14.0,6.0,2000.0,REJECTED,0.0,Low Score (Band D)
user_03539,48.3,D,8.0,6.0,2750.0,REJECTED,0.0,Low Score (Band D)
user_03540,46.2,D,2.0,11.0,2000.0,REJECTED,0.0,Low Score (Band D)
user_03541,37.7,D,24.0,5.0,1581.0,REJECTED,0.0,Insufficient history (5.0 vends/60d)
user_03542,42.5,D,3.0,8.0,1750.0,REJECTED,0.0,Low Score (Band D)
user_03543,35.4,D,26.0,2.0,2000.0,REJECTED,0.0,Insufficient history (2.0 vends/60d)
user_03544,42.9,D,8.0,4.0,3000.0,REJECTED,0.0,Insufficient history (4.0 vends/60d)
user_03545,54.2,C,0.0,16.0,2802.0,REJECTED,0.0,Calculated limit (1401.0) below min threshold
user_03546,44.4,D,2.0,6.0,2000.0,REJECTED,0.0,Low Score (Band D)
user_03547,44.7,D,3.0,8.0,2174.5,REJECTED,0.0,Low Score (Band D)
user_03548,32.1,D,2.0,4.0,1500.0,REJECTED,0.0,Insufficient history (4.0 vends/60d)
user_03549,36.8,D,15.0,7.0,1533.0,REJECTED,0.0,Low Score (Band D)
user_03550,41.0,D,3.0,9.0,2000.0,REJECTED,0.0,Low Score (Band D)
user_03551,46.4,D,5.0,9.0,2006.5,REJECTED,0.0,Low Score (Band D)
user_03552,39.6,D,0.0,7.0,1500.0,REJECTED,0.0,Low Score (Band D)
user_03553,47.6,D,4.0,4.0,2000.0,REJECTED,0.0,Insufficient history (4.0 vends/60d)
user_03554,28.7,D,1.0,2.0,1163.0,REJECTED,0.0,Insufficient history (2.0 vends/60d)
user_03555,61.5,C,1.0,3.0,45500.0,REJECTED,0.0,Insufficient history (3.0 vends/60d)
user_03556,46.7,D,7.0,9.0,2000.0,REJECTED,0.0,Low Score (Band D)
user_03557,67.5,B,9.0,5.0,50000.0,REJECTED,0.0,Insufficient history (5.0 vends/60d)
user_03558,41.1,D,2.0,6.0,2015.0,REJECTED,0.0,Low Score (Band D)
user_03559,40.6,D,2.0,2.0,2500.0,REJECTED,0.0,Insufficient history (2.0 vends/60d)
user_03560,71.4,B,0.0,11.0,54000.0,APPROVED,7500.0,Eligible
user_03561,66.9,B,4.0,6.0,49000.0,APPROVED,7500.0,Eligible
user_03562,44.9,D,1.0,2.0,1750.0,REJECTED,0.0,Insufficient history (2.0 vends/60d)
user_03563,66.3,B,3.0,4.0,48000.0,REJECTED,0.0,Insufficient history (4.0 vends/60d)
user_03564,43.8,D,41.0,2.0,1500.0,REJECTED,0.0,Insufficient history (2.0 vends/60d); Dormant (Last vend 41.0 days ago)
user_03565,43.4,D,7.0,8.0,2000.0,REJECTED,0.0,Low Score (Band D)
user_03566,38.7,D,2.0,6.0,1500.0,REJECTED,0.0,Low Score (Band D)
user_03567,46.5,D,2.0,4.0,3000.0,REJECTED,0.0,Insufficient history (4.0 vends/60d)
user_03568,33.2,D,4.0,2.0,1808.0,REJECTED,0.0,Insufficient history (2.0 vends/60d)
user_03569,74.6,B,7.0,11.0,200000.0,APPROVED,7500.0,Eligible
user_03570,71.1,B,0.0,12.0,51000.0,APPROVED,7500.0,Eligible
user_03571,42.2,D,4.0,6.0,2000.0,REJECTED,0.0,Low Score (Band D)
user_03572,67.6,B,4.0,4.0,57000.0,REJECTED,0.0,Insufficient history (4.0 vends/60d)
user_03573,74.2,B,1.0,11.0,63500.0,APPROVED,7500.0,Eligible
user_03574,43.1,D,3.0,10.0,2000.0,REJECTED,0.0,Low Score (Band D)
user_03575,33.0,D,5.0,3.0,1500.0,REJECTED,0.0,Insufficient history (3.0 vends/60d)
user_03576,42.4,D,16.0,2.0,2000.0,REJECTED,0.0,Insufficient history (2.0 vends/60d)
user_03577,46.1,D,0.0,11.0,2000.0,REJECTED,0.0,Low Score (Band D)
user_03578,42.9,D,0.0,12.0,2000.0,REJECTED,0.0,Low Score (Band D)
user_03579,62.2,C,2.0,2.0,75000.0,REJECTED,0.0,Insufficient history (2.0 vends/60d)
user_03580,39.8,D,3.0,2.0,2000.0,REJECTED,0.0,Insufficient history (2.0 vends/60d)
user_03581,37.0,D,2.0,2.0,2191.0,REJECTED,0.0,Insufficient history (2.0 vends/60d)
user_03582,45.6,D,5.0,8.0,1798.0,REJECTED,0.0,Low Score (Band D)
user_03583,45.7,D,5.0,7.0,2000.0,REJECTED,0.0,Low Score (Band D)
user_03584,41.9,D,15.0,7.0,1563.0,REJECTED,0.0,Low Score (Band D)
user_03585,44.9,D,4.0,4.0,2875.0,REJECTED,0.0,Insufficient history (4.0 vends/60d)
user_03586,70.2,B,17.0,6.0,50000.0,APPROVED,7500.0,Eligible
user_03587,43.9,D,0.0,10.0,1500.0,REJECTED,0.0,Low Score (Band D)
user_03588,50.0,C,12.0,7.0,1750.0,REJECTED,0.0,Calculated limit (875.0) below min threshold
user_03589,45.3,D,3.0,5.0,2500.0,REJECTED,0.0,Insufficient history (5.0 vends/60d)
user_03590,42.8,D,2.0,8.0,2000.0,REJECTED,0.0,Low Score (Band D)
user_03591,43.8,D,5.0,2.0,2687.5,REJECTED,0.0,Insufficient history (2.0 vends/60d)
user_03592,45.2,D,2.0,10.0,2000.0,REJECTED,0.0,Low Score (Band D)
user_03593,46.4,D,2.0,12.0,2000.0,REJECTED,0.0,Low Score (Band D)
user_03594,49.0,D,6.0,7.0,3000.0,REJECTED,0.0,Low Score (Band D)
user_03595,42.0,D,1.0,11.0,2000.0,REJECTED,0.0,Low Score (Band D)
user_03596,36.1,D,0.0,7.0,1500.0,REJECTED,0.0,Low Score (Band D)
user_03597,35.4,D,1.0,2.0,2000.0,REJECTED,0.0,Insufficient history (2.0 vends/60d)
user_03598,37.4,D,3.0,4.0,1788.5,REJECTED,0.0,Insufficient history (4.0 vends/60d)
user_03599,41.9,D,5.0,7.0,2000.0,REJECTED,0.0,Low Score (Band D)
user_03600,45.3,D,1.0,11.0,2000.0,REJECTED,0.0,Low Score (Band D)
user_03601,36.6,D,6.0,5.0,1875.0,REJECTED,0.0,Insufficient history (5.0 vends/60d)
user_03602,39.0,D,3.0,5.0,1750.0,REJECTED,0.0,Insufficient history (5.0 vends/60d)
user_03603,72.8,B,0.0,7.0,188740.0,APPROVED,7500.0,Eligible
user_03604,42.5,D,5.0,7.0,2000.0,REJECTED,0.0,Low Score (Band D)
user_03605,72.5,B,24.0,7.0,52000.0,APPROVED,7500.0,Eligible
user_03606,45.0,D,4.0,8.0,2000.0,REJECTED,0.0,Low Score (Band D)
user_03607,44.8,D,1.0,12.0,2000.0,REJECTED,0.0,Low Score (Band D)
user_03608,31.0,D,1.0,3.0,1500.0,REJECTED,0.0,Insufficient history (3.0 vends/60d)
user_03609,46.3,D,16.0,4.0,2000.0,REJECTED,0.0,Insufficient history (4.0 vends/60d)
user_03610,44.2,D,2.0,15.0,1750.0,REJECTED,0.0,Low Score (Band D)
user_03611,34.1,D,0.0,4.0,1625.0,REJECTED,0.0,Insufficient history (4.0 vends/60d)
user_03612,42.1,D,2.0,10.0,2063.5,REJECTED,0.0,Low Score (Band D)
user_03613,41.4,D,1.0,7.0,2437.5,REJECTED,0.0,Low Score (Band D)
user_03614,46.3,D,3.0,9.0,2500.0,REJECTED,0.0,Low Score (Band D)
user_03615,41.6,D,5.0,5.0,2000.0,REJECTED,0.0,Insufficient history (5.0 vends/60d)
user_03616,68.3,B,5.0,5.0,49500.0,REJECTED,0.0,Insufficient history (5.0 vends/60d)
user_03617,37.3,D,3.0,7.0,1750.0,REJECTED,0.0,Low Score (Band D)
user_03618,39.1,D,0.0,4.0,2087.0,REJECTED,0.0,Insufficient history (4.0 vends/60d)
user_03619,33.2,D,2.0,1.0,1937.0,REJECTED,0.0,Insufficient history (1.0 vends/60d)
user_03620,46.6,D,1.0,13.0,2500.0,REJECTED,0.0,Low Score (Band D)
user_03621,47.1,D,5.0,8.0,2000.0,REJECTED,0.0,Low Score (Band D)
user_03622,36.6,D,2.0,10.0,1125.0,REJECTED,0.0,Low Score (Band D)
user_03623,74.5,B,0.0,6.0,51000.0,APPROVED,7500.0,Eligible
user_03624,73.5,B,1.0,7.0,49000.0,APPROVED,7500.0,Eligible
user_03625,48.4,D,1.0,8.0,2000.0,REJECTED,0.0,Low Score (Band D)
user_03626,47.0,D,0.0,13.0,2000.0,REJECTED,0.0,Low Score (Band D)
user_03627,44.2,D,3.0,8.0,2000.0,REJECTED,0.0,Low Score (Band D)
user_03628,36.1,D,2.0,1.0,2000.0,REJECTED,0.0,Insufficient history (1.0 vends/60d)
user_03629,36.2,D,1.0,5.0,1750.0,REJECTED,0.0,Insufficient history (5.0 vends/60d)
user_03630,72.9,B,0.0,13.0,59000.0,APPROVED,7500.0,Eligible
user_03631,46.8,D,3.0,9.0,2000.0,REJECTED,0.0,Low Score (Band D)
user_03632,42.8,D,4.0,6.0,2000.0,REJECTED,0.0,Low Score (Band D)
user_03633,44.3,D,4.0,6.0,2000.0,REJECTED,0.0,Low Score (Band D)
user_03634,41.6,D,13.0,6.0,2000.0,REJECTED,0.0,Low Score (Band D)
user_03635,36.8,D,2.0,6.0,2000.0,REJECTED,0.0,Low Score (Band D)
user_03636,63.3,C,0.0,2.0,225000.0,REJECTED,0.0,Insufficient history (2.0 vends/60d)
user_03637,69.2,B,18.0,6.0,61500.0,APPROVED,7500.0,Eligible
user_03638,45.8,D,19.0,3.0,3000.0,REJECTED,0.0,Insufficient history (3.0 vends/60d)
user_03639,69.1,B,0.0,6.0,50000.0,APPROVED,7500.0,Eligible
user_03640,37.4,D,8.0,4.0,1750.0,REJECTED,0.0,Insufficient history (4.0 vends/60d)
user_03641,39.1,D,18.0,6.0,2000.0,REJECTED,0.0,Low Score (Band D)
user_03642,37.3,D,0.0,3.0,1500.0,REJECTED,0.0,Insufficient history (3.0 vends/60d)
user_03643,42.5,D,4.0,10.0,1875.0,REJECTED,0.0,Low Score (Band D)
user_03644,50.6,C,2.0,13.0,2076.0,REJECTED,0.0,Calculated limit (1038.0) below min threshold
user_03645,67.1,B,9.0,5.0,47500.0,REJECTED,0.0,Insufficient history (5.0 vends/60d)
user_03646,42.4,D,1.0,3.0,1625.0,REJECTED,0.0,Insufficient history (3.0 vends/60d)
user_03647,69.4,B,20.0,3.0,53000.0,REJECTED,0.0,Insufficient history (3.0 vends/60d)
user_03648,49.4,D,4.0,11.0,2264.0,REJECTED,0.0,Low Score (Band D)
user_03649,68.6,B,20.0,3.0,135000.0,REJECTED,0.0,Insufficient history (3.0 vends/60d)
user_03650,44.7,D,3.0,6.0,1875.0,REJECTED,0.0,Low Score (Band D)
user_03651,44.5,D,5.0,8.0,2000.0,REJECTED,0.0,Low Score (Band D)
user_03652,40.6,D,5.0,5.0,2250.0,REJECTED,0.0,Insufficient history (5.0 vends/60d)
user_03653,38.5,D,4.0,6.0,2000.0,REJECTED,0.0,Low Score (Band D)
user_03654,42.9,D,3.0,6.0,2000.0,REJECTED,0.0,Low Score (Band D)
user_03655,45.9,D,1.0,9.0,2000.0,REJECTED,0.0,Low Score (Band D)
user_03656,60.4,C,31.0,1.0,44500.0,REJECTED,0.0,Insufficient history (1.0 vends/60d); Dormant (Last vend 31.0 days ago)
user_03657,40.9,D,3.0,8.0,1685.5,REJECTED,0.0,Low Score (Band D)
user_03658,55.2,C,89.0,0.0,37000.0,REJECTED,0.0,Insufficient history (0.0 vends/60d); Dormant (Last vend 89.0 days ago)
user_03659,31.7,D,18.0,2.0,1500.0,REJECTED,0.0,Insufficient history (2.0 vends/60d)
user_03660,43.5,D,5.0,8.0,2000.0,REJECTED,0.0,Low Score (Band D)
user_03661,45.2,D,2.0,10.0,2000.0,REJECTED,0.0,Low Score (Band D)
user_03662,39.5,D,1.0,2.0,1500.0,REJECTED,0.0,Insufficient history (2.0 vends/60d)
user_03663,36.0,D,2.0,3.0,2000.0,REJECTED,0.0,Insufficient history (3.0 vends/60d)
user_03664,40.0,D,10.0,7.0,1987.0,REJECTED,0.0,Low Score (Band D)
user_03665,48.4,D,11.0,14.0,2000.0,REJECTED,0.0,Low Score (Band D)
user_03666,36.7,D,1.0,4.0,2000.0,REJECTED,0.0,Insufficient history (4.0 vends/60d)
user_03667,35.7,D,20.0,2.0,1000.0,REJECTED,0.0,Insufficient history (2.0 vends/60d)
user_03668,42.6,D,5.0,11.0,2000.0,REJECTED,0.0,Low Score (Band D)
user_03669,34.5,D,0.0,5.0,1500.0,REJECTED,0.0,Insufficient history (5.0 vends/60d)
user_03670,41.3,D,1.0,10.0,1500.0,REJECTED,0.0,Low Score (Band D)
user_03671,38.2,D,3.0,5.0,1750.0,REJECTED,0.0,Insufficient history (5.0 vends/60d)
user_03672,43.4,D,13.0,11.0,1500.0,REJECTED,0.0,Low Score (Band D)
user_03673,43.2,D,1.0,1.0,2000.0,REJECTED,0.0,Insufficient history (1.0 vends/60d)
user_03674,44.1,D,2.0,16.0,2000.0,REJECTED,0.0,Low Score (Band D)
user_03675,70.3,B,0.0,5.0,180000.0,REJECTED,0.0,Insufficient history (5.0 vends/60d)
user_03676,42.5,D,5.0,7.0,2000.0,REJECTED,0.0,Low Score (Band D)
user_03677,45.8,D,26.0,3.0,1500.0,REJECTED,0.0,Insufficient history (3.0 vends/60d)
user_03678,47.0,D,0.0,12.0,1869.0,REJECTED,0.0,Low Score (Band D)
user_03679,40.8,D,1.0,8.0,2000.0,REJECTED,0.0,Low Score (Band D)
user_03680,46.2,D,1.0,17.0,2000.0,REJECTED,0.0,Low Score (Band D)
user_03681,35.8,D,97.0,0.0,2500.0,REJECTED,0.0,Insufficient history (0.0 vends/60d); Dormant (Last vend 97.0 days ago)
user_03682,47.0,D,0.0,9.0,2000.0,REJECTED,0.0,Low Score (Band D)
user_03683,40.4,D,2.0,7.0,1750.0,REJECTED,0.0,Low Score (Band D)
user_03684,41.6,D,5.0,7.0,1625.0,REJECTED,0.0,Low Score (Band D)
user_03685,38.0,D,12.0,5.0,1500.0,REJECTED,0.0,Insufficient history (5.0 vends/60d)
user_03686,36.8,D,10.0,2.0,2000.0,REJECTED,0.0,Insufficient history (2.0 vends/60d)
user_03687,48.0,D,6.0,9.0,2750.0,REJECTED,0.0,Low Score (Band D)
user_03688,60.4,C,3.0,1.0,40000.0,REJECTED,0.0,Insufficient history (1.0 vends/60d)
user_03689,39.5,D,3.0,8.0,1750.0,REJECTED,0.0,Low Score (Band D)
user_03690,51.5,C,5.0,2.0,5000.0,REJECTED,0.0,Insufficient history (2.0 vends/60d)
user_03691,43.9,D,1.0,4.0,2937.5,REJECTED,0.0,Insufficient history (4.0 vends/60d)
user_03692,40.9,D,7.0,7.0,1500.0,REJECTED,0.0,Low Score (Band D)
user_03693,45.4,D,1.0,10.0,2000.0,REJECTED,0.0,Low Score (Band D)
user_03694,34.3,D,2.0,2.0,1500.0,REJECTED,0.0,Insufficient history (2.0 vends/60d)
user_03695,41.8,D,5.0,5.0,2500.0,REJECTED,0.0,Insufficient history (5.0 vends/60d)
user_03696,31.8,D,84.0,0.0,1750.0,REJECTED,0.0,Insufficient history (0.0 vends/60d); Dormant (Last vend 84.0 days ago)
user_03697,46.9,D,5.0,12.0,2000.0,REJECTED,0.0,Low Score (Band D)
user_03698,46.1,D,1.0,10.0,2000.0,REJECTED,0.0,Low Score (Band D)
user_03699,37.9,D,0.0,6.0,1500.0,REJECTED,0.0,Low Score (Band D)
user_03700,44.8,D,3.0,8.0,2000.0,REJECTED,0.0,Low Score (Band D)
user_03701,74.2,B,3.0,10.0,150000.0,APPROVED,7500.0,Eligible
user_03702,43.6,D,4.0,4.0,1500.0,REJECTED,0.0,Insufficient history (4.0 vends/60d)
user_03703,67.0,B,27.0,2.0,50000.0,REJECTED,0.0,Insufficient history (2.0 vends/60d)
user_03704,46.9,D,3.0,6.0,1750.0,REJECTED,0.0,Low Score (Band D)
user_03705,67.2,B,3.0,8.0,49000.0,APPROVED,7500.0,Eligible
user_03706,45.4,D,1.0,10.0,2000.0,REJECTED,0.0,Low Score (Band D)
user_03707,42.7,D,2.0,6.0,2000.0,REJECTED,0.0,Low Score (Band D)
user_03708,50.2,C,13.0,2.0,5000.0,REJECTED,0.0,Insufficient history (2.0 vends/60d)
user_03709,38.8,D,7.0,7.0,1500.0,REJECTED,0.0,Low Score (Band D)
user_03710,36.4,D,1.0,4.0,2000.0,REJECTED,0.0,Insufficient history (4.0 vends/60d)
user_03711,71.3,B,11.0,10.0,59000.0,APPROVED,7500.0,Eligible
user_03712,35.3,D,5.0,6.0,1500.0,REJECTED,0.0,Low Score (Band D)
user_03713,45.9,D,3.0,5.0,2000.0,REJECTED,0.0,Insufficient history (5.0 vends/60d)
user_03714,68.8,B,24.0,9.0,72500.0,APPROVED,7500.0,Eligible
user_03715,42.3,D,12.0,5.0,1911.0,REJECTED,0.0,Insufficient history (5.0 vends/60d)
user_03716,41.8,D,2.0,7.0,2000.0,REJECTED,0.0,Low Score (Band D)
user_03717,36.0,D,7.0,6.0,1625.0,REJECTED,0.0,Low Score (Band D)
user_03718,44.1,D,1.0,10.0,2000.0,REJECTED,0.0,Low Score (Band D)
user_03719,44.6,D,0.0,9.0,1937.5,REJECTED,0.0,Low Score (Band D)
user_03720,43.1,D,1.0,9.0,1500.0,REJECTED,0.0,Low Score (Band D)
user_03721,37.9,D,0.0,6.0,1570.5,REJECTED,0.0,Low Score (Band D)
user_03722,58.6,C,2.0,3.0,50000.0,REJECTED,0.0,Insufficient history (3.0 vends/60d)
user_03723,62.2,C,14.0,2.0,71000.0,REJECTED,0.0,Insufficient history (2.0 vends/60d)
user_03724,34.8,D,4.0,4.0,1625.0,REJECTED,0.0,Insufficient history (4.0 vends/60d)
user_03725,69.9,B,28.0,7.0,63000.0,APPROVED,7500.0,Eligible
user_03726,34.9,D,3.0,4.0,1812.5,REJECTED,0.0,Insufficient history (4.0 vends/60d)
user_03727,34.1,D,2.0,4.0,1500.0,REJECTED,0.0,Insufficient history (4.0 vends/60d)
user_03728,45.7,D,1.0,9.0,2172.5,REJECTED,0.0,Low Score (Band D)
user_03729,45.4,D,14.0,12.0,1823.0,REJECTED,0.0,Low Score (Band D)
user_03730,70.3,B,2.0,8.0,150000.0,APPROVED,7500.0,Eligible
user_03731,48.3,D,1.0,5.0,2250.0,REJECTED,0.0,Insufficient history (5.0 vends/60d)
user_03732,68.7,B,4.0,10.0,56500.0,APPROVED,7500.0,Eligible
user_03733,40.8,D,22.0,2.0,2687.5,REJECTED,0.0,Insufficient history (2.0 vends/60d)
user_03734,35.5,D,34.0,2.0,2250.0,REJECTED,0.0,Insufficient history (2.0 vends/60d); Dormant (Last vend 34.0 days ago)
user_03735,39.9,D,0.0,14.0,1750.0,REJECTED,0.0,Low Score (Band D)
user_03736,44.5,D,0.0,7.0,2000.0,REJECTED,0.0,Low Score (Band D)
user_03737,46.2,D,1.0,13.0,2000.0,REJECTED,0.0,Low Score (Band D)
user_03738,66.5,B,5.0,3.0,62500.0,REJECTED,0.0,Insufficient history (3.0 vends/60d)
user_03739,34.9,D,3.0,3.0,2000.0,REJECTED,0.0,Insufficient history (3.0 vends/60d)
user_03740,46.1,D,1.0,8.0,2000.0,REJECTED,0.0,Low Score (Band D)
user_03741,46.6,D,3.0,8.0,1937.5,REJECTED,0.0,Low Score (Band D)
user_03742,46.1,D,0.0,8.0,2000.0,REJECTED,0.0,Low Score (Band D)
user_03743,42.1,D,1.0,6.0,2000.0,REJECTED,0.0,Low Score (Band D)
user_03744,42.1,D,3.0,10.0,1500.0,REJECTED,0.0,Low Score (Band D)
user_03745,77.0,B,8.0,8.0,172542.0,APPROVED,7500.0,Eligible
user_03746,70.0,B,0.0,9.0,63000.0,APPROVED,7500.0,Eligible
user_03747,45.9,D,0.0,5.0,2500.0,REJECTED,0.0,Insufficient history (5.0 vends/60d)
user_03748,40.7,D,3.0,7.0,2000.0,REJECTED,0.0,Low Score (Band D)
user_03749,43.6,D,5.0,11.0,1937.5,REJECTED,0.0,Low Score (Band D)
user_03750,31.9,D,66.0,0.0,1500.0,REJECTED,0.0,Insufficient history (0.0 vends/60d); Dormant (Last vend 66.0 days ago)
user_03751,36.9,D,5.0,5.0,2000.0,REJECTED,0.0,Insufficient history (5.0 vends/60d)
user_03752,41.0,D,25.0,6.0,2000.0,REJECTED,0.0,Low Score (Band D)
user_03753,35.7,D,34.0,1.0,1950.0,REJECTED,0.0,Insufficient history (1.0 vends/60d); Dormant (Last vend 34.0 days ago)
user_03754,42.9,D,4.0,9.0,2000.0,REJECTED,0.0,Low Score (Band D)
user_03755,42.6,D,5.0,11.0,2000.0,REJECTED,0.0,Low Score (Band D)
user_03756,45.3,D,0.0,13.0,2000.0,REJECTED,0.0,Low Score (Band D)
user_03757,40.6,D,0.0,11.0,1625.0,REJECTED,0.0,Low Score (Band D)
user_03758,32.1,D,3.0,2.0,1500.0,REJECTED,0.0,Insufficient history (2.0 vends/60d)
user_03759,40.9,D,0.0,6.0,2000.0,REJECTED,0.0,Low Score (Band D)
user_03760,40.2,D,4.0,7.0,1937.5,REJECTED,0.0,Low Score (Band D)
user_03761,37.0,D,9.0,5.0,1875.0,REJECTED,0.0,Insufficient history (5.0 vends/60d)
user_03762,43.9,D,1.0,10.0,2000.0,REJECTED,0.0,Low Score (Band D)
user_03763,77.2,B,5.0,13.0,180000.0,APPROVED,7500.0,Eligible
user_03764,38.3,D,7.0,4.0,1782.0,REJECTED,0.0,Insufficient history (4.0 vends/60d)
user_03765,35.2,D,5.0,2.0,2000.0,REJECTED,0.0,Insufficient history (2.0 vends/60d)
user_03766,39.4,D,1.0,6.0,2000.0,REJECTED,0.0,Low Score (Band D)
user_03767,44.6,D,9.0,8.0,1577.0,REJECTED,0.0,Low Score (Band D)
user_03768,42.4,D,5.0,11.0,2000.0,REJECTED,0.0,Low Score (Band D)
user_03769,70.5,B,2.0,5.0,51000.0,REJECTED,0.0,Insufficient history (5.0 vends/60d)
user_03770,39.1,D,3.0,3.0,2000.0,REJECTED,0.0,Insufficient history (3.0 vends/60d)
user_03771,73.9,B,8.0,9.0,200000.0,APPROVED,7500.0,Eligible
user_03772,42.8,D,9.0,12.0,1750.0,REJECTED,0.0,Low Score (Band D)
user_03773,40.7,D,10.0,10.0,2000.0,REJECTED,0.0,Low Score (Band D)
user_03774,49.9,D,1.0,11.0,1937.5,REJECTED,0.0,Low Score (Band D)
user_03775,43.4,D,3.0,10.0,1500.0,REJECTED,0.0,Low Score (Band D)
user_03776,44.8,D,0.0,6.0,2040.5,REJECTED,0.0,Low Score (Band D)
user_03777,36.7,D,4.0,8.0,1500.0,REJECTED,0.0,Low Score (Band D)
user_03778,42.1,D,0.0,6.0,1750.0,REJECTED,0.0,Low Score (Band D)
user_03779,42.5,D,9.0,6.0,1958.0,REJECTED,0.0,Low Score (Band D)
user_03780,42.5,D,3.0,12.0,2000.0,REJECTED,0.0,Low Score (Band D)
user_03781,31.4,D,0.0,2.0,1750.0,REJECTED,0.0,Insufficient history (2.0 vends/60d)
user_03782,39.7,D,0.0,6.0,1500.0,REJECTED,0.0,Low Score (Band D)
user_03783,40.9,D,36.0,1.0,2345.0,REJECTED,0.0,Insufficient history (1.0 vends/60d); Dormant (Last vend 36.0 days ago)
user_03784,50.0,C,5.0,9.0,2500.0,REJECTED,0.0,Calculated limit (1250.0) below min threshold
user_03785,44.0,D,30.0,4.0,2000.0,REJECTED,0.0,Insufficient history (4.0 vends/60d)
user_03786,48.4,D,5.0,4.0,2000.0,REJECTED,0.0,Insufficient history (4.0 vends/60d)
user_03787,43.6,D,4.0,9.0,1954.0,REJECTED,0.0,Low Score (Band D)
user_03788,44.0,D,3.0,11.0,2000.0,REJECTED,0.0,Low Score (Band D)
user_03789,67.2,B,49.0,2.0,68000.0,REJECTED,0.0,Insufficient history (2.0 vends/60d); Dormant (Last vend 49.0 days ago)
user_03790,48.0,D,1.0,12.0,1921.0,REJECTED,0.0,Low Score (Band D)
user_03791,34.7,D,8.0,3.0,1750.0,REJECTED,0.0,Insufficient history (3.0 vends/60d)
user_03792,70.7,B,4.0,11.0,40000.0,APPROVED,7500.0,Eligible
user_03793,69.8,B,1.0,5.0,50000.0,REJECTED,0.0,Insufficient history (5.0 vends/60d)
user_03794,31.7,D,33.0,1.0,1500.0,REJECTED,0.0,Insufficient history (1.0 vends/60d); Dormant (Last vend 33.0 days ago)
user_03795,42.8,D,0.0,7.0,1500.0,REJECTED,0.0,Low Score (Band D)
user_03796,34.1,D,2.0,5.0,1750.0,REJECTED,0.0,Insufficient history (5.0 vends/60d)
user_03797,48.8,D,4.0,9.0,2000.0,REJECTED,0.0,Low Score (Band D)
user_03798,48.8,D,2.0,7.0,3000.0,REJECTED,0.0,Low Score (Band D)
user_03799,70.5,B,9.0,8.0,180000.0,APPROVED,7500.0,Eligible
user_03800,40.4,D,4.0,11.0,1660.5,REJECTED,0.0,Low Score (Band D)
user_03801,39.5,D,3.0,7.0,1500.0,REJECTED,0.0,Low Score (Band D)
user_03802,61.8,C,4.0,1.0,175000.0,REJECTED,0.0,Insufficient history (1.0 vends/60d)
user_03803,44.8,D,4.0,13.0,2000.0,REJECTED,0.0,Low Score (Band D)
user_03804,39.5,D,0.0,8.0,2000.0,REJECTED,0.0,Low Score (Band D)
user_03805,46.3,D,4.0,8.0,2000.0,REJECTED,0.0,Low Score (Band D)
user_03806,37.0,D,7.0,3.0,1089.0,REJECTED,0.0,Insufficient history (3.0 vends/60d)
user_03807,49.8,D,1.0,5.0,2437.5,REJECTED,0.0,Insufficient history (5.0 vends/60d)
user_03808,33.8,D,3.0,3.0,1375.0,REJECTED,0.0,Insufficient history (3.0 vends/60d)
user_03809,36.6,D,5.0,4.0,1500.0,REJECTED,0.0,Insufficient history (4.0 vends/60d)
user_03810,40.3,D,3.0,8.0,1750.0,REJECTED,0.0,Low Score (Band D)
user_03811,40.5,D,0.0,2.0,1697.0,REJECTED,0.0,Insufficient history (2.0 vends/60d)
user_03812,44.2,D,1.0,3.0,2000.0,REJECTED,0.0,Insufficient history (3.0 vends/60d)
user_03813,39.7,D,2.0,7.0,2000.0,REJECTED,0.0,Low Score (Band D)
user_03814,46.4,D,18.0,8.0,2000.0,REJECTED,0.0,Low Score (Band D)
user_03815,71.3,B,1.0,7.0,52000.0,APPROVED,7500.0,Eligible
user_03816,44.9,D,0.0,10.0,2000.0,REJECTED,0.0,Low Score (Band D)
user_03817,64.9,C,4.0,3.0,53500.0,REJECTED,0.0,Insufficient history (3.0 vends/60d)
user_03818,35.5,D,6.0,3.0,1411.0,REJECTED,0.0,Insufficient history (3.0 vends/60d)
user_03819,33.5,D,1.0,1.0,2000.0,REJECTED,0.0,Insufficient history (1.0 vends/60d)
user_03820,41.3,D,1.0,8.0,2000.0,REJECTED,0.0,Low Score (Band D)
user_03821,61.6,C,0.0,2.0,64000.0,REJECTED,0.0,Insufficient history (2.0 vends/60d)
user_03822,44.6,D,33.0,3.0,2500.0,REJECTED,0.0,Insufficient history (3.0 vends/60d); Dormant (Last vend 33.0 days ago)
user_03823,35.8,D,0.0,4.0,1625.0,REJECTED,0.0,Insufficient history (4.0 vends/60d)
user_03824,53.2,C,9.0,8.0,1937.5,REJECTED,0.0,Calculated limit (968.75) below min threshold
user_03825,42.6,D,1.0,8.0,1500.0,REJECTED,0.0,Low Score (Band D)
user_03826,46.8,D,2.0,11.0,1875.0,REJECTED,0.0,Low Score (Band D)
user_03827,39.6,D,11.0,5.0,1750.0,REJECTED,0.0,Insufficient history (5.0 vends/60d)
user_03828,38.8,D,27.0,5.0,1500.0,REJECTED,0.0,Insufficient history (5.0 vends/60d)
user_03829,48.5,D,5.0,2.0,2000.0,REJECTED,0.0,Insufficient history (2.0 vends/60d)
user_03830,43.5,D,1.0,6.0,1750.0,REJECTED,0.0,Low Score (Band D)
user_03831,41.2,D,2.0,10.0,1750.0,REJECTED,0.0,Low Score (Band D)
user_03832,43.3,D,0.0,5.0,2250.0,REJECTED,0.0,Insufficient history (5.0 vends/60d)
user_03833,45.7,D,4.0,10.0,2000.0,REJECTED,0.0,Low Score (Band D)
user_03834,31.7,D,0.0,1.0,1375.0,REJECTED,0.0,Insufficient history (1.0 vends/60d)
user_03835,74.3,B,5.0,6.0,66000.0,APPROVED,7500.0,Eligible
user_03836,32.2,D,15.0,3.0,1500.0,REJECTED,0.0,Insufficient history (3.0 vends/60d)
user_03837,42.5,D,3.0,7.0,2315.0,REJECTED,0.0,Low Score (Band D)
user_03838,34.5,D,0.0,3.0,2000.0,REJECTED,0.0,Insufficient history (3.0 vends/60d)
user_03839,33.9,D,6.0,4.0,1367.0,REJECTED,0.0,Insufficient history (4.0 vends/60d)
user_03840,38.8,D,1.0,7.0,2000.0,REJECTED,0.0,Low Score (Band D)
user_03841,49.9,D,5.0,8.0,2500.0,REJECTED,0.0,Low Score (Band D)
user_03842,48.3,D,1.0,6.0,2000.0,REJECTED,0.0,Low Score (Band D)
user_03843,41.7,D,0.0,4.0,1625.0,REJECTED,0.0,Insufficient history (4.0 vends/60d)
user_03844,40.5,D,1.0,3.0,2033.0,REJECTED,0.0,Insufficient history (3.0 vends/60d)
user_03845,43.4,D,4.0,11.0,1750.0,REJECTED,0.0,Low Score (Band D)
user_03846,51.1,C,4.0,10.0,2750.0,REJECTED,0.0,Calculated limit (1375.0) below min threshold
user_03847,41.8,D,2.0,7.0,2000.0,REJECTED,0.0,Low Score (Band D)
user_03848,50.7,C,3.0,8.0,2500.0,REJECTED,0.0,Calculated limit (1250.0) below min threshold
user_03849,66.1,B,31.0,3.0,75000.0,REJECTED,0.0,Insufficient history (3.0 vends/60d); Dormant (Last vend 31.0 days ago)
user_03850,40.5,D,15.0,13.0,1500.0,REJECTED,0.0,Low Score (Band D)
user_03851,51.2,C,0.0,14.0,2000.0,REJECTED,0.0,Calculated limit (1000.0) below min threshold
user_03852,75.5,B,4.0,8.0,67000.0,APPROVED,7500.0,Eligible
user_03853,45.7,D,3.0,12.0,1625.0,REJECTED,0.0,Low Score (Band D)
user_03854,43.6,D,2.0,11.0,1500.0,REJECTED,0.0,Low Score (Band D)
user_03855,36.5,D,13.0,3.0,1698.5,REJECTED,0.0,Insufficient history (3.0 vends/60d)
user_03856,69.7,B,8.0,6.0,50000.0,APPROVED,7500.0,Eligible
user_03857,49.2,D,4.0,10.0,2000.0,REJECTED,0.0,Low Score (Band D)
user_03858,42.2,D,9.0,2.0,2000.0,REJECTED,0.0,Insufficient history (2.0 vends/60d)
user_03859,46.6,D,4.0,5.0,1875.0,REJECTED,0.0,Insufficient history (5.0 vends/60d)
user_03860,66.1,B,0.0,5.0,165000.0,REJECTED,0.0,Insufficient history (5.0 vends/60d)
user_03861,37.0,D,1.0,1.0,2000.0,REJECTED,0.0,Insufficient history (1.0 vends/60d)
user_03862,42.2,D,0.0,5.0,1500.0,REJECTED,0.0,Insufficient history (5.0 vends/60d)
user_03863,36.5,D,1.0,4.0,1500.0,REJECTED,0.0,Insufficient history (4.0 vends/60d)
user_03864,31.6,D,66.0,0.0,1750.0,REJECTED,0.0,Insufficient history (0.0 vends/60d); Dormant (Last vend 66.0 days ago)
user_03865,75.9,B,1.0,12.0,52000.0,APPROVED,7500.0,Eligible
user_03866,30.2,D,34.0,1.0,1436.0,REJECTED,0.0,Insufficient history (1.0 vends/60d); Dormant (Last vend 34.0 days ago)
user_03867,43.6,D,2.0,11.0,1988.0,REJECTED,0.0,Low Score (Band D)
user_03868,42.9,D,5.0,11.0,1500.0,REJECTED,0.0,Low Score (Band D)
user_03869,39.2,D,0.0,5.0,2000.0,REJECTED,0.0,Insufficient history (5.0 vends/60d)
user_03870,65.1,B,1.0,2.0,48000.0,REJECTED,0.0,Insufficient history (2.0 vends/60d)
user_03871,41.6,D,1.0,3.0,2000.0,REJECTED,0.0,Insufficient history (3.0 vends/60d)
user_03872,41.4,D,3.0,9.0,2000.0,REJECTED,0.0,Low Score (Band D)
user_03873,45.1,D,5.0,10.0,2000.0,REJECTED,0.0,Low Score (Band D)
user_03874,46.9,D,4.0,9.0,2000.0,REJECTED,0.0,Low Score (Band D)
user_03875,71.4,B,0.0,8.0,50000.0,APPROVED,7500.0,Eligible
user_03876,69.2,B,1.0,5.0,75000.0,REJECTED,0.0,Insufficient history (5.0 vends/60d)
user_03877,45.7,D,3.0,10.0,2000.0,REJECTED,0.0,Low Score (Band D)
user_03878,71.2,B,1.0,9.0,72000.0,APPROVED,7500.0,Eligible
user_03879,35.3,D,0.0,7.0,1500.0,REJECTED,0.0,Low Score (Band D)
user_03880,48.5,D,4.0,8.0,2422.5,REJECTED,0.0,Low Score (Band D)
user_03881,38.2,D,54.0,1.0,2250.0,REJECTED,0.0,Insufficient history (1.0 vends/60d); Dormant (Last vend 54.0 days ago)
user_03882,49.0,D,3.0,5.0,2500.0,REJECTED,0.0,Insufficient history (5.0 vends/60d)
user_03883,45.7,D,15.0,8.0,2000.0,REJECTED,0.0,Low Score (Band D)
user_03884,47.6,D,10.0,8.0,2000.0,REJECTED,0.0,Low Score (Band D)
user_03885,49.5,D,1.0,9.0,2000.0,REJECTED,0.0,Low Score (Band D)
user_03886,40.5,D,4.0,12.0,1750.0,REJECTED,0.0,Low Score (Band D)
user_03887,66.1,B,23.0,2.0,50000.0,REJECTED,0.0,Insufficient history (2.0 vends/60d)
user_03888,39.8,D,4.0,11.0,1500.0,REJECTED,0.0,Low Score (Band D)
user_03889,41.2,D,5.0,8.0,1500.0,REJECTED,0.0,Low Score (Band D)
user_03890,71.8,B,5.0,8.0,192006.0,APPROVED,7500.0,Eligible
user_03891,36.0,D,1.0,5.0,1500.0,REJECTED,0.0,Insufficient history (5.0 vends/60d)
user_03892,45.4,D,2.0,3.0,1500.0,REJECTED,0.0,Insufficient history (3.0 vends/60d)
user_03893,43.0,D,5.0,7.0,1500.0,REJECTED,0.0,Low Score (Band D)
user_03894,37.5,D,15.0,4.0,2500.0,REJECTED,0.0,Insufficient history (4.0 vends/60d)
user_03895,40.3,D,6.0,13.0,1500.0,REJECTED,0.0,Low Score (Band D)
user_03896,42.7,D,0.0,7.0,2000.0,REJECTED,0.0,Low Score (Band D)
user_03897,47.7,D,0.0,11.0,2000.0,REJECTED,0.0,Low Score (Band D)
user_03898,65.9,B,2.0,6.0,50000.0,APPROVED,7500.0,Eligible
user_03899,35.8,D,23.0,2.0,2000.0,REJECTED,0.0,Insufficient history (2.0 vends/60d)
user_03900,66.6,B,8.0,6.0,75000.0,APPROVED,7500.0,Eligible
user_03901,43.3,D,2.0,7.0,2240.0,REJECTED,0.0,Low Score (Band D)
user_03902,48.4,D,1.0,6.0,2000.0,REJECTED,0.0,Low Score (Band D)
user_03903,47.6,D,1.0,9.0,2000.0,REJECTED,0.0,Low Score (Band D)
user_03904,38.5,D,5.0,4.0,1625.0,REJECTED,0.0,Insufficient history (4.0 vends/60d)
user_03905,45.6,D,5.0,9.0,2000.0,REJECTED,0.0,Low Score (Band D)
user_03906,67.5,B,3.0,6.0,80000.0,APPROVED,7500.0,Eligible
user_03907,44.3,D,3.0,8.0,2000.0,REJECTED,0.0,Low Score (Band D)
user_03908,39.3,D,8.0,6.0,2000.0,REJECTED,0.0,Low Score (Band D)
user_03909,48.5,D,1.0,6.0,2154.0,REJECTED,0.0,Low Score (Band D)
user_03910,49.6,D,0.0,8.0,2000.0,REJECTED,0.0,Low Score (Band D)
user_03911,62.9,C,5.0,5.0,51500.0,REJECTED,0.0,Insufficient history (5.0 vends/60d)
user_03912,69.8,B,1.0,7.0,50000.0,APPROVED,7500.0,Eligible
user_03913,44.9,D,1.0,4.0,2500.0,REJECTED,0.0,Insufficient history (4.0 vends/60d)
user_03914,45.3,D,1.0,5.0,1750.0,REJECTED,0.0,Insufficient history (5.0 vends/60d)
user_03915,37.1,D,2.0,3.0,2000.0,REJECTED,0.0,Insufficient history (3.0 vends/60d)
user_03916,60.6,C,5.0,3.0,69000.0,REJECTED,0.0,Insufficient history (3.0 vends/60d)
user_03917,44.0,D,0.0,4.0,2000.0,REJECTED,0.0,Insufficient history (4.0 vends/60d)
user_03918,45.4,D,1.0,6.0,2000.0,REJECTED,0.0,Low Score (Band D)
user_03919,75.6,B,3.0,9.0,180000.0,APPROVED,7500.0,Eligible
user_03920,60.9,C,10.0,3.0,61000.0,REJECTED,0.0,Insufficient history (3.0 vends/60d)
user_03921,66.3,B,3.0,3.0,180000.0,REJECTED,0.0,Insufficient history (3.0 vends/60d)
user_03922,37.3,D,10.0,3.0,2250.0,REJECTED,0.0,Insufficient history (3.0 vends/60d)
user_03923,46.7,D,7.0,9.0,2250.0,REJECTED,0.0,Low Score (Band D)
user_03924,42.2,D,1.0,7.0,1750.0,REJECTED,0.0,Low Score (Band D)
user_03925,39.9,D,28.0,6.0,2500.0,REJECTED,0.0,Low Score (Band D)
user_03926,70.8,B,2.0,10.0,65000.0,APPROVED,7500.0,Eligible
user_03927,42.4,D,0.0,8.0,2000.0,REJECTED,0.0,Low Score (Band D)
user_03928,34.1,D,2.0,5.0,1663.0,REJECTED,0.0,Insufficient history (5.0 vends/60d)
user_03929,70.2,B,0.0,7.0,173430.0,APPROVED,7500.0,Eligible
user_03930,66.0,B,6.0,3.0,52000.0,REJECTED,0.0,Insufficient history (3.0 vends/60d)
user_03931,45.7,D,0.0,11.0,2000.0,REJECTED,0.0,Low Score (Band D)
user_03932,33.9,D,19.0,2.0,1875.0,REJECTED,0.0,Insufficient history (2.0 vends/60d)
user_03933,48.6,D,4.0,11.0,1750.0,REJECTED,0.0,Low Score (Band D)
user_03934,43.0,D,2.0,7.0,2000.0,REJECTED,0.0,Low Score (Band D)
user_03935,46.4,D,3.0,9.0,2000.0,REJECTED,0.0,Low Score (Band D)
user_03936,74.0,B,5.0,7.0,49000.0,APPROVED,7500.0,Eligible
user_03937,60.5,C,36.0,2.0,46000.0,REJECTED,0.0,Insufficient history (2.0 vends/60d); Dormant (Last vend 36.0 days ago)
user_03938,70.1,B,0.0,6.0,50000.0,APPROVED,7500.0,Eligible
user_03939,38.5,D,0.0,7.0,1250.0,REJECTED,0.0,Low Score (Band D)
user_03940,44.2,D,5.0,5.0,2000.0,REJECTED,0.0,Insufficient history (5.0 vends/60d)
user_03941,44.2,D,4.0,6.0,1962.5,REJECTED,0.0,Low Score (Band D)
user_03942,32.2,D,22.0,3.0,1630.0,REJECTED,0.0,Insufficient history (3.0 vends/60d)
user_03943,70.5,B,0.0,6.0,51000.0,APPROVED,7500.0,Eligible
user_03944,45.9,D,14.0,8.0,2500.0,REJECTED,0.0,Low Score (Band D)
user_03945,50.0,C,1.0,12.0,2000.0,REJECTED,0.0,Calculated limit (1000.0) below min threshold
user_03946,64.3,C,3.0,5.0,49000.0,REJECTED,0.0,Insufficient history (5.0 vends/60d)
user_03947,43.9,D,28.0,4.0,2000.0,REJECTED,0.0,Insufficient history (4.0 vends/60d)
user_03948,41.7,D,4.0,8.0,1500.0,REJECTED,0.0,Low Score (Band D)
user_03949,38.3,D,0.0,10.0,1000.0,REJECTED,0.0,Low Score (Band D)
user_03950,37.0,D,3.0,5.0,1500.0,REJECTED,0.0,Insufficient history (5.0 vends/60d)
user_03951,36.5,D,2.0,4.0,1683.0,REJECTED,0.0,Insufficient history (4.0 vends/60d)
user_03952,51.3,C,64.0,0.0,4000.0,REJECTED,0.0,Insufficient history (0.0 vends/60d); Dormant (Last vend 64.0 days ago)
user_03953,40.8,D,4.0,7.0,2000.0,REJECTED,0.0,Low Score (Band D)
user_03954,43.3,D,0.0,12.0,1500.0,REJECTED,0.0,Low Score (Band D)
user_03955,34.5,D,19.0,2.0,1875.0,REJECTED,0.0,Insufficient history (2.0 vends/60d)
user_03956,43.1,D,15.0,5.0,3000.0,REJECTED,0.0,Insufficient history (5.0 vends/60d)
user_03957,39.2,D,31.0,3.0,1500.0,REJECTED,0.0,Insufficient history (3.0 vends/60d); Dormant (Last vend 31.0 days ago)
user_03958,66.4,B,3.0,5.0,52000.0,REJECTED,0.0,Insufficient history (5.0 vends/60d)
user_03959,41.4,D,4.0,6.0,2000.0,REJECTED,0.0,Low Score (Band D)
user_03960,40.4,D,11.0,8.0,1250.0,REJECTED,0.0,Low Score (Band D)
user_03961,38.0,D,36.0,1.0,1875.0,REJECTED,0.0,Insufficient history (1.0 vends/60d); Dormant (Last vend 36.0 days ago)
user_03962,38.8,D,5.0,4.0,2000.0,REJECTED,0.0,Insufficient history (4.0 vends/60d)
user_03963,71.0,B,17.0,8.0,57000.0,APPROVED,7500.0,Eligible
user_03964,43.7,D,6.0,5.0,2000.0,REJECTED,0.0,Insufficient history (5.0 vends/60d)
user_03965,39.4,D,4.0,4.0,1875.0,REJECTED,0.0,Insufficient history (4.0 vends/60d)
user_03966,48.2,D,4.0,12.0,2000.0,REJECTED,0.0,Low Score (Band D)
user_03967,42.2,D,4.0,7.0,1750.0,REJECTED,0.0,Low Score (Band D)
user_03968,29.7,D,65.0,0.0,1500.0,REJECTED,0.0,Insufficient history (0.0 vends/60d); Dormant (Last vend 65.0 days ago)
user_03969,44.2,D,6.0,7.0,1659.0,REJECTED,0.0,Low Score (Band D)
user_03970,38.8,D,4.0,8.0,2000.0,REJECTED,0.0,Low Score (Band D)
user_03971,43.4,D,3.0,12.0,2027.0,REJECTED,0.0,Low Score (Band D)
user_03972,44.5,D,1.0,9.0,2000.0,REJECTED,0.0,Low Score (Band D)
user_03973,65.8,B,2.0,3.0,51000.0,REJECTED,0.0,Insufficient history (3.0 vends/60d)
user_03974,43.9,D,0.0,7.0,2000.0,REJECTED,0.0,Low Score (Band D)
user_03975,37.7,D,3.0,4.0,2000.0,REJECTED,0.0,Insufficient history (4.0 vends/60d)
user_03976,41.0,D,1.0,12.0,2000.0,REJECTED,0.0,Low Score (Band D)
user_03977,43.7,D,2.0,3.0,2000.0,REJECTED,0.0,Insufficient history (3.0 vends/60d)
user_03978,71.6,B,9.0,6.0,150000.0,APPROVED,7500.0,Eligible
user_03979,38.0,D,0.0,3.0,1957.5,REJECTED,0.0,Insufficient history (3.0 vends/60d)
user_03980,44.0,D,2.0,9.0,2000.0,REJECTED,0.0,Low Score (Band D)
user_03981,48.5,D,7.0,7.0,2000.0,REJECTED,0.0,Low Score (Band D)
user_03982,43.6,D,0.0,11.0,2000.0,REJECTED,0.0,Low Score (Band D)
user_03983,47.5,D,1.0,3.0,2000.0,REJECTED,0.0,Insufficient history (3.0 vends/60d)
user_03984,41.2,D,3.0,11.0,1750.0,REJECTED,0.0,Low Score (Band D)
user_03985,53.7,C,6.0,5.0,3000.0,REJECTED,0.0,Insufficient history (5.0 vends/60d)
user_03986,51.1,C,2.0,1.0,4375.0,REJECTED,0.0,Insufficient history (1.0 vends/60d)
user_03987,43.8,D,2.0,9.0,2000.0,REJECTED,0.0,Low Score (Band D)
user_03988,43.7,D,1.0,3.0,2500.0,REJECTED,0.0,Insufficient history (3.0 vends/60d)
user_03989,46.0,D,1.0,9.0,2000.0,REJECTED,0.0,Low Score (Band D)
user_03990,62.5,C,64.0,0.0,63000.0,REJECTED,0.0,Insufficient history (0.0 vends/60d); Dormant (Last vend 64.0 days ago)
user_03991,36.6,D,0.0,7.0,1500.0,REJECTED,0.0,Low Score (Band D)
user_03992,43.3,D,7.0,6.0,1886.5,REJECTED,0.0,Low Score (Band D)
user_03993,50.7,C,4.0,7.0,2250.0,REJECTED,0.0,Calculated limit (1125.0) below min threshold
user_03994,44.3,D,1.0,7.0,2000.0,REJECTED,0.0,Low Score (Band D)
user_03995,66.6,B,2.0,5.0,190000.0,REJECTED,0.0,Insufficient history (5.0 vends/60d)
user_03996,40.6,D,0.0,13.0,2000.0,REJECTED,0.0,Low Score (Band D)
user_03997,67.9,B,2.0,6.0,71000.0,APPROVED,7500.0,Eligible
user_03998,40.0,D,10.0,8.0,1500.0,REJECTED,0.0,Low Score (Band D)
user_03999,46.3,D,1.0,16.0,1978.0,REJECTED,0.0,Low Score (Band D)
user_04000,44.5,D,12.0,6.0,2000.0,REJECTED,0.0,Low Score (Band D)
user_04001,43.6,D,1.0,6.0,1500.0,REJECTED,0.0,Low Score (Band D)
user_04002,42.8,D,8.0,9.0,2000.0,REJECTED,0.0,Low Score (Band D)
user_04003,46.2,D,2.0,12.0,1938.0,REJECTED,0.0,Low Score (Band D)
user_04004,45.3,D,3.0,8.0,1875.0,REJECTED,0.0,Low Score (Band D)
user_04005,67.6,B,2.0,9.0,50000.0,APPROVED,7500.0,Eligible
user_04006,43.8,D,3.0,8.0,2000.0,REJECTED,0.0,Low Score (Band D)
user_04007,40.5,D,3.0,3.0,2000.0,REJECTED,0.0,Insufficient history (3.0 vends/60d)
user_04008,40.6,D,19.0,6.0,1812.5,REJECTED,0.0,Low Score (Band D)
user_04009,29.3,D,31.0,2.0,1125.0,REJECTED,0.0,Insufficient history (2.0 vends/60d); Dormant (Last vend 31.0 days ago)
user_04010,41.0,D,3.0,6.0,2000.0,REJECTED,0.0,Low Score (Band D)
user_04011,42.9,D,3.0,8.0,2172.5,REJECTED,0.0,Low Score (Band D)
user_04012,33.2,D,19.0,3.0,1500.0,REJECTED,0.0,Insufficient history (3.0 vends/60d)
user_04013,40.4,D,18.0,5.0,1937.5,REJECTED,0.0,Insufficient history (5.0 vends/60d)
user_04014,71.5,B,5.0,9.0,40000.0,APPROVED,7500.0,Eligible
user_04015,51.4,C,1.0,12.0,1750.0,REJECTED,0.0,Calculated limit (875.0) below min threshold
user_04016,39.5,D,86.0,0.0,1750.0,REJECTED,0.0,Insufficient history (0.0 vends/60d); Dormant (Last vend 86.0 days ago)
user_04017,37.1,D,12.0,8.0,1500.0,REJECTED,0.0,Low Score (Band D)
user_04018,38.4,D,11.0,3.0,1500.0,REJECTED,0.0,Insufficient history (3.0 vends/60d)
user_04019,41.5,D,0.0,5.0,2000.0,REJECTED,0.0,Insufficient history (5.0 vends/60d)
user_04020,45.1,D,7.0,5.0,2000.0,REJECTED,0.0,Insufficient history (5.0 vends/60d)
user_04021,39.5,D,2.0,7.0,1500.0,REJECTED,0.0,Low Score (Band D)
user_04022,72.6,B,0.0,12.0,182137.5,APPROVED,7500.0,Eligible
user_04023,50.8,C,3.0,7.0,2450.0,REJECTED,0.0,Calculated limit (1225.0) below min threshold
user_04024,41.7,D,4.0,12.0,2000.0,REJECTED,0.0,Low Score (Band D)
user_04025,36.0,D,5.0,2.0,2000.0,REJECTED,0.0,Insufficient history (2.0 vends/60d)
user_04026,46.1,D,3.0,11.0,1901.0,REJECTED,0.0,Low Score (Band D)
user_04027,41.8,D,0.0,10.0,1989.0,REJECTED,0.0,Low Score (Band D)
user_04028,45.5,D,0.0,7.0,2000.0,REJECTED,0.0,Low Score (Band D)
user_04029,43.9,D,1.0,5.0,2000.0,REJECTED,0.0,Insufficient history (5.0 vends/60d)
user_04030,38.6,D,5.0,5.0,1000.0,REJECTED,0.0,Insufficient history (5.0 vends/60d)
user_04031,68.9,B,3.0,8.0,67000.0,APPROVED,7500.0,Eligible
user_04032,41.7,D,3.0,6.0,2000.0,REJECTED,0.0,Low Score (Band D)
user_04033,41.0,D,34.0,3.0,2250.0,REJECTED,0.0,Insufficient history (3.0 vends/60d); Dormant (Last vend 34.0 days ago)
user_04034,45.6,D,4.0,8.0,2000.0,REJECTED,0.0,Low Score (Band D)
user_04035,41.7,D,2.0,6.0,1561.0,REJECTED,0.0,Low Score (Band D)
user_04036,73.8,B,0.0,6.0,180000.0,APPROVED,7500.0,Eligible
user_04037,32.4,D,45.0,1.0,1625.0,REJECTED,0.0,Insufficient history (1.0 vends/60d); Dormant (Last vend 45.0 days ago)
user_04038,35.9,D,42.0,1.0,1750.0,REJECTED,0.0,Insufficient history (1.0 vends/60d); Dormant (Last vend 42.0 days ago)
user_04039,46.1,D,2.0,7.0,2000.0,REJECTED,0.0,Low Score (Band D)
user_04040,41.4,D,1.0,7.0,1750.0,REJECTED,0.0,Low Score (Band D)
user_04041,39.3,D,1.0,4.0,1500.0,REJECTED,0.0,Insufficient history (4.0 vends/60d)
user_04042,47.1,D,1.0,7.0,2304.0,REJECTED,0.0,Low Score (Band D)
user_04043,42.3,D,8.0,10.0,2000.0,REJECTED,0.0,Low Score (Band D)
user_04044,50.1,C,1.0,11.0,2178.0,REJECTED,0.0,Calculated limit (1089.0) below min threshold
user_04045,71.8,B,13.0,9.0,69000.0,APPROVED,7500.0,Eligible
user_04046,72.8,B,0.0,10.0,200000.0,APPROVED,7500.0,Eligible
user_04047,39.6,D,4.0,6.0,1750.0,REJECTED,0.0,Low Score (Band D)
user_04048,40.2,D,14.0,6.0,1750.0,REJECTED,0.0,Low Score (Band D)
user_04049,35.7,D,25.0,5.0,1500.0,REJECTED,0.0,Insufficient history (5.0 vends/60d)
user_04050,39.7,D,4.0,9.0,1500.0,REJECTED,0.0,Low Score (Band D)
user_04051,42.3,D,0.0,10.0,1625.0,REJECTED,0.0,Low Score (Band D)
user_04052,46.5,D,2.0,8.0,1974.5,REJECTED,0.0,Low Score (Band D)
user_04053,63.2,C,11.0,1.0,59000.0,REJECTED,0.0,Insufficient history (1.0 vends/60d)
user_04054,73.3,B,1.0,8.0,195227.0,APPROVED,7500.0,Eligible
user_04055,40.9,D,6.0,5.0,1827.0,REJECTED,0.0,Insufficient history (5.0 vends/60d)
user_04056,44.6,D,9.0,4.0,2000.0,REJECTED,0.0,Insufficient history (4.0 vends/60d)
user_04057,44.1,D,17.0,5.0,2978.0,REJECTED,0.0,Insufficient history (5.0 vends/60d)
user_04058,36.6,D,0.0,3.0,2000.0,REJECTED,0.0,Insufficient history (3.0 vends/60d)
user_04059,36.6,D,0.0,5.0,1875.0,REJECTED,0.0,Insufficient history (5.0 vends/60d)
user_04060,42.3,D,0.0,8.0,2000.0,REJECTED,0.0,Low Score (Band D)
user_04061,41.7,D,13.0,6.0,1821.0,REJECTED,0.0,Low Score (Band D)
user_04062,35.1,D,10.0,5.0,1875.0,REJECTED,0.0,Insufficient history (5.0 vends/60d)
user_04063,43.4,D,2.0,7.0,2000.0,REJECTED,0.0,Low Score (Band D)
user_04064,67.7,B,6.0,5.0,190207.0,REJECTED,0.0,Insufficient history (5.0 vends/60d)
user_04065,40.1,D,18.0,4.0,1928.0,REJECTED,0.0,Insufficient history (4.0 vends/60d)
user_04066,43.6,D,3.0,7.0,2000.0,REJECTED,0.0,Low Score (Band D)
user_04067,69.6,B,20.0,1.0,45000.0,REJECTED,0.0,Insufficient history (1.0 vends/60d)
user_04068,41.6,D,9.0,10.0,1500.0,REJECTED,0.0,Low Score (Band D)
user_04069,50.5,C,2.0,15.0,2000.0,REJECTED,0.0,Calculated limit (1000.0) below min threshold
user_04070,48.6,D,1.0,9.0,2000.0,REJECTED,0.0,Low Score (Band D)
user_04071,42.6,D,8.0,4.0,1769.0,REJECTED,0.0,Insufficient history (4.0 vends/60d)
user_04072,73.1,B,5.0,15.0,50500.0,APPROVED,7500.0,Eligible
user_04073,70.8,B,6.0,8.0,50000.0,APPROVED,7500.0,Eligible
user_04074,46.0,D,0.0,8.0,2000.0,REJECTED,0.0,Low Score (Band D)
user_04075,43.0,D,12.0,4.0,2000.0,REJECTED,0.0,Insufficient history (4.0 vends/60d)
user_04076,41.0,D,2.0,5.0,2000.0,REJECTED,0.0,Insufficient history (5.0 vends/60d)
user_04077,38.8,D,17.0,5.0,2000.0,REJECTED,0.0,Insufficient history (5.0 vends/60d)
user_04078,46.8,D,1.0,10.0,1875.0,REJECTED,0.0,Low Score (Band D)
user_04079,44.6,D,3.0,10.0,2000.0,REJECTED,0.0,Low Score (Band D)
user_04080,44.7,D,1.0,11.0,2000.0,REJECTED,0.0,Low Score (Band D)
user_04081,69.5,B,4.0,5.0,50000.0,REJECTED,0.0,Insufficient history (5.0 vends/60d)
user_04082,32.9,D,1.0,2.0,1949.5,REJECTED,0.0,Insufficient history (2.0 vends/60d)
user_04083,42.0,D,10.0,4.0,2000.0,REJECTED,0.0,Insufficient history (4.0 vends/60d)
user_04084,43.5,D,4.0,8.0,2000.0,REJECTED,0.0,Low Score (Band D)
user_04085,47.1,D,1.0,17.0,2000.0,REJECTED,0.0,Low Score (Band D)
user_04086,44.4,D,20.0,7.0,2000.0,REJECTED,0.0,Low Score (Band D)
user_04087,37.6,D,3.0,3.0,2000.0,REJECTED,0.0,Insufficient history (3.0 vends/60d)
user_04088,44.2,D,4.0,9.0,2000.0,REJECTED,0.0,Low Score (Band D)
user_04089,38.4,D,7.0,4.0,2000.0,REJECTED,0.0,Insufficient history (4.0 vends/60d)
user_04090,33.7,D,3.0,2.0,1500.0,REJECTED,0.0,Insufficient history (2.0 vends/60d)
user_04091,37.5,D,7.0,4.0,1824.0,REJECTED,0.0,Insufficient history (4.0 vends/60d)
user_04092,40.2,D,5.0,5.0,2000.0,REJECTED,0.0,Insufficient history (5.0 vends/60d)
user_04093,64.7,C,2.0,9.0,45000.0,APPROVED,5000.0,Eligible
user_04094,48.4,D,0.0,9.0,2000.0,REJECTED,0.0,Low Score (Band D)
user_04095,44.1,D,1.0,10.0,1910.0,REJECTED,0.0,Low Score (Band D)
user_04096,45.7,D,12.0,8.0,2000.0,REJECTED,0.0,Low Score (Band D)
user_04097,40.7,D,5.0,5.0,2000.0,REJECTED,0.0,Insufficient history (5.0 vends/60d)
user_04098,44.4,D,1.0,8.0,2000.0,REJECTED,0.0,Low Score (Band D)
user_04099,36.7,D,3.0,2.0,2000.0,REJECTED,0.0,Insufficient history (2.0 vends/60d)
user_04100,47.0,D,16.0,5.0,2000.0,REJECTED,0.0,Insufficient history (5.0 vends/60d)
user_04101,45.4,D,1.0,7.0,2556.0,REJECTED,0.0,Low Score (Band D)
user_04102,47.6,D,3.0,9.0,2003.0,REJECTED,0.0,Low Score (Band D)
user_04103,46.6,D,2.0,9.0,2000.0,REJECTED,0.0,Low Score (Band D)
user_04104,43.8,D,25.0,6.0,2000.0,REJECTED,0.0,Low Score (Band D)
user_04105,41.1,D,2.0,9.0,2000.0,REJECTED,0.0,Low Score (Band D)
user_04106,47.5,D,5.0,11.0,2000.0,REJECTED,0.0,Low Score (Band D)
user_04107,44.8,D,5.0,9.0,2000.0,REJECTED,0.0,Low Score (Band D)
user_04108,70.2,B,0.0,8.0,54000.0,APPROVED,7500.0,Eligible
user_04109,29.5,D,3.0,4.0,1000.0,REJECTED,0.0,Insufficient history (4.0 vends/60d)
user_04110,44.3,D,3.0,9.0,2000.0,REJECTED,0.0,Low Score (Band D)
user_04111,71.0,B,4.0,10.0,45500.0,APPROVED,7500.0,Eligible
user_04112,42.1,D,5.0,8.0,1500.0,REJECTED,0.0,Low Score (Band D)
user_04113,49.7,D,0.0,11.0,2500.0,REJECTED,0.0,Low Score (Band D)
user_04114,37.9,D,3.0,10.0,1000.0,REJECTED,0.0,Low Score (Band D)
user_04115,38.2,D,29.0,8.0,1367.0,REJECTED,0.0,Low Score (Band D)
user_04116,32.0,D,4.0,2.0,1750.0,REJECTED,0.0,Insufficient history (2.0 vends/60d)
user_04117,37.0,D,10.0,7.0,1875.0,REJECTED,0.0,Low Score (Band D)
user_04118,43.8,D,2.0,3.0,1500.0,REJECTED,0.0,Insufficient history (3.0 vends/60d)
user_04119,31.3,D,36.0,1.0,1500.0,REJECTED,0.0,Insufficient history (1.0 vends/60d); Dormant (Last vend 36.0 days ago)
user_04120,35.8,D,0.0,9.0,1221.5,REJECTED,0.0,Low Score (Band D)
user_04121,43.2,D,4.0,6.0,2172.5,REJECTED,0.0,Low Score (Band D)
user_04122,35.5,D,3.0,1.0,2000.0,REJECTED,0.0,Insufficient history (1.0 vends/60d)
user_04123,32.5,D,0.0,1.0,1687.5,REJECTED,0.0,Insufficient history (1.0 vends/60d)
user_04124,38.8,D,1.0,8.0,2000.0,REJECTED,0.0,Low Score (Band D)
user_04125,35.2,D,6.0,2.0,2000.0,REJECTED,0.0,Insufficient history (2.0 vends/60d)
user_04126,49.5,D,3.0,12.0,2000.0,REJECTED,0.0,Low Score (Band D)
user_04127,38.8,D,2.0,3.0,1500.0,REJECTED,0.0,Insufficient history (3.0 vends/60d)
user_04128,40.9,D,2.0,5.0,2000.0,REJECTED,0.0,Insufficient history (5.0 vends/60d)
user_04129,34.1,D,26.0,6.0,1500.0,REJECTED,0.0,Low Score (Band D)
user_04130,38.4,D,3.0,5.0,2000.0,REJECTED,0.0,Insufficient history (5.0 vends/60d)
user_04131,41.7,D,2.0,9.0,1500.0,REJECTED,0.0,Low Score (Band D)
user_04132,34.1,D,16.0,1.0,2000.0,REJECTED,0.0,Insufficient history (1.0 vends/60d)
user_04133,42.6,D,1.0,7.0,2000.0,REJECTED,0.0,Low Score (Band D)
user_04134,74.8,B,4.0,12.0,50000.0,APPROVED,7500.0,Eligible
user_04135,68.4,B,0.0,3.0,49000.0,REJECTED,0.0,Insufficient history (3.0 vends/60d)
user_04136,46.4,D,2.0,12.0,3000.0,REJECTED,0.0,Low Score (Band D)
user_04137,65.8,B,24.0,1.0,80000.0,REJECTED,0.0,Insufficient history (1.0 vends/60d)
user_04138,45.7,D,0.0,11.0,2000.0,REJECTED,0.0,Low Score (Band D)
user_04139,44.3,D,11.0,5.0,2000.0,REJECTED,0.0,Insufficient history (5.0 vends/60d)
user_04140,48.3,D,3.0,10.0,2000.0,REJECTED,0.0,Low Score (Band D)
user_04141,41.6,D,0.0,6.0,2000.0,REJECTED,0.0,Low Score (Band D)
user_04142,43.0,D,1.0,10.0,1905.5,REJECTED,0.0,Low Score (Band D)
user_04143,38.4,D,10.0,9.0,1500.0,REJECTED,0.0,Low Score (Band D)
user_04144,39.4,D,3.0,2.0,2500.0,REJECTED,0.0,Insufficient history (2.0 vends/60d)
user_04145,46.8,D,1.0,9.0,1838.5,REJECTED,0.0,Low Score (Band D)
user_04146,70.7,B,3.0,9.0,64000.0,APPROVED,7500.0,Eligible
user_04147,59.9,C,4.0,3.0,50000.0,REJECTED,0.0,Insufficient history (3.0 vends/60d)
user_04148,41.4,D,32.0,1.0,1625.0,REJECTED,0.0,Insufficient history (1.0 vends/60d); Dormant (Last vend 32.0 days ago)
user_04149,41.2,D,0.0,7.0,2000.0,REJECTED,0.0,Low Score (Band D)
user_04150,43.4,D,57.0,1.0,3000.0,REJECTED,0.0,Insufficient history (1.0 vends/60d); Dormant (Last vend 57.0 days ago)
user_04151,50.0,C,5.0,11.0,1500.0,REJECTED,0.0,Calculated limit (750.0) below min threshold
user_04152,64.9,C,31.0,1.0,150000.0,REJECTED,0.0,Insufficient history (1.0 vends/60d); Dormant (Last vend 31.0 days ago)
user_04153,43.2,D,5.0,8.0,1908.0,REJECTED,0.0,Low Score (Band D)
user_04154,42.5,D,2.0,8.0,1706.0,REJECTED,0.0,Low Score (Band D)
user_04155,61.7,C,65.0,0.0,180000.0,REJECTED,0.0,Insufficient history (0.0 vends/60d); Dormant (Last vend 65.0 days ago)
user_04156,30.8,D,4.0,2.0,1375.0,REJECTED,0.0,Insufficient history (2.0 vends/60d)
user_04157,43.1,D,0.0,8.0,1500.0,REJECTED,0.0,Low Score (Band D)
user_04158,70.9,B,8.0,4.0,55000.0,REJECTED,0.0,Insufficient history (4.0 vends/60d)
user_04159,59.1,C,36.0,1.0,63000.0,REJECTED,0.0,Insufficient history (1.0 vends/60d); Dormant (Last vend 36.0 days ago)
user_04160,39.6,D,7.0,2.0,1500.0,REJECTED,0.0,Insufficient history (2.0 vends/60d)
user_04161,41.1,D,2.0,5.0,2000.0,REJECTED,0.0,Insufficient history (5.0 vends/60d)
user_04162,66.6,B,0.0,7.0,40000.0,APPROVED,7500.0,Eligible
user_04163,70.6,B,11.0,9.0,54000.0,APPROVED,7500.0,Eligible
user_04164,38.7,D,0.0,7.0,2345.0,REJECTED,0.0,Low Score (Band D)
user_04165,41.7,D,0.0,4.0,1883.0,REJECTED,0.0,Insufficient history (4.0 vends/60d)
user_04166,34.4,D,3.0,2.0,2000.0,REJECTED,0.0,Insufficient history (2.0 vends/60d)
user_04167,67.0,B,4.0,4.0,75000.0,REJECTED,0.0,Insufficient history (4.0 vends/60d)
user_04168,45.7,D,2.0,5.0,3000.0,REJECTED,0.0,Insufficient history (5.0 vends/60d)
user_04169,35.3,D,7.0,2.0,1750.0,REJECTED,0.0,Insufficient history (2.0 vends/60d)
user_04170,43.0,D,3.0,3.0,2500.0,REJECTED,0.0,Insufficient history (3.0 vends/60d)
user_04171,37.4,D,0.0,3.0,1875.0,REJECTED,0.0,Insufficient history (3.0 vends/60d)
user_04172,39.8,D,4.0,2.0,2000.0,REJECTED,0.0,Insufficient history (2.0 vends/60d)
user_04173,40.8,D,3.0,4.0,2000.0,REJECTED,0.0,Insufficient history (4.0 vends/60d)
user_04174,42.3,D,1.0,6.0,2000.0,REJECTED,0.0,Low Score (Band D)
user_04175,37.0,D,0.0,4.0,1750.0,REJECTED,0.0,Insufficient history (4.0 vends/60d)
user_04176,73.9,B,0.0,7.0,48000.0,APPROVED,7500.0,Eligible
user_04177,47.0,D,3.0,10.0,1750.0,REJECTED,0.0,Low Score (Band D)
user_04178,62.9,C,3.0,3.0,53000.0,REJECTED,0.0,Insufficient history (3.0 vends/60d)
user_04179,33.2,D,14.0,4.0,1750.0,REJECTED,0.0,Insufficient history (4.0 vends/60d)
user_04180,43.7,D,2.0,9.0,1875.0,REJECTED,0.0,Low Score (Band D)
user_04181,60.3,C,32.0,3.0,38500.0,REJECTED,0.0,Insufficient history (3.0 vends/60d); Dormant (Last vend 32.0 days ago)
user_04182,66.7,B,0.0,10.0,47000.0,APPROVED,7500.0,Eligible
user_04183,43.1,D,1.0,10.0,1798.0,REJECTED,0.0,Low Score (Band D)
user_04184,43.0,D,4.0,13.0,1433.0,REJECTED,0.0,Low Score (Band D)
user_04185,39.8,D,4.0,9.0,1500.0,REJECTED,0.0,Low Score (Band D)
user_04186,38.3,D,33.0,2.0,2382.0,REJECTED,0.0,Insufficient history (2.0 vends/60d); Dormant (Last vend 33.0 days ago)
user_04187,33.6,D,2.0,4.0,2000.0,REJECTED,0.0,Insufficient history (4.0 vends/60d)
user_04188,52.4,C,3.0,10.0,2500.0,REJECTED,0.0,Calculated limit (1250.0) below min threshold
user_04189,44.0,D,3.0,13.0,2000.0,REJECTED,0.0,Low Score (Band D)
user_04190,43.8,D,3.0,6.0,2000.0,REJECTED,0.0,Low Score (Band D)
user_04191,65.5,B,64.0,0.0,250000.0,REJECTED,0.0,Insufficient history (0.0 vends/60d); Dormant (Last vend 64.0 days ago)
user_04192,40.5,D,0.0,3.0,2000.0,REJECTED,0.0,Insufficient history (3.0 vends/60d)
user_04193,36.7,D,14.0,1.0,2000.0,REJECTED,0.0,Insufficient history (1.0 vends/60d)
user_04194,42.2,D,5.0,7.0,1750.0,REJECTED,0.0,Low Score (Band D)
user_04195,43.1,D,2.0,10.0,1633.0,REJECTED,0.0,Low Score (Band D)
user_04196,43.5,D,1.0,2.0,2000.0,REJECTED,0.0,Insufficient history (2.0 vends/60d)
user_04197,72.1,B,0.0,7.0,71500.0,APPROVED,7500.0,Eligible
user_04198,33.3,D,1.0,2.0,2000.0,REJECTED,0.0,Insufficient history (2.0 vends/60d)
user_04199,69.6,B,8.0,10.0,44000.0,APPROVED,7500.0,Eligible
user_04200,41.3,D,0.0,2.0,2000.0,REJECTED,0.0,Insufficient history (2.0 vends/60d)
user_04201,74.5,B,1.0,7.0,63000.0,APPROVED,7500.0,Eligible
user_04202,75.1,B,5.0,13.0,189527.0,APPROVED,7500.0,Eligible
user_04203,37.3,D,2.0,2.0,2000.0,REJECTED,0.0,Insufficient history (2.0 vends/60d)
user_04204,34.5,D,4.0,2.0,1750.0,REJECTED,0.0,Insufficient history (2.0 vends/60d)
user_04205,37.4,D,1.0,4.0,1750.0,REJECTED,0.0,Insufficient history (4.0 vends/60d)
user_04206,44.1,D,4.0,10.0,2000.0,REJECTED,0.0,Low Score (Band D)
user_04207,41.5,D,9.0,4.0,2000.0,REJECTED,0.0,Insufficient history (4.0 vends/60d)
user_04208,43.0,D,1.0,11.0,1812.5,REJECTED,0.0,Low Score (Band D)
user_04209,45.6,D,1.0,15.0,1875.0,REJECTED,0.0,Low Score (Band D)
user_04210,42.3,D,1.0,4.0,2000.0,REJECTED,0.0,Insufficient history (4.0 vends/60d)
user_04211,50.3,C,5.0,13.0,2250.0,REJECTED,0.0,Calculated limit (1125.0) below min threshold
user_04212,44.4,D,0.0,12.0,2000.0,REJECTED,0.0,Low Score (Band D)
user_04213,47.3,D,5.0,9.0,2000.0,REJECTED,0.0,Low Score (Band D)
user_04214,43.8,D,1.0,7.0,2000.0,REJECTED,0.0,Low Score (Band D)
user_04215,47.1,D,12.0,7.0,2000.0,REJECTED,0.0,Low Score (Band D)
user_04216,42.9,D,14.0,9.0,1750.0,REJECTED,0.0,Low Score (Band D)
user_04217,45.7,D,4.0,15.0,1500.0,REJECTED,0.0,Low Score (Band D)
user_04218,46.2,D,4.0,8.0,2345.0,REJECTED,0.0,Low Score (Band D)
user_04219,37.3,D,0.0,4.0,1750.0,REJECTED,0.0,Insufficient history (4.0 vends/60d)
user_04220,44.2,D,0.0,7.0,1500.0,REJECTED,0.0,Low Score (Band D)
user_04221,49.9,D,3.0,12.0,2000.0,REJECTED,0.0,Low Score (Band D)
user_04222,40.6,D,0.0,8.0,2000.0,REJECTED,0.0,Low Score (Band D)
user_04223,41.7,D,0.0,9.0,1500.0,REJECTED,0.0,Low Score (Band D)
user_04224,60.5,C,4.0,3.0,45500.0,REJECTED,0.0,Insufficient history (3.0 vends/60d)
user_04225,44.4,D,1.0,6.0,2000.0,REJECTED,0.0,Low Score (Band D)
user_04226,44.3,D,2.0,17.0,2000.0,REJECTED,0.0,Low Score (Band D)
user_04227,41.1,D,0.0,4.0,3000.0,REJECTED,0.0,Insufficient history (4.0 vends/60d)
user_04228,49.3,D,1.0,11.0,2148.0,REJECTED,0.0,Low Score (Band D)
user_04229,43.1,D,3.0,9.0,1750.0,REJECTED,0.0,Low Score (Band D)
user_04230,44.1,D,0.0,9.0,2000.0,REJECTED,0.0,Low Score (Band D)
user_04231,37.8,D,0.0,10.0,1128.5,REJECTED,0.0,Low Score (Band D)
user_04232,39.3,D,4.0,7.0,1625.0,REJECTED,0.0,Low Score (Band D)
user_04233,70.4,B,17.0,7.0,50000.0,APPROVED,7500.0,Eligible
user_04234,40.3,D,10.0,6.0,2000.0,REJECTED,0.0,Low Score (Band D)
user_04235,37.3,D,0.0,6.0,2000.0,REJECTED,0.0,Low Score (Band D)
user_04236,67.6,B,0.0,2.0,180000.0,REJECTED,0.0,Insufficient history (2.0 vends/60d)
user_04237,45.3,D,0.0,12.0,2000.0,REJECTED,0.0,Low Score (Band D)
user_04238,44.0,D,3.0,12.0,1984.5,REJECTED,0.0,Low Score (Band D)
user_04239,44.7,D,4.0,4.0,3000.0,REJECTED,0.0,Insufficient history (4.0 vends/60d)
user_04240,43.8,D,8.0,12.0,1875.0,REJECTED,0.0,Low Score (Band D)
user_04241,40.9,D,0.0,11.0,1500.0,REJECTED,0.0,Low Score (Band D)
user_04242,34.2,D,2.0,3.0,2000.0,REJECTED,0.0,Insufficient history (3.0 vends/60d)
user_04243,50.1,C,3.0,8.0,2000.0,REJECTED,0.0,Calculated limit (1000.0) below min threshold
user_04244,71.5,B,12.0,5.0,58500.0,REJECTED,0.0,Insufficient history (5.0 vends/60d)
user_04245,48.1,D,11.0,11.0,2000.0,REJECTED,0.0,Low Score (Band D)
user_04246,43.2,D,0.0,5.0,2000.0,REJECTED,0.0,Insufficient history (5.0 vends/60d)
user_04247,47.0,D,3.0,13.0,1821.5,REJECTED,0.0,Low Score (Band D)
user_04248,44.5,D,1.0,15.0,2000.0,REJECTED,0.0,Low Score (Band D)
user_04249,46.4,D,2.0,17.0,1500.0,REJECTED,0.0,Low Score (Band D)
user_04250,45.4,D,0.0,7.0,1500.0,REJECTED,0.0,Low Score (Band D)
user_04251,51.4,C,5.0,11.0,2500.0,REJECTED,0.0,Calculated limit (1250.0) below min threshold
user_04252,46.4,D,0.0,9.0,2000.0,REJECTED,0.0,Low Score (Band D)
user_04253,31.5,D,6.0,4.0,1375.0,REJECTED,0.0,Insufficient history (4.0 vends/60d)
user_04254,47.5,D,12.0,10.0,2500.0,REJECTED,0.0,Low Score (Band D)
user_04255,36.3,D,1.0,3.0,2000.0,REJECTED,0.0,Insufficient history (3.0 vends/60d)
user_04256,38.3,D,47.0,2.0,1500.0,REJECTED,0.0,Insufficient history (2.0 vends/60d); Dormant (Last vend 47.0 days ago)
user_04257,41.7,D,1.0,12.0,1776.5,REJECTED,0.0,Low Score (Band D)
user_04258,40.6,D,2.0,4.0,1500.0,REJECTED,0.0,Insufficient history (4.0 vends/60d)
user_04259,45.4,D,4.0,10.0,2000.0,REJECTED,0.0,Low Score (Band D)
user_04260,46.5,D,2.0,8.0,2000.0,REJECTED,0.0,Low Score (Band D)
user_04261,36.0,D,4.0,7.0,1750.0,REJECTED,0.0,Low Score (Band D)
user_04262,42.3,D,8.0,10.0,2000.0,REJECTED,0.0,Low Score (Band D)
user_04263,44.8,D,0.0,13.0,1500.0,REJECTED,0.0,Low Score (Band D)
user_04264,67.5,B,4.0,6.0,50000.0,APPROVED,7500.0,Eligible
user_04265,35.3,D,0.0,4.0,1500.0,REJECTED,0.0,Insufficient history (4.0 vends/60d)
user_04266,46.7,D,0.0,8.0,2000.0,REJECTED,0.0,Low Score (Band D)
user_04267,62.4,C,4.0,2.0,50000.0,REJECTED,0.0,Insufficient history (2.0 vends/60d)
user_04268,44.1,D,1.0,4.0,2567.5,REJECTED,0.0,Insufficient history (4.0 vends/60d)
user_04269,43.7,D,0.0,5.0,2000.0,REJECTED,0.0,Insufficient history (5.0 vends/60d)
user_04270,43.7,D,1.0,8.0,2000.0,REJECTED,0.0,Low Score (Band D)
user_04271,44.5,D,0.0,7.0,1500.0,REJECTED,0.0,Low Score (Band D)
user_04272,44.5,D,3.0,4.0,2000.0,REJECTED,0.0,Insufficient history (4.0 vends/60d)
user_04273,38.4,D,2.0,9.0,2000.0,REJECTED,0.0,Low Score (Band D)
user_04274,44.0,D,1.0,8.0,2000.0,REJECTED,0.0,Low Score (Band D)
user_04275,54.2,C,3.0,6.0,3000.0,REJECTED,0.0,Calculated limit (1500.0) below min threshold
user_04276,36.9,D,8.0,8.0,1250.0,REJECTED,0.0,Low Score (Band D)
user_04277,43.1,D,4.0,9.0,2000.0,REJECTED,0.0,Low Score (Band D)
user_04278,34.7,D,1.0,5.0,1750.0,REJECTED,0.0,Insufficient history (5.0 vends/60d)
user_04279,44.9,D,6.0,7.0,2000.0,REJECTED,0.0,Low Score (Band D)
user_04280,73.1,B,11.0,9.0,191792.0,APPROVED,7500.0,Eligible
user_04281,72.4,B,5.0,11.0,66000.0,APPROVED,7500.0,Eligible
user_04282,45.1,D,0.0,7.0,2000.0,REJECTED,0.0,Low Score (Band D)
user_04283,44.9,D,5.0,9.0,1909.0,REJECTED,0.0,Low Score (Band D)
user_04284,72.1,B,2.0,6.0,200000.0,APPROVED,7500.0,Eligible
user_04285,35.1,D,1.0,1.0,1500.0,REJECTED,0.0,Insufficient history (1.0 vends/60d)
user_04286,36.7,D,0.0,6.0,2000.0,REJECTED,0.0,Low Score (Band D)
user_04287,74.0,B,13.0,7.0,180000.0,APPROVED,7500.0,Eligible
user_04288,46.3,D,3.0,12.0,2000.0,REJECTED,0.0,Low Score (Band D)
user_04289,36.6,D,0.0,6.0,2000.0,REJECTED,0.0,Low Score (Band D)
user_04290,37.3,D,27.0,3.0,2000.0,REJECTED,0.0,Insufficient history (3.0 vends/60d)
user_04291,44.8,D,5.0,9.0,2000.0,REJECTED,0.0,Low Score (Band D)
user_04292,71.7,B,12.0,10.0,50000.0,APPROVED,7500.0,Eligible
user_04293,68.9,B,22.0,6.0,192250.5,APPROVED,7500.0,Eligible
user_04294,70.3,B,12.0,3.0,60000.0,REJECTED,0.0,Insufficient history (3.0 vends/60d)
user_04295,40.0,D,4.0,6.0,2000.0,REJECTED,0.0,Low Score (Band D)
user_04296,68.0,B,17.0,2.0,54500.0,REJECTED,0.0,Insufficient history (2.0 vends/60d)
user_04297,71.8,B,1.0,8.0,52000.0,APPROVED,7500.0,Eligible
user_04298,40.3,D,2.0,6.0,2000.0,REJECTED,0.0,Low Score (Band D)
user_04299,46.4,D,2.0,11.0,2000.0,REJECTED,0.0,Low Score (Band D)
user_04300,44.4,D,0.0,8.0,2000.0,REJECTED,0.0,Low Score (Band D)
user_04301,40.7,D,0.0,6.0,2000.0,REJECTED,0.0,Low Score (Band D)
user_04302,34.9,D,31.0,1.0,1750.0,REJECTED,0.0,Insufficient history (1.0 vends/60d); Dormant (Last vend 31.0 days ago)
user_04303,66.1,B,0.0,3.0,150000.0,REJECTED,0.0,Insufficient history (3.0 vends/60d)
user_04304,38.8,D,2.0,4.0,2000.0,REJECTED,0.0,Insufficient history (4.0 vends/60d)
user_04305,41.2,D,14.0,2.0,2250.0,REJECTED,0.0,Insufficient history (2.0 vends/60d)
user_04306,44.3,D,1.0,10.0,1875.0,REJECTED,0.0,Low Score (Band D)
user_04307,40.7,D,0.0,12.0,1013.0,REJECTED,0.0,Low Score (Band D)
user_04308,41.6,D,0.0,15.0,1500.0,REJECTED,0.0,Low Score (Band D)
user_04309,42.9,D,0.0,4.0,1544.0,REJECTED,0.0,Insufficient history (4.0 vends/60d)
user_04310,42.1,D,1.0,4.0,2000.0,REJECTED,0.0,Insufficient history (4.0 vends/60d)
user_04311,43.4,D,1.0,11.0,1500.0,REJECTED,0.0,Low Score (Band D)
user_04312,47.5,D,0.0,11.0,2000.0,REJECTED,0.0,Low Score (Band D)
user_04313,41.7,D,6.0,16.0,1500.0,REJECTED,0.0,Low Score (Band D)
user_04314,43.5,D,1.0,13.0,2000.0,REJECTED,0.0,Low Score (Band D)
user_04315,35.4,D,0.0,7.0,1469.0,REJECTED,0.0,Low Score (Band D)
user_04316,63.6,C,1.0,1.0,45000.0,REJECTED,0.0,Insufficient history (1.0 vends/60d)
user_04317,49.6,D,0.0,10.0,2000.0,REJECTED,0.0,Low Score (Band D)
user_04318,31.5,D,4.0,2.0,1500.0,REJECTED,0.0,Insufficient history (2.0 vends/60d)
user_04319,41.6,D,11.0,4.0,2250.0,REJECTED,0.0,Insufficient history (4.0 vends/60d)
user_04320,47.1,D,0.0,8.0,2500.0,REJECTED,0.0,Low Score (Band D)
user_04321,38.7,D,25.0,2.0,2000.0,REJECTED,0.0,Insufficient history (2.0 vends/60d)
user_04322,67.8,B,17.0,5.0,37000.0,REJECTED,0.0,Insufficient history (5.0 vends/60d)
user_04323,39.4,D,47.0,2.0,2500.0,REJECTED,0.0,Insufficient history (2.0 vends/60d); Dormant (Last vend 47.0 days ago)
user_04324,43.9,D,0.0,9.0,1866.5,REJECTED,0.0,Low Score (Band D)
user_04325,36.4,D,14.0,7.0,2000.0,REJECTED,0.0,Low Score (Band D)
user_04326,67.3,B,4.0,4.0,53000.0,REJECTED,0.0,Insufficient history (4.0 vends/60d)
user_04327,47.4,D,5.0,2.0,3750.0,REJECTED,0.0,Insufficient history (2.0 vends/60d)
user_04328,32.1,D,2.0,4.0,1500.0,REJECTED,0.0,Insufficient history (4.0 vends/60d)
user_04329,76.6,B,0.0,7.0,63000.0,APPROVED,7500.0,Eligible
user_04330,72.4,B,0.0,3.0,64000.0,REJECTED,0.0,Insufficient history (3.0 vends/60d)
user_04331,41.8,D,0.0,10.0,1750.0,REJECTED,0.0,Low Score (Band D)
user_04332,45.2,D,3.0,6.0,1890.0,REJECTED,0.0,Low Score (Band D)
user_04333,44.6,D,2.0,12.0,2000.0,REJECTED,0.0,Low Score (Band D)
user_04334,42.4,D,0.0,11.0,2000.0,REJECTED,0.0,Low Score (Band D)
user_04335,42.9,D,0.0,5.0,2000.0,REJECTED,0.0,Insufficient history (5.0 vends/60d)
user_04336,45.0,D,21.0,5.0,2000.0,REJECTED,0.0,Insufficient history (5.0 vends/60d)
user_04337,41.4,D,0.0,5.0,1500.0,REJECTED,0.0,Insufficient history (5.0 vends/60d)
user_04338,40.7,D,2.0,8.0,2000.0,REJECTED,0.0,Low Score (Band D)
user_04339,35.2,D,5.0,4.0,1866.5,REJECTED,0.0,Insufficient history (4.0 vends/60d)
user_04340,68.1,B,12.0,10.0,46500.0,APPROVED,7500.0,Eligible
user_04341,51.2,C,5.0,7.0,2000.0,REJECTED,0.0,Calculated limit (1000.0) below min threshold
user_04342,34.8,D,0.0,4.0,1500.0,REJECTED,0.0,Insufficient history (4.0 vends/60d)
user_04343,46.5,D,0.0,6.0,2000.0,REJECTED,0.0,Low Score (Band D)
user_04344,46.4,D,2.0,7.0,2000.0,REJECTED,0.0,Low Score (Band D)
user_04345,68.3,B,1.0,5.0,79500.0,REJECTED,0.0,Insufficient history (5.0 vends/60d)
user_04346,49.2,D,2.0,12.0,2000.0,REJECTED,0.0,Low Score (Band D)
user_04347,45.1,D,3.0,9.0,2000.0,REJECTED,0.0,Low Score (Band D)
user_04348,43.0,D,12.0,9.0,2000.0,REJECTED,0.0,Low Score (Band D)
user_04349,36.1,D,2.0,4.0,2000.0,REJECTED,0.0,Insufficient history (4.0 vends/60d)
user_04350,74.9,B,0.0,13.0,63500.0,APPROVED,7500.0,Eligible
user_04351,49.7,D,1.0,4.0,2500.0,REJECTED,0.0,Insufficient history (4.0 vends/60d)
user_04352,67.3,B,5.0,6.0,68000.0,APPROVED,7500.0,Eligible
user_04353,44.0,D,0.0,8.0,2000.0,REJECTED,0.0,Low Score (Band D)
user_04354,41.0,D,2.0,11.0,1796.5,REJECTED,0.0,Low Score (Band D)
user_04355,43.5,D,12.0,7.0,2000.0,REJECTED,0.0,Low Score (Band D)
user_04356,38.5,D,1.0,7.0,2020.0,REJECTED,0.0,Low Score (Band D)
user_04357,42.9,D,9.0,14.0,2000.0,REJECTED,0.0,Low Score (Band D)
user_04358,48.2,D,4.0,17.0,1750.0,REJECTED,0.0,Low Score (Band D)
user_04359,69.1,B,32.0,3.0,70000.0,REJECTED,0.0,Insufficient history (3.0 vends/60d); Dormant (Last vend 32.0 days ago)
user_04360,46.5,D,12.0,11.0,2000.0,REJECTED,0.0,Low Score (Band D)
user_04361,49.6,D,0.0,11.0,2000.0,REJECTED,0.0,Low Score (Band D)
user_04362,45.3,D,3.0,7.0,2000.0,REJECTED,0.0,Low Score (Band D)
user_04363,41.8,D,1.0,4.0,2000.0,REJECTED,0.0,Insufficient history (4.0 vends/60d)
user_04364,38.0,D,2.0,7.0,2000.0,REJECTED,0.0,Low Score (Band D)
user_04365,49.8,D,0.0,8.0,2000.0,REJECTED,0.0,Low Score (Band D)
user_04366,46.0,D,4.0,6.0,2000.0,REJECTED,0.0,Low Score (Band D)
user_04367,42.7,D,3.0,8.0,2000.0,REJECTED,0.0,Low Score (Band D)
user_04368,46.1,D,3.0,11.0,2250.0,REJECTED,0.0,Low Score (Band D)
user_04369,40.1,D,1.0,4.0,2000.0,REJECTED,0.0,Insufficient history (4.0 vends/60d)
user_04370,41.7,D,0.0,7.0,2000.0,REJECTED,0.0,Low Score (Band D)
user_04371,72.8,B,1.0,12.0,150000.0,APPROVED,7500.0,Eligible
user_04372,41.0,D,1.0,6.0,1500.0,REJECTED,0.0,Low Score (Band D)
user_04373,54.3,C,0.0,9.0,2670.0,REJECTED,0.0,Calculated limit (1335.0) below min threshold
user_04374,64.0,C,5.0,1.0,64000.0,REJECTED,0.0,Insufficient history (1.0 vends/60d)
user_04375,45.0,D,2.0,9.0,2000.0,REJECTED,0.0,Low Score (Band D)
user_04376,43.1,D,0.0,10.0,2000.0,REJECTED,0.0,Low Score (Band D)
user_04377,44.6,D,0.0,9.0,1500.0,REJECTED,0.0,Low Score (Band D)
user_04378,43.6,D,3.0,9.0,2000.0,REJECTED,0.0,Low Score (Band D)
user_04379,41.8,D,3.0,8.0,1500.0,REJECTED,0.0,Low Score (Band D)
user_04380,74.7,B,0.0,13.0,65000.0,APPROVED,7500.0,Eligible
user_04381,74.9,B,0.0,16.0,180000.0,APPROVED,7500.0,Eligible
user_04382,39.8,D,3.0,3.0,2000.0,REJECTED,0.0,Insufficient history (3.0 vends/60d)
user_04383,41.5,D,2.0,10.0,1500.0,REJECTED,0.0,Low Score (Band D)
user_04384,45.6,D,5.0,6.0,2000.0,REJECTED,0.0,Low Score (Band D)
user_04385,45.1,D,3.0,9.0,2000.0,REJECTED,0.0,Low Score (Band D)
user_04386,37.4,D,6.0,4.0,2000.0,REJECTED,0.0,Insufficient history (4.0 vends/60d)
user_04387,47.9,D,2.0,2.0,2783.0,REJECTED,0.0,Insufficient history (2.0 vends/60d)
user_04388,40.1,D,17.0,1.0,2447.0,REJECTED,0.0,Insufficient history (1.0 vends/60d)
user_04389,64.7,C,1.0,5.0,50000.0,REJECTED,0.0,Insufficient history (5.0 vends/60d)
user_04390,39.6,D,1.0,2.0,2000.0,REJECTED,0.0,Insufficient history (2.0 vends/60d)
user_04391,39.6,D,0.0,7.0,1500.0,REJECTED,0.0,Low Score (Band D)
user_04392,35.8,D,81.0,0.0,2000.0,REJECTED,0.0,Insufficient history (0.0 vends/60d); Dormant (Last vend 81.0 days ago)
user_04393,71.1,B,1.0,11.0,50000.0,APPROVED,7500.0,Eligible
user_04394,47.5,D,5.0,2.0,1750.0,REJECTED,0.0,Insufficient history (2.0 vends/60d)
user_04395,43.9,D,0.0,8.0,1500.0,REJECTED,0.0,Low Score (Band D)
user_04396,33.9,D,33.0,3.0,2000.0,REJECTED,0.0,Insufficient history (3.0 vends/60d); Dormant (Last vend 33.0 days ago)
user_04397,69.3,B,1.0,7.0,58500.0,APPROVED,7500.0,Eligible
user_04398,38.5,D,8.0,8.0,1750.0,REJECTED,0.0,Low Score (Band D)
user_04399,75.7,B,6.0,13.0,54000.0,APPROVED,7500.0,Eligible
user_04400,45.0,D,0.0,10.0,2000.0,REJECTED,0.0,Low Score (Band D)
user_04401,41.5,D,4.0,8.0,2000.0,REJECTED,0.0,Low Score (Band D)
user_04402,44.5,D,37.0,1.0,3750.0,REJECTED,0.0,Insufficient history (1.0 vends/60d); Dormant (Last vend 37.0 days ago)
user_04403,45.7,D,0.0,11.0,2000.0,REJECTED,0.0,Low Score (Band D)
user_04404,39.1,D,7.0,7.0,2000.0,REJECTED,0.0,Low Score (Band D)
user_04405,39.0,D,4.0,7.0,1500.0,REJECTED,0.0,Low Score (Band D)
user_04406,36.6,D,2.0,3.0,1500.0,REJECTED,0.0,Insufficient history (3.0 vends/60d)
user_04407,44.1,D,5.0,9.0,1632.0,REJECTED,0.0,Low Score (Band D)
user_04408,44.3,D,36.0,1.0,2875.0,REJECTED,0.0,Insufficient history (1.0 vends/60d); Dormant (Last vend 36.0 days ago)
user_04409,42.4,D,6.0,4.0,2105.0,REJECTED,0.0,Insufficient history (4.0 vends/60d)
user_04410,70.4,B,4.0,10.0,50000.0,APPROVED,7500.0,Eligible
user_04411,62.4,C,4.0,1.0,40000.0,REJECTED,0.0,Insufficient history (1.0 vends/60d)
user_04412,41.4,D,2.0,8.0,1750.0,REJECTED,0.0,Low Score (Band D)
user_04413,44.1,D,2.0,7.0,2000.0,REJECTED,0.0,Low Score (Band D)
user_04414,31.5,D,35.0,1.0,1682.5,REJECTED,0.0,Insufficient history (1.0 vends/60d); Dormant (Last vend 35.0 days ago)
user_04415,43.7,D,4.0,8.0,2000.0,REJECTED,0.0,Low Score (Band D)
user_04416,49.7,D,2.0,7.0,3000.0,REJECTED,0.0,Low Score (Band D)
user_04417,41.6,D,36.0,3.0,1750.0,REJECTED,0.0,Insufficient history (3.0 vends/60d); Dormant (Last vend 36.0 days ago)
user_04418,39.2,D,0.0,8.0,2000.0,REJECTED,0.0,Low Score (Band D)
user_04419,39.3,D,20.0,2.0,1500.0,REJECTED,0.0,Insufficient history (2.0 vends/60d)
user_04420,31.7,D,5.0,2.0,1626.0,REJECTED,0.0,Insufficient history (2.0 vends/60d)
user_04421,39.2,D,4.0,3.0,2000.0,REJECTED,0.0,Insufficient history (3.0 vends/60d)
user_04422,40.8,D,4.0,5.0,1750.0,REJECTED,0.0,Insufficient history (5.0 vends/60d)
user_04423,38.9,D,5.0,6.0,2345.0,REJECTED,0.0,Low Score (Band D)
user_04424,72.9,B,4.0,9.0,180000.0,APPROVED,7500.0,Eligible
user_04425,69.9,B,1.0,8.0,53000.0,APPROVED,7500.0,Eligible
user_04426,47.8,D,2.0,5.0,3000.0,REJECTED,0.0,Insufficient history (5.0 vends/60d)
user_04427,45.2,D,30.0,1.0,2500.0,REJECTED,0.0,Insufficient history (1.0 vends/60d)
user_04428,44.7,D,10.0,6.0,2000.0,REJECTED,0.0,Low Score (Band D)
user_04429,45.9,D,2.0,7.0,2000.0,REJECTED,0.0,Low Score (Band D)
user_04430,45.7,D,3.0,7.0,1782.5,REJECTED,0.0,Low Score (Band D)
user_04431,34.5,D,10.0,3.0,1875.0,REJECTED,0.0,Insufficient history (3.0 vends/60d)
user_04432,44.8,D,4.0,8.0,2000.0,REJECTED,0.0,Low Score (Band D)
user_04433,34.2,D,0.0,3.0,2000.0,REJECTED,0.0,Insufficient history (3.0 vends/60d)
user_04434,42.1,D,0.0,13.0,1625.0,REJECTED,0.0,Low Score (Band D)
user_04435,45.4,D,0.0,5.0,1875.0,REJECTED,0.0,Insufficient history (5.0 vends/60d)
user_04436,71.8,B,7.0,8.0,74500.0,APPROVED,7500.0,Eligible
user_04437,31.5,D,20.0,2.0,1500.0,REJECTED,0.0,Insufficient history (2.0 vends/60d)
user_04438,73.1,B,2.0,8.0,56000.0,APPROVED,7500.0,Eligible
user_04439,32.0,D,2.0,2.0,1349.5,REJECTED,0.0,Insufficient history (2.0 vends/60d)
user_04440,45.4,D,3.0,4.0,1500.0,REJECTED,0.0,Insufficient history (4.0 vends/60d)
user_04441,35.7,D,2.0,5.0,1625.0,REJECTED,0.0,Insufficient history (5.0 vends/60d)
user_04442,66.2,B,11.0,6.0,46000.0,APPROVED,7500.0,Eligible
user_04443,33.0,D,1.0,2.0,1875.0,REJECTED,0.0,Insufficient history (2.0 vends/60d)
user_04444,35.8,D,27.0,2.0,2000.0,REJECTED,0.0,Insufficient history (2.0 vends/60d)
user_04445,50.9,C,12.0,7.0,1875.0,REJECTED,0.0,Calculated limit (937.5) below min threshold
user_04446,43.8,D,1.0,5.0,1500.0,REJECTED,0.0,Insufficient history (5.0 vends/60d)
user_04447,37.8,D,1.0,8.0,1931.0,REJECTED,0.0,Low Score (Band D)
user_04448,44.7,D,5.0,11.0,2000.0,REJECTED,0.0,Low Score (Band D)
user_04449,37.0,D,33.0,1.0,2000.0,REJECTED,0.0,Insufficient history (1.0 vends/60d); Dormant (Last vend 33.0 days ago)
user_04450,46.6,D,2.0,9.0,2000.0,REJECTED,0.0,Low Score (Band D)
user_04451,42.5,D,1.0,10.0,2000.0,REJECTED,0.0,Low Score (Band D)
user_04452,48.9,D,8.0,12.0,2000.0,REJECTED,0.0,Low Score (Band D)
user_04453,47.4,D,0.0,12.0,1979.0,REJECTED,0.0,Low Score (Band D)
user_04454,44.2,D,0.0,4.0,2277.5,REJECTED,0.0,Insufficient history (4.0 vends/60d)
user_04455,38.0,D,0.0,2.0,1375.0,REJECTED,0.0,Insufficient history (2.0 vends/60d)
user_04456,37.4,D,4.0,3.0,2000.0,REJECTED,0.0,Insufficient history (3.0 vends/60d)
user_04457,48.7,D,3.0,9.0,1812.5,REJECTED,0.0,Low Score (Band D)
user_04458,44.6,D,5.0,6.0,2000.0,REJECTED,0.0,Low Score (Band D)
user_04459,64.2,C,0.0,5.0,49500.0,REJECTED,0.0,Insufficient history (5.0 vends/60d)
user_04460,64.7,C,11.0,1.0,50000.0,REJECTED,0.0,Insufficient history (1.0 vends/60d)
user_04461,46.7,D,3.0,9.0,2000.0,REJECTED,0.0,Low Score (Band D)
user_04462,71.1,B,19.0,7.0,74000.0,APPROVED,7500.0,Eligible
user_04463,50.7,C,3.0,12.0,2000.0,REJECTED,0.0,Calculated limit (1000.0) below min threshold
user_04464,40.3,D,3.0,4.0,2000.0,REJECTED,0.0,Insufficient history (4.0 vends/60d)
user_04465,44.0,D,0.0,6.0,2000.0,REJECTED,0.0,Low Score (Band D)
user_04466,44.5,D,1.0,5.0,2000.0,REJECTED,0.0,Insufficient history (5.0 vends/60d)
user_04467,44.4,D,4.0,10.0,2000.0,REJECTED,0.0,Low Score (Band D)
user_04468,43.3,D,2.0,13.0,1750.0,REJECTED,0.0,Low Score (Band D)
user_04469,38.1,D,5.0,7.0,1750.0,REJECTED,0.0,Low Score (Band D)
user_04470,70.3,B,5.0,12.0,41000.0,APPROVED,7500.0,Eligible
user_04471,37.4,D,0.0,10.0,1500.0,REJECTED,0.0,Low Score (Band D)
user_04472,41.1,D,5.0,5.0,1813.0,REJECTED,0.0,Insufficient history (5.0 vends/60d)
user_04473,41.9,D,2.0,10.0,1500.0,REJECTED,0.0,Low Score (Band D)
user_04474,68.6,B,1.0,7.0,54500.0,APPROVED,7500.0,Eligible
user_04475,38.6,D,0.0,10.0,1750.0,REJECTED,0.0,Low Score (Band D)
user_04476,37.4,D,32.0,1.0,1991.0,REJECTED,0.0,Insufficient history (1.0 vends/60d); Dormant (Last vend 32.0 days ago)
user_04477,69.4,B,1.0,8.0,53500.0,APPROVED,7500.0,Eligible
user_04478,36.2,D,2.0,4.0,2179.0,REJECTED,0.0,Insufficient history (4.0 vends/60d)
user_04479,58.4,C,3.0,4.0,5000.0,REJECTED,0.0,Insufficient history (4.0 vends/60d)
user_04480,42.9,D,3.0,8.0,2000.0,REJECTED,0.0,Low Score (Band D)
user_04481,71.8,B,3.0,10.0,71000.0,APPROVED,7500.0,Eligible
user_04482,31.2,D,20.0,2.0,1625.0,REJECTED,0.0,Insufficient history (2.0 vends/60d)
user_04483,46.6,D,2.0,11.0,2000.0,REJECTED,0.0,Low Score (Band D)
user_04484,34.1,D,22.0,1.0,2000.0,REJECTED,0.0,Insufficient history (1.0 vends/60d)
user_04485,43.3,D,4.0,6.0,2000.0,REJECTED,0.0,Low Score (Band D)
user_04486,49.1,D,4.0,8.0,2250.0,REJECTED,0.0,Low Score (Band D)
user_04487,44.9,D,1.0,13.0,1875.0,REJECTED,0.0,Low Score (Band D)
user_04488,42.0,D,3.0,3.0,2000.0,REJECTED,0.0,Insufficient history (3.0 vends/60d)
user_04489,45.8,D,5.0,8.0,2000.0,REJECTED,0.0,Low Score (Band D)
user_04490,41.7,D,1.0,9.0,2000.0,REJECTED,0.0,Low Score (Band D)
user_04491,35.6,D,4.0,9.0,1500.0,REJECTED,0.0,Low Score (Band D)
user_04492,66.5,B,1.0,6.0,59000.0,APPROVED,7500.0,Eligible
user_04493,31.7,D,42.0,1.0,1750.0,REJECTED,0.0,Insufficient history (1.0 vends/60d); Dormant (Last vend 42.0 days ago)
user_04494,34.1,D,8.0,3.0,2000.0,REJECTED,0.0,Insufficient history (3.0 vends/60d)
user_04495,40.7,D,0.0,2.0,2875.0,REJECTED,0.0,Insufficient history (2.0 vends/60d)
user_04496,68.2,B,26.0,1.0,151707.0,REJECTED,0.0,Insufficient history (1.0 vends/60d)
user_04497,42.5,D,12.0,5.0,2000.0,REJECTED,0.0,Insufficient history (5.0 vends/60d)
user_04498,43.9,D,4.0,8.0,1919.0,REJECTED,0.0,Low Score (Band D)
user_04499,32.3,D,0.0,3.0,1430.0,REJECTED,0.0,Insufficient history (3.0 vends/60d)
user_04500,50.8,C,1.0,13.0,2000.0,REJECTED,0.0,Calculated limit (1000.0) below min threshold
