Meter No,Score,Band,Recency,Vends_60d,Failure_Rate,Median_Spend,Decision_A_Conservative,Amount_A_Conservative,Reason_A_Conservative,Decision_B_Moderate,Amount_B_Moderate,Reason_B_Moderate,Decision_C_Aggressive,Amount_C_Aggressive,Reason_C_Aggressive
0,40.3,D,0,3,0.04,2398.5,REJECTED,0.0,< 6 vends,REJECTED,0.0,< 4 vends,REJECTED,0.0,Eligible
1,42.5,D,4,2,0.12,2000.0,REJECTED,0.0,< 6 vends,REJECTED,0.0,< 4 vends,REJECTED,0.0,< 3 vends
2,48.0,D,3,8,0.0,2000.0,REJECTED,0.0,Eligible,REJECTED,0.0,Eligible,REJECTED,0.0,Eligible
3,73.3,B,11,9,0.02,57500.0,APPROVED,7500.0,Eligible,APPROVED,20000.0,Eligible,APPROVED,20000.0,Eligible
4,74.4,B,1,9,0.08,180000.0,APPROVED,7500.0,Eligible,APPROVED,20000.0,Eligible,APPROVED,20000.0,Eligible
5,48.1,D,5,10,0.02,2000.0,REJECTED,0.0,Eligible,REJECTED,0.0,Eligible,REJECTED,0.0,Eligible
6,38.9,D,1,7,0.16,1750.0,REJECTED,0.0,Eligible,REJECTED,0.0,Eligible,REJECTED,0.0,Eligible
7,48.9,D,13,4,0.03,2000.0,REJECTED,0.0,< 6 vends,REJECTED,0.0,Eligible,REJECTED,0.0,Eligible
8,48.9,D,0,9,0.05,2000.0,REJECTED,0.0,Eligible,REJECTED,0.0,Eligible,REJECTED,0.0,Eligible
9,70.4,B,1,7,0.03,58000.0,APPROVED,7500.0,Eligible,APPROVED,20000.0,Eligible,APPROVED,20000.0,Eligible
10,39.5,D,2,7,0.12,1500.0,REJECTED,0.0,Eligible,REJECTED,0.0,Eligible,REJECTED,0.0,Eligible
11,66.3,B,4,4,0.21,51000.0,REJECTED,0.0,< 6 vends; High Failure Rate (21%),APPROVED,20000.0,Eligible,APPROVED,20000.0,Eligible
12,42.8,D,3,9,0.0,2500.0,REJECTED,0.0,Eligible,REJECTED,0.0,Eligible,REJECTED,0.0,Eligible
13,48.0,D,32,1,0.08,3000.0,REJECTED,0.0,< 6 vends; > 30 days dormant,REJECTED,0.0,< 4 vends,REJECTED,0.0,< 3 vends
14,41.8,D,3,7,0.04,1500.0,REJECTED,0.0,Eligible,REJECTED,0.0,Eligible,REJECTED,0.0,Eligible
15,51.5,C,3,17,0.04,2554.0,REJECTED,0.0,Below Min Loan Size,REJECTED,0.0,Below Min Loan Size,REJECTED,0.0,Below Min Loan Size
16,36.7,D,0,5,0.0,1750.0,REJECTED,0.0,< 6 vends,REJECTED,0.0,Eligible,REJECTED,0.0,Eligible
17,35.7,D,2,3,0.0,1750.0,REJECTED,0.0,< 6 vends,REJECTED,0.0,< 4 vends,REJECTED,0.0,Eligible
18,42.2,D,5,5,0.04,2000.0,REJECTED,0.0,< 6 vends,REJECTED,0.0,Eligible,REJECTED,0.0,Eligible
19,37.7,D,2,7,0.17,2000.0,REJECTED,0.0,Eligible,REJECTED,0.0,Eligible,REJECTED,0.0,Eligible
20,37.3,D,17,3,0.13,1725.0,REJECTED,0.0,< 6 vends,REJECTED,0.0,< 4 vends,REJECTED,0.0,Eligible
21,39.7,D,5,7,0.05,1500.0,REJECTED,0.0,Eligible,REJECTED,0.0,Eligible,REJECTED,0.0,Eligible
22,43.3,D,3,7,0.04,2000.0,REJECTED,0.0,Eligible,REJECTED,0.0,Eligible,REJECTED,0.0,Eligible
23,43.3,D,2,7,0.0,2000.0,REJECTED,0.0,Eligible,REJECTED,0.0,Eligible,REJECTED,0.0,Eligible
24,36.2,D,2,6,0.03,1500.0,REJECTED,0.0,Eligible,REJECTED,0.0,Eligible,REJECTED,0.0,Eligible
25,45.2,D,8,7,0.12,2500.0,REJECTED,0.0,Eligible,REJECTED,0.0,Eligible,REJECTED,0.0,Eligible
26,45.2,D,0,9,0.0,1924.0,REJECTED,0.0,Eligible,REJECTED,0.0,Eligible,REJECTED,0.0,Eligible
27,45.7,D,1,13,0.02,1825.0,REJECTED,0.0,Eligible,REJECTED,0.0,Eligible,REJECTED,0.0,Eligible
28,34.8,D,5,4,0.17,1500.0,REJECTED,0.0,< 6 vends,REJECTED,0.0,Eligible,REJECTED,0.0,Eligible
29,45.9,D,2,5,0.04,2000.0,REJECTED,0.0,< 6 vends,REJECTED,0.0,Eligible,REJECTED,0.0,Eligible
30,40.5,D,5,4,0.03,2000.0,REJECTED,0.0,< 6 vends,REJECTED,0.0,Eligible,REJECTED,0.0,Eligible
31,42.8,D,3,13,0.1,1859.0,REJECTED,0.0,Eligible,REJECTED,0.0,Eligible,REJECTED,0.0,Eligible
32,40.8,D,1,6,0.08,2000.0,REJECTED,0.0,Eligible,REJECTED,0.0,Eligible,REJECTED,0.0,Eligible
33,45.8,D,1,10,0.02,2000.0,REJECTED,0.0,Eligible,REJECTED,0.0,Eligible,REJECTED,0.0,Eligible
34,36.0,D,3,5,0.0,2000.0,REJECTED,0.0,< 6 vends,REJECTED,0.0,Eligible,REJECTED,0.0,Eligible
35,69.5,B,0,5,0.07,180000.0,REJECTED,0.0,< 6 vends,APPROVED,20000.0,Eligible,APPROVED,20000.0,Eligible
36,70.9,B,0,11,0.05,62000.0,APPROVED,7500.0,Eligible,APPROVED,20000.0,Eligible,APPROVED,20000.0,Eligible
37,41.2,D,5,3,0.13,2500.0,REJECTED,0.0,< 6 vends,REJECTED,0.0,< 4 vends,REJECTED,0.0,Eligible
38,42.3,D,1,10,0.0,2000.0,REJECTED,0.0,Eligible,REJECTED,0.0,Eligible,REJECTED,0.0,Eligible
39,64.9,C,11,4,0.13,54000.0,REJECTED,0.0,< 6 vends,APPROVED,20000.0,Eligible,APPROVED,20000.0,Eligible
40,46.6,D,3,7,0.02,2500.0,REJECTED,0.0,Eligible,REJECTED,0.0,Eligible,REJECTED,0.0,Eligible
41,42.3,D,1,7,0.03,2000.0,REJECTED,0.0,Eligible,REJECTED,0.0,Eligible,REJECTED,0.0,Eligible
42,42.9,D,3,7,0.04,1500.0,REJECTED,0.0,Eligible,REJECTED,0.0,Eligible,REJECTED,0.0,Eligible
43,73.0,B,10,8,0.06,51000.0,APPROVED,7500.0,Eligible,APPROVED,20000.0,Eligible,APPROVED,20000.0,Eligible
44,48.6,D,6,11,0.05,1776.5,REJECTED,0.0,Eligible,REJECTED,0.0,Eligible,REJECTED,0.0,Eligible
45,36.8,D,20,3,0.07,2437.5,REJECTED,0.0,< 6 vends,REJECTED,0.0,< 4 vends,REJECTED,0.0,Eligible
46,73.4,B,2,12,0.08,53000.0,APPROVED,7500.0,Eligible,APPROVED,20000.0,Eligible,APPROVED,20000.0,Eligible
47,66.2,B,4,6,0.09,51000.0,APPROVED,7500.0,Eligible,APPROVED,20000.0,Eligible,APPROVED,20000.0,Eligible
48,38.4,D,5,7,0.09,1691.0,REJECTED,0.0,Eligible,REJECTED,0.0,Eligible,REJECTED,0.0,Eligible
49,45.9,D,14,4,0.02,2000.0,REJECTED,0.0,< 6 vends,REJECTED,0.0,Eligible,REJECTED,0.0,Eligible
50,49.7,D,26,7,0.13,2000.0,REJECTED,0.0,Eligible,REJECTED,0.0,Eligible,REJECTED,0.0,Eligible
51,42.4,D,5,10,0.07,2000.0,REJECTED,0.0,Eligible,REJECTED,0.0,Eligible,REJECTED,0.0,Eligible
52,44.0,D,0,12,0.02,1812.5,REJECTED,0.0,Eligible,REJECTED,0.0,Eligible,REJECTED,0.0,Eligible
53,48.2,D,4,9,0.03,1937.5,REJECTED,0.0,Eligible,REJECTED,0.0,Eligible,REJECTED,0.0,Eligible
54,40.7,D,3,12,0.03,1750.0,REJECTED,0.0,Eligible,REJECTED,0.0,Eligible,REJECTED,0.0,Eligible
55,75.3,B,1,7,0.02,180000.0,APPROVED,7500.0,Eligible,APPROVED,20000.0,Eligible,APPROVED,20000.0,Eligible
56,45.0,D,2,6,0.24,3000.0,REJECTED,0.0,High Failure Rate (24%),REJECTED,0.0,Eligible,REJECTED,0.0,Eligible
57,49.4,D,3,9,0.05,2250.0,REJECTED,0.0,Eligible,REJECTED,0.0,Eligible,REJECTED,0.0,Eligible
58,46.0,D,5,11,0.04,2000.0,REJECTED,0.0,Eligible,REJECTED,0.0,Eligible,REJECTED,0.0,Eligible
59,39.3,D,0,9,0.11,1500.0,REJECTED,0.0,Eligible,REJECTED,0.0,Eligible,REJECTED,0.0,Eligible
60,48.0,D,108,0,0.08,2000.0,REJECTED,0.0,< 6 vends; > 30 days dormant,REJECTED,0.0,< 4 vends; > 45 days dormant,REJECTED,0.0,< 3 vends; > 60 days dormant
61,44.6,D,12,9,0.07,2000.0,REJECTED,0.0,Eligible,REJECTED,0.0,Eligible,REJECTED,0.0,Eligible
62,50.3,C,0,15,0.06,2000.0,REJECTED,0.0,Below Min Loan Size,REJECTED,0.0,Below Min Loan Size,REJECTED,0.0,Below Min Loan Size
63,40.9,D,7,8,0.05,2000.0,REJECTED,0.0,Eligible,REJECTED,0.0,Eligible,REJECTED,0.0,Eligible
64,45.7,D,4,11,0.04,2000.0,REJECTED,0.0,Eligible,REJECTED,0.0,Eligible,REJECTED,0.0,Eligible
65,30.8,D,0,2,0.17,1500.0,REJECTED,0.0,< 6 vends,REJECTED,0.0,< 4 vends,REJECTED,0.0,< 3 vends
66,43.6,D,10,5,0.13,2000.0,REJECTED,0.0,< 6 vends,REJECTED,0.0,Eligible,REJECTED,0.0,Eligible
67,66.8,B,3,5,0.03,49500.0,REJECTED,0.0,< 6 vends,APPROVED,20000.0,Eligible,APPROVED,20000.0,Eligible
68,44.1,D,1,6,0.11,2000.0,REJECTED,0.0,Eligible,REJECTED,0.0,Eligible,REJECTED,0.0,Eligible
69,40.8,D,2,11,0.05,2000.0,REJECTED,0.0,Eligible,REJECTED,0.0,Eligible,REJECTED,0.0,Eligible
70,45.4,D,3,9,0.02,1750.0,REJECTED,0.0,Eligible,REJECTED,0.0,Eligible,REJECTED,0.0,Eligible
71,45.1,D,6,7,0.1,2264.5,REJECTED,0.0,Eligible,REJECTED,0.0,Eligible,REJECTED,0.0,Eligible
72,49.0,D,3,7,0.1,2000.0,REJECTED,0.0,Eligible,REJECTED,0.0,Eligible,REJECTED,0.0,Eligible
73,29.8,D,1,3,0.15,1250.0,REJECTED,0.0,< 6 vends,REJECTED,0.0,< 4 vends,REJECTED,0.0,Eligible
74,44.0,D,3,8,0.03,2000.0,REJECTED,0.0,Eligible,REJECTED,0.0,Eligible,REJECTED,0.0,Eligible
75,30.5,D,13,3,0.08,1375.0,REJECTED,0.0,< 6 vends,REJECTED,0.0,< 4 vends,REJECTED,0.0,Eligible
76,45.6,D,0,11,0.02,2250.0,REJECTED,0.0,Eligible,REJECTED,0.0,Eligible,REJECTED,0.0,Eligible
77,46.1,D,2,9,0.03,1750.0,REJECTED,0.0,Eligible,REJECTED,0.0,Eligible,REJECTED,0.0,Eligible
78,64.8,C,32,5,0.17,44000.0,REJECTED,0.0,< 6 vends; > 30 days dormant,APPROVED,20000.0,Eligible,APPROVED,20000.0,Eligible
79,62.2,C,1,3,0.08,48000.0,REJECTED,0.0,< 6 vends,REJECTED,0.0,< 4 vends,APPROVED,20000.0,Eligible
80,66.4,B,3,7,0.13,50000.0,APPROVED,7500.0,Eligible,APPROVED,20000.0,Eligible,APPROVED,20000.0,Eligible
81,43.2,D,1,12,0.07,2000.0,REJECTED,0.0,Eligible,REJECTED,0.0,Eligible,REJECTED,0.0,Eligible
82,72.6,B,14,8,0.07,50000.0,APPROVED,7500.0,Eligible,APPROVED,20000.0,Eligible,APPROVED,20000.0,Eligible
83,39.8,D,0,7,0.19,2000.0,REJECTED,0.0,Eligible,REJECTED,0.0,Eligible,REJECTED,0.0,Eligible
84,44.3,D,13,6,0.06,2345.0,REJECTED,0.0,Eligible,REJECTED,0.0,Eligible,REJECTED,0.0,Eligible
85,33.5,D,13,3,0.29,2080.0,REJECTED,0.0,< 6 vends; High Failure Rate (29%),REJECTED,0.0,< 4 vends,REJECTED,0.0,Eligible
86,46.8,D,0,10,0.05,2000.0,REJECTED,0.0,Eligible,REJECTED,0.0,Eligible,REJECTED,0.0,Eligible
87,43.0,D,5,6,0.0,2000.0,REJECTED,0.0,Eligible,REJECTED,0.0,Eligible,REJECTED,0.0,Eligible
88,40.2,D,19,3,0.05,1625.0,REJECTED,0.0,< 6 vends,REJECTED,0.0,< 4 vends,REJECTED,0.0,Eligible
89,44.1,D,2,15,0.11,1875.0,REJECTED,0.0,Eligible,REJECTED,0.0,Eligible,REJECTED,0.0,Eligible
90,44.8,D,1,8,0.06,2000.0,REJECTED,0.0,Eligible,REJECTED,0.0,Eligible,REJECTED,0.0,Eligible
91,37.8,D,4,8,0.0,2000.0,REJECTED,0.0,Eligible,REJECTED,0.0,Eligible,REJECTED,0.0,Eligible
92,44.4,D,5,4,0.06,2000.0,REJECTED,0.0,< 6 vends,REJECTED,0.0,Eligible,REJECTED,0.0,Eligible
93,42.9,D,2,12,0.04,2000.0,REJECTED,0.0,Eligible,REJECTED,0.0,Eligible,REJECTED,0.0,Eligible
94,42.2,D,0,9,0.08,1638.0,REJECTED,0.0,Eligible,REJECTED,0.0,Eligible,REJECTED,0.0,Eligible
95,68.2,B,2,6,0.05,180000.0,APPROVED,7500.0,Eligible,APPROVED,20000.0,Eligible,APPROVED,20000.0,Eligible
96,31.8,D,4,2,0.07,1500.0,REJECTED,0.0,< 6 vends,REJECTED,0.0,< 4 vends,REJECTED,0.0,< 3 vends
97,65.6,B,1,6,0.12,50000.0,APPROVED,7500.0,Eligible,APPROVED,20000.0,Eligible,APPROVED,20000.0,Eligible
98,41.4,D,5,7,0.0,2000.0,REJECTED,0.0,Eligible,REJECTED,0.0,Eligible,REJECTED,0.0,Eligible
99,50.0,C,1,7,0.03,3000.0,REJECTED,0.0,Below Min Loan Size,REJECTED,0.0,Below Min Loan Size,APPROVED,2250.0,Eligible
100,43.6,D,0,13,0.04,1500.0,REJECTED,0.0,Eligible,REJECTED,0.0,Eligible,REJECTED,0.0,Eligible
101,48.4,D,3,12,0.07,2750.0,REJECTED,0.0,Eligible,REJECTED,0.0,Eligible,REJECTED,0.0,Eligible
102,42.3,D,0,8,0.05,2000.0,REJECTED,0.0,Eligible,REJECTED,0.0,Eligible,REJECTED,0.0,Eligible
103,70.0,B,2,5,0.11,68000.0,REJECTED,0.0,< 6 vends,APPROVED,20000.0,Eligible,APPROVED,20000.0,Eligible
104,46.9,D,3,15,0.03,1750.0,REJECTED,0.0,Eligible,REJECTED,0.0,Eligible,REJECTED,0.0,Eligible
105,41.6,D,1,6,0.03,1625.0,REJECTED,0.0,Eligible,REJECTED,0.0,Eligible,REJECTED,0.0,Eligible
106,42.1,D,33,1,0.18,2000.0,REJECTED,0.0,< 6 vends; > 30 days dormant,REJECTED,0.0,< 4 vends,REJECTED,0.0,< 3 vends
107,67.7,B,0,6,0.03,40000.0,APPROVED,7500.0,Eligible,APPROVED,20000.0,Eligible,APPROVED,20000.0,Eligible
108,35.5,D,13,3,0.16,2000.0,REJECTED,0.0,< 6 vends,REJECTED,0.0,< 4 vends,REJECTED,0.0,Eligible
109,66.3,B,41,2,0.15,81000.0,REJECTED,0.0,< 6 vends; > 30 days dormant,REJECTED,0.0,< 4 vends,REJECTED,0.0,< 3 vends
110,35.6,D,3,8,0.1,1500.0,REJECTED,0.0,Eligible,REJECTED,0.0,Eligible,REJECTED,0.0,Eligible
111,44.1,D,2,6,0.09,2000.0,REJECTED,0.0,Eligible,REJECTED,0.0,Eligible,REJECTED,0.0,Eligible
112,39.1,D,2,6,0.08,1500.0,REJECTED,0.0,Eligible,REJECTED,0.0,Eligible,REJECTED,0.0,Eligible
113,40.0,D,2,10,0.0,1750.0,REJECTED,0.0,Eligible,REJECTED,0.0,Eligible,REJECTED,0.0,Eligible
114,63.3,C,3,2,0.23,62000.0,REJECTED,0.0,< 6 vends; High Failure Rate (23%),REJECTED,0.0,< 4 vends,REJECTED,0.0,< 3 vends
115,47.4,D,5,10,0.04,2000.0,REJECTED,0.0,Eligible,REJECTED,0.0,Eligible,REJECTED,0.0,Eligible
116,33.0,D,0,6,0.11,1042.5,REJECTED,0.0,Eligible,REJECTED,0.0,Eligible,REJECTED,0.0,Eligible
117,36.3,D,5,7,0.13,1530.0,REJECTED,0.0,Eligible,REJECTED,0.0,Eligible,REJECTED,0.0,Eligible
118,41.1,D,3,6,0.07,1706.0,REJECTED,0.0,Eligible,REJECTED,0.0,Eligible,REJECTED,0.0,Eligible
119,37.7,D,21,5,0.03,1507.5,REJECTED,0.0,< 6 vends,REJECTED,0.0,Eligible,REJECTED,0.0,Eligible
120,43.4,D,2,13,0.07,1500.0,REJECTED,0.0,Eligible,REJECTED,0.0,Eligible,REJECTED,0.0,Eligible
121,47.4,D,2,7,0.03,2000.0,REJECTED,0.0,Eligible,REJECTED,0.0,Eligible,REJECTED,0.0,Eligible
122,34.4,D,18,3,0.1,1292.0,REJECTED,0.0,< 6 vends,REJECTED,0.0,< 4 vends,REJECTED,0.0,Eligible
123,44.9,D,3,6,0.13,2500.0,REJECTED,0.0,Eligible,REJECTED,0.0,Eligible,REJECTED,0.0,Eligible
124,45.6,D,2,10,0.02,2000.0,REJECTED,0.0,Eligible,REJECTED,0.0,Eligible,REJECTED,0.0,Eligible
125,38.8,D,1,4,0.21,1929.0,REJECTED,0.0,< 6 vends; High Failure Rate (21%),REJECTED,0.0,Eligible,REJECTED,0.0,Eligible
126,39.7,D,2,3,0.25,2250.0,REJECTED,0.0,< 6 vends; High Failure Rate (25%),REJECTED,0.0,< 4 vends,REJECTED,0.0,Eligible
127,42.9,D,2,8,0.11,2345.0,REJECTED,0.0,Eligible,REJECTED,0.0,Eligible,REJECTED,0.0,Eligible
128,32.5,D,5,5,0.2,1500.0,REJECTED,0.0,< 6 vends,REJECTED,0.0,Eligible,REJECTED,0.0,Eligible
129,68.1,B,22,3,0.05,180000.0,REJECTED,0.0,< 6 vends,REJECTED,0.0,< 4 vends,APPROVED,20000.0,Eligible
130,42.9,D,5,4,0.05,2000.0,REJECTED,0.0,< 6 vends,REJECTED,0.0,Eligible,REJECTED,0.0,Eligible
131,43.7,D,8,6,0.08,1500.0,REJECTED,0.0,Eligible,REJECTED,0.0,Eligible,REJECTED,0.0,Eligible
132,39.9,D,0,5,0.11,2000.0,REJECTED,0.0,< 6 vends,REJECTED,0.0,Eligible,REJECTED,0.0,Eligible
133,66.6,B,1,5,0.05,69000.0,REJECTED,0.0,< 6 vends,APPROVED,20000.0,Eligible,APPROVED,20000.0,Eligible
134,44.9,D,3,10,0.04,2000.0,REJECTED,0.0,Eligible,REJECTED,0.0,Eligible,REJECTED,0.0,Eligible
135,47.3,D,6,6,0.07,2345.0,REJECTED,0.0,Eligible,REJECTED,0.0,Eligible,REJECTED,0.0,Eligible
136,47.2,D,6,14,0.06,1760.5,REJECTED,0.0,Eligible,REJECTED,0.0,Eligible,REJECTED,0.0,Eligible
137,44.6,D,0,9,0.11,2000.0,REJECTED,0.0,Eligible,REJECTED,0.0,Eligible,REJECTED,0.0,Eligible
138,73.2,B,13,5,0.06,53000.0,REJECTED,0.0,< 6 vends,APPROVED,20000.0,Eligible,APPROVED,20000.0,Eligible
139,39.2,D,4,8,0.11,1879.0,REJECTED,0.0,Eligible,REJECTED,0.0,Eligible,REJECTED,0.0,Eligible
140,46.4,D,0,2,0.09,3375.0,REJECTED,0.0,< 6 vends,REJECTED,0.0,< 4 vends,REJECTED,0.0,< 3 vends
141,39.0,D,35,2,0.0,2000.0,REJECTED,0.0,< 6 vends; > 30 days dormant,REJECTED,0.0,< 4 vends,REJECTED,0.0,< 3 vends
142,31.1,D,0,1,0.0,1625.0,REJECTED,0.0,< 6 vends,REJECTED,0.0,< 4 vends,REJECTED,0.0,< 3 vends
143,35.9,D,20,5,0.0,1625.0,REJECTED,0.0,< 6 vends,REJECTED,0.0,Eligible,REJECTED,0.0,Eligible
144,45.8,D,5,10,0.09,1500.0,REJECTED,0.0,Eligible,REJECTED,0.0,Eligible,REJECTED,0.0,Eligible
145,45.7,D,0,11,0.0,1601.0,REJECTED,0.0,Eligible,REJECTED,0.0,Eligible,REJECTED,0.0,Eligible
146,44.7,D,4,8,0.05,2000.0,REJECTED,0.0,Eligible,REJECTED,0.0,Eligible,REJECTED,0.0,Eligible
147,62.0,C,64,0,0.11,160000.0,REJECTED,0.0,< 6 vends; > 30 days dormant,REJECTED,0.0,< 4 vends; > 45 days dormant,REJECTED,0.0,< 3 vends; > 60 days dormant
148,42.8,D,0,10,0.02,1750.0,REJECTED,0.0,Eligible,REJECTED,0.0,Eligible,REJECTED,0.0,Eligible
149,44.8,D,2,12,0.04,2000.0,REJECTED,0.0,Eligible,REJECTED,0.0,Eligible,REJECTED,0.0,Eligible
150,61.3,C,3,1,0.0,149548.0,REJECTED,0.0,< 6 vends,REJECTED,0.0,< 4 vends,REJECTED,0.0,< 3 vends
151,28.9,D,3,2,0.07,1000.0,REJECTED,0.0,< 6 vends,REJECTED,0.0,< 4 vends,REJECTED,0.0,< 3 vends
152,33.7,D,2,3,0.0,1500.0,REJECTED,0.0,< 6 vends,REJECTED,0.0,< 4 vends,REJECTED,0.0,Eligible
153,29.9,D,2,2,0.0,1125.0,REJECTED,0.0,< 6 vends,REJECTED,0.0,< 4 vends,REJECTED,0.0,< 3 vends
154,45.7,D,0,12,0.02,1956.0,REJECTED,0.0,Eligible,REJECTED,0.0,Eligible,REJECTED,0.0,Eligible
155,43.6,D,0,9,0.05,1500.0,REJECTED,0.0,Eligible,REJECTED,0.0,Eligible,REJECTED,0.0,Eligible
156,71.0,B,2,8,0.05,74000.0,APPROVED,7500.0,Eligible,APPROVED,20000.0,Eligible,APPROVED,20000.0,Eligible
157,63.7,C,8,6,0.17,50000.0,APPROVED,5000.0,Eligible,APPROVED,20000.0,Eligible,APPROVED,20000.0,Eligible
158,46.3,D,6,11,0.05,2000.0,REJECTED,0.0,Eligible,REJECTED,0.0,Eligible,REJECTED,0.0,Eligible
159,43.9,D,0,8,0.04,2000.0,REJECTED,0.0,Eligible,REJECTED,0.0,Eligible,REJECTED,0.0,Eligible
160,44.7,D,7,12,0.05,2000.0,REJECTED,0.0,Eligible,REJECTED,0.0,Eligible,REJECTED,0.0,Eligible
161,44.7,D,5,10,0.09,2051.0,REJECTED,0.0,Eligible,REJECTED,0.0,Eligible,REJECTED,0.0,Eligible
162,44.7,D,4,4,0.22,2875.0,REJECTED,0.0,< 6 vends; High Failure Rate (22%),REJECTED,0.0,Eligible,REJECTED,0.0,Eligible
163,46.6,D,5,7,0.02,2000.0,REJECTED,0.0,Eligible,REJECTED,0.0,Eligible,REJECTED,0.0,Eligible
164,35.3,D,5,2,0.25,1250.0,REJECTED,0.0,< 6 vends; High Failure Rate (25%),REJECTED,0.0,< 4 vends,REJECTED,0.0,< 3 vends
165,74.6,B,3,12,0.04,50000.0,APPROVED,7500.0,Eligible,APPROVED,20000.0,Eligible,APPROVED,20000.0,Eligible
166,42.1,D,3,6,0.06,2000.0,REJECTED,0.0,Eligible,REJECTED,0.0,Eligible,REJECTED,0.0,Eligible
167,35.7,D,13,5,0.12,1750.0,REJECTED,0.0,< 6 vends,REJECTED,0.0,Eligible,REJECTED,0.0,Eligible
168,42.9,D,0,12,0.06,1500.0,REJECTED,0.0,Eligible,REJECTED,0.0,Eligible,REJECTED,0.0,Eligible
169,43.8,D,5,9,0.0,2000.0,REJECTED,0.0,Eligible,REJECTED,0.0,Eligible,REJECTED,0.0,Eligible
170,43.2,D,0,9,0.03,1750.0,REJECTED,0.0,Eligible,REJECTED,0.0,Eligible,REJECTED,0.0,Eligible
171,72.1,B,1,11,0.05,150000.0,APPROVED,7500.0,Eligible,APPROVED,20000.0,Eligible,APPROVED,20000.0,Eligible
172,46.8,D,10,5,0.12,2242.5,REJECTED,0.0,< 6 vends,REJECTED,0.0,Eligible,REJECTED,0.0,Eligible
173,70.2,B,0,9,0.02,40000.0,APPROVED,7500.0,Eligible,APPROVED,20000.0,Eligible,APPROVED,20000.0,Eligible
174,37.4,D,33,2,0.27,2000.0,REJECTED,0.0,< 6 vends; > 30 days dormant; High Failure Rate (27%),REJECTED,0.0,< 4 vends,REJECTED,0.0,< 3 vends
175,44.7,D,3,9,0.02,1500.0,REJECTED,0.0,Eligible,REJECTED,0.0,Eligible,REJECTED,0.0,Eligible
176,48.2,D,2,7,0.11,1869.5,REJECTED,0.0,Eligible,REJECTED,0.0,Eligible,REJECTED,0.0,Eligible
177,41.3,D,3,9,0.08,2000.0,REJECTED,0.0,Eligible,REJECTED,0.0,Eligible,REJECTED,0.0,Eligible
178,36.3,D,2,5,0.12,1500.0,REJECTED,0.0,< 6 vends,REJECTED,0.0,Eligible,REJECTED,0.0,Eligible
179,44.2,D,4,8,0.02,2000.0,REJECTED,0.0,Eligible,REJECTED,0.0,Eligible,REJECTED,0.0,Eligible
180,48.3,D,1,9,0.04,2000.0,REJECTED,0.0,Eligible,REJECTED,0.0,Eligible,REJECTED,0.0,Eligible
181,36.8,D,2,2,0.13,1875.0,REJECTED,0.0,< 6 vends,REJECTED,0.0,< 4 vends,REJECTED,0.0,< 3 vends
182,43.0,D,1,12,0.04,1574.5,REJECTED,0.0,Eligible,REJECTED,0.0,Eligible,REJECTED,0.0,Eligible
183,38.9,D,3,6,0.0,1500.0,REJECTED,0.0,Eligible,REJECTED,0.0,Eligible,REJECTED,0.0,Eligible
184,43.9,D,3,8,0.06,1750.0,REJECTED,0.0,Eligible,REJECTED,0.0,Eligible,REJECTED,0.0,Eligible
185,41.7,D,2,8,0.07,1590.0,REJECTED,0.0,Eligible,REJECTED,0.0,Eligible,REJECTED,0.0,Eligible
186,35.0,D,1,4,0.04,1500.0,REJECTED,0.0,< 6 vends,REJECTED,0.0,Eligible,REJECTED,0.0,Eligible
187,45.3,D,0,15,0.04,2000.0,REJECTED,0.0,Eligible,REJECTED,0.0,Eligible,REJECTED,0.0,Eligible
188,66.2,B,3,2,0.04,47000.0,REJECTED,0.0,< 6 vends,REJECTED,0.0,< 4 vends,REJECTED,0.0,< 3 vends
189,41.0,D,10,7,0.12,2000.0,REJECTED,0.0,Eligible,REJECTED,0.0,Eligible,REJECTED,0.0,Eligible
190,40.5,D,2,6,0.17,2000.0,REJECTED,0.0,Eligible,REJECTED,0.0,Eligible,REJECTED,0.0,Eligible
191,48.5,D,4,2,0.13,1857.0,REJECTED,0.0,< 6 vends,REJECTED,0.0,< 4 vends,REJECTED,0.0,< 3 vends
192,73.0,B,3,6,0.05,174726.0,APPROVED,7500.0,Eligible,APPROVED,20000.0,Eligible,APPROVED,20000.0,Eligible
193,40.0,D,1,3,0.06,2000.0,REJECTED,0.0,< 6 vends,REJECTED,0.0,< 4 vends,REJECTED,0.0,Eligible
194,67.5,B,97,0,0.17,120685.0,REJECTED,0.0,< 6 vends; > 30 days dormant,REJECTED,0.0,< 4 vends; > 45 days dormant,REJECTED,0.0,< 3 vends; > 60 days dormant
195,30.8,D,0,2,0.08,1375.0,REJECTED,0.0,< 6 vends,REJECTED,0.0,< 4 vends,REJECTED,0.0,< 3 vends
196,72.3,B,3,9,0.05,61000.0,APPROVED,7500.0,Eligible,APPROVED,20000.0,Eligible,APPROVED,20000.0,Eligible
197,70.9,B,0,7,0.05,64000.0,APPROVED,7500.0,Eligible,APPROVED,20000.0,Eligible,APPROVED,20000.0,Eligible
198,39.8,D,7,3,0.0,2000.0,REJECTED,0.0,< 6 vends,REJECTED,0.0,< 4 vends,REJECTED,0.0,Eligible
199,36.0,D,2,9,0.1,1500.0,REJECTED,0.0,Eligible,REJECTED,0.0,Eligible,REJECTED,0.0,Eligible
200,70.6,B,2,7,0.07,75000.0,APPROVED,7500.0,Eligible,APPROVED,20000.0,Eligible,APPROVED,20000.0,Eligible
201,40.7,D,0,5,0.0,2000.0,REJECTED,0.0,< 6 vends,REJECTED,0.0,Eligible,REJECTED,0.0,Eligible
202,72.8,B,0,10,0.02,50000.0,APPROVED,7500.0,Eligible,APPROVED,20000.0,Eligible,APPROVED,20000.0,Eligible
203,72.3,B,15,7,0.02,45000.0,APPROVED,7500.0,Eligible,APPROVED,20000.0,Eligible,APPROVED,20000.0,Eligible
204,42.9,D,0,9,0.04,1750.0,REJECTED,0.0,Eligible,REJECTED,0.0,Eligible,REJECTED,0.0,Eligible
205,39.8,D,2,4,0.22,2000.0,REJECTED,0.0,< 6 vends; High Failure Rate (22%),REJECTED,0.0,Eligible,REJECTED,0.0,Eligible
206,47.3,D,9,7,0.07,2500.0,REJECTED,0.0,Eligible,REJECTED,0.0,Eligible,REJECTED,0.0,Eligible
207,47.9,D,0,15,0.07,2500.0,REJECTED,0.0,Eligible,REJECTED,0.0,Eligible,REJECTED,0.0,Eligible
208,43.2,D,14,4,0.14,2000.0,REJECTED,0.0,< 6 vends,REJECTED,0.0,Eligible,REJECTED,0.0,Eligible
209,41.0,D,0,7,0.06,1250.0,REJECTED,0.0,Eligible,REJECTED,0.0,Eligible,REJECTED,0.0,Eligible
210,31.5,D,0,3,0.0,1125.0,REJECTED,0.0,< 6 vends,REJECTED,0.0,< 4 vends,REJECTED,0.0,Eligible
211,42.2,D,0,5,0.11,2000.0,REJECTED,0.0,< 6 vends,REJECTED,0.0,Eligible,REJECTED,0.0,Eligible
212,45.4,D,1,7,0.09,2250.0,REJECTED,0.0,Eligible,REJECTED,0.0,Eligible,REJECTED,0.0,Eligible
213,49.3,D,1,13,0.02,2000.0,REJECTED,0.0,Eligible,REJECTED,0.0,Eligible,REJECTED,0.0,Eligible
214,42.1,D,3,1,0.2,1676.5,REJECTED,0.0,< 6 vends,REJECTED,0.0,< 4 vends,REJECTED,0.0,< 3 vends
215,66.9,B,22,1,0.13,180000.0,REJECTED,0.0,< 6 vends,REJECTED,0.0,< 4 vends,REJECTED,0.0,< 3 vends
216,36.1,D,4,5,0.12,2250.0,REJECTED,0.0,< 6 vends,REJECTED,0.0,Eligible,REJECTED,0.0,Eligible
217,41.4,D,42,3,0.0,2039.0,REJECTED,0.0,< 6 vends; > 30 days dormant,REJECTED,0.0,< 4 vends,REJECTED,0.0,Eligible
218,44.9,D,1,5,0.04,2000.0,REJECTED,0.0,< 6 vends,REJECTED,0.0,Eligible,REJECTED,0.0,Eligible
219,39.5,D,5,5,0.12,1892.0,REJECTED,0.0,< 6 vends,REJECTED,0.0,Eligible,REJECTED,0.0,Eligible
220,48.1,D,2,7,0.04,2250.0,REJECTED,0.0,Eligible,REJECTED,0.0,Eligible,REJECTED,0.0,Eligible
221,42.2,D,5,8,0.02,1500.0,REJECTED,0.0,Eligible,REJECTED,0.0,Eligible,REJECTED,0.0,Eligible
222,41.9,D,1,2,0.14,1000.0,REJECTED,0.0,< 6 vends,REJECTED,0.0,< 4 vends,REJECTED,0.0,< 3 vends
223,42.9,D,1,3,0.25,2000.0,REJECTED,0.0,< 6 vends; High Failure Rate (25%),REJECTED,0.0,< 4 vends,REJECTED,0.0,Eligible
224,43.9,D,4,7,0.04,1750.0,REJECTED,0.0,Eligible,REJECTED,0.0,Eligible,REJECTED,0.0,Eligible
225,66.4,B,0,5,0.15,50500.0,REJECTED,0.0,< 6 vends,APPROVED,20000.0,Eligible,APPROVED,20000.0,Eligible
226,41.6,D,14,5,0.14,1500.0,REJECTED,0.0,< 6 vends,REJECTED,0.0,Eligible,REJECTED,0.0,Eligible
227,39.8,D,5,4,0.07,2000.0,REJECTED,0.0,< 6 vends,REJECTED,0.0,Eligible,REJECTED,0.0,Eligible
228,44.8,D,10,5,0.18,1500.0,REJECTED,0.0,< 6 vends,REJECTED,0.0,Eligible,REJECTED,0.0,Eligible
229,38.1,D,5,4,0.0,2000.0,REJECTED,0.0,< 6 vends,REJECTED,0.0,Eligible,REJECTED,0.0,Eligible
230,40.0,D,4,8,0.1,1500.0,REJECTED,0.0,Eligible,REJECTED,0.0,Eligible,REJECTED,0.0,Eligible
231,48.2,D,1,11,0.04,2000.0,REJECTED,0.0,Eligible,REJECTED,0.0,Eligible,REJECTED,0.0,Eligible
232,39.4,D,5,8,0.04,2250.0,REJECTED,0.0,Eligible,REJECTED,0.0,Eligible,REJECTED,0.0,Eligible
233,44.3,D,0,11,0.0,2000.0,REJECTED,0.0,Eligible,REJECTED,0.0,Eligible,REJECTED,0.0,Eligible
234,46.1,D,5,12,0.05,2000.0,REJECTED,0.0,Eligible,REJECTED,0.0,Eligible,REJECTED,0.0,Eligible
235,36.4,D,0,4,0.05,2000.0,REJECTED,0.0,< 6 vends,REJECTED,0.0,Eligible,REJECTED,0.0,Eligible
236,67.2,B,0,6,0.06,66000.0,APPROVED,7500.0,Eligible,APPROVED,20000.0,Eligible,APPROVED,20000.0,Eligible
237,42.5,D,0,9,0.06,1875.0,REJECTED,0.0,Eligible,REJECTED,0.0,Eligible,REJECTED,0.0,Eligible
238,46.6,D,2,7,0.02,2000.0,REJECTED,0.0,Eligible,REJECTED,0.0,Eligible,REJECTED,0.0,Eligible
239,64.4,C,4,6,0.08,50000.0,APPROVED,5000.0,Eligible,APPROVED,20000.0,Eligible,APPROVED,20000.0,Eligible
240,45.4,D,3,10,0.05,2000.0,REJECTED,0.0,Eligible,REJECTED,0.0,Eligible,REJECTED,0.0,Eligible
241,34.7,D,1,3,0.09,1881.5,REJECTED,0.0,< 6 vends,REJECTED,0.0,< 4 vends,REJECTED,0.0,Eligible
242,63.9,C,13,5,0.09,40000.0,REJECTED,0.0,< 6 vends,APPROVED,20000.0,Eligible,APPROVED,20000.0,Eligible
243,44.7,D,4,11,0.04,2000.0,REJECTED,0.0,Eligible,REJECTED,0.0,Eligible,REJECTED,0.0,Eligible
244,48.7,D,9,5,0.0,2000.0,REJECTED,0.0,< 6 vends,REJECTED,0.0,Eligible,REJECTED,0.0,Eligible
245,41.0,D,0,5,0.05,1837.0,REJECTED,0.0,< 6 vends,REJECTED,0.0,Eligible,REJECTED,0.0,Eligible
246,45.0,D,1,13,0.05,2329.5,REJECTED,0.0,Eligible,REJECTED,0.0,Eligible,REJECTED,0.0,Eligible
247,53.4,C,0,13,0.04,2956.0,REJECTED,0.0,Below Min Loan Size,REJECTED,0.0,Below Min Loan Size,APPROVED,2217.0,Eligible
248,47.3,D,2,5,0.07,2000.0,REJECTED,0.0,< 6 vends,REJECTED,0.0,Eligible,REJECTED,0.0,Eligible
249,43.7,D,1,12,0.04,1875.0,REJECTED,0.0,Eligible,REJECTED,0.0,Eligible,REJECTED,0.0,Eligible
250,46.4,D,2,6,0.04,1937.5,REJECTED,0.0,Eligible,REJECTED,0.0,Eligible,REJECTED,0.0,Eligible
251,41.2,D,3,7,0.0,1632.0,REJECTED,0.0,Eligible,REJECTED,0.0,Eligible,REJECTED,0.0,Eligible
252,47.6,D,0,13,0.0,2070.0,REJECTED,0.0,Eligible,REJECTED,0.0,Eligible,REJECTED,0.0,Eligible
253,40.8,D,1,4,0.18,2000.0,REJECTED,0.0,< 6 vends,REJECTED,0.0,Eligible,REJECTED,0.0,Eligible
254,68.4,B,4,8,0.03,50000.0,APPROVED,7500.0,Eligible,APPROVED,20000.0,Eligible,APPROVED,20000.0,Eligible
255,45.5,D,4,2,0.0,1500.0,REJECTED,0.0,< 6 vends,REJECTED,0.0,< 4 vends,REJECTED,0.0,< 3 vends
256,74.3,B,11,11,0.02,50000.0,APPROVED,7500.0,Eligible,APPROVED,20000.0,Eligible,APPROVED,20000.0,Eligible
257,45.4,D,28,8,0.08,2000.0,REJECTED,0.0,Eligible,REJECTED,0.0,Eligible,REJECTED,0.0,Eligible
258,39.3,D,6,7,0.02,1358.5,REJECTED,0.0,Eligible,REJECTED,0.0,Eligible,REJECTED,0.0,Eligible
259,39.2,D,31,1,0.0,1500.0,REJECTED,0.0,< 6 vends; > 30 days dormant,REJECTED,0.0,< 4 vends,REJECTED,0.0,< 3 vends
260,41.3,D,0,5,0.06,2000.0,REJECTED,0.0,< 6 vends,REJECTED,0.0,Eligible,REJECTED,0.0,Eligible
261,47.2,D,1,10,0.02,2000.0,REJECTED,0.0,Eligible,REJECTED,0.0,Eligible,REJECTED,0.0,Eligible
262,41.8,D,6,3,0.16,2345.0,REJECTED,0.0,< 6 vends,REJECTED,0.0,< 4 vends,REJECTED,0.0,Eligible
263,41.2,D,3,3,0.17,2000.0,REJECTED,0.0,< 6 vends,REJECTED,0.0,< 4 vends,REJECTED,0.0,Eligible
264,43.2,D,7,13,0.02,1375.0,REJECTED,0.0,Eligible,REJECTED,0.0,Eligible,REJECTED,0.0,Eligible
265,34.7,D,1,3,0.06,1704.0,REJECTED,0.0,< 6 vends,REJECTED,0.0,< 4 vends,REJECTED,0.0,Eligible
266,41.8,D,3,5,0.06,2000.0,REJECTED,0.0,< 6 vends,REJECTED,0.0,Eligible,REJECTED,0.0,Eligible
267,33.2,D,3,4,0.13,1500.0,REJECTED,0.0,< 6 vends,REJECTED,0.0,Eligible,REJECTED,0.0,Eligible
268,40.9,D,3,8,0.03,2000.0,REJECTED,0.0,Eligible,REJECTED,0.0,Eligible,REJECTED,0.0,Eligible
269,39.3,D,0,5,0.03,1500.0,REJECTED,0.0,< 6 vends,REJECTED,0.0,Eligible,REJECTED,0.0,Eligible
270,37.6,D,2,4,0.08,2000.0,REJECTED,0.0,< 6 vends,REJECTED,0.0,Eligible,REJECTED,0.0,Eligible
271,48.2,D,0,8,0.05,3000.0,REJECTED,0.0,Eligible,REJECTED,0.0,Eligible,REJECTED,0.0,Eligible
272,42.0,D,5,9,0.06,1500.0,REJECTED,0.0,Eligible,REJECTED,0.0,Eligible,REJECTED,0.0,Eligible
273,46.9,D,4,3,0.06,3000.0,REJECTED,0.0,< 6 vends,REJECTED,0.0,< 4 vends,REJECTED,0.0,Eligible
274,47.7,D,25,5,0.08,1500.0,REJECTED,0.0,< 6 vends,REJECTED,0.0,Eligible,REJECTED,0.0,Eligible
275,41.6,D,5,11,0.03,2000.0,REJECTED,0.0,Eligible,REJECTED,0.0,Eligible,REJECTED,0.0,Eligible
276,43.1,D,4,6,0.12,2500.0,REJECTED,0.0,Eligible,REJECTED,0.0,Eligible,REJECTED,0.0,Eligible
277,44.1,D,1,5,0.1,2750.0,REJECTED,0.0,< 6 vends,REJECTED,0.0,Eligible,REJECTED,0.0,Eligible
278,43.1,D,1,9,0.0,1937.5,REJECTED,0.0,Eligible,REJECTED,0.0,Eligible,REJECTED,0.0,Eligible
279,58.9,C,36,3,0.0,59000.0,REJECTED,0.0,< 6 vends; > 30 days dormant,REJECTED,0.0,< 4 vends,APPROVED,20000.0,Eligible
280,44.2,D,3,8,0.04,2750.0,REJECTED,0.0,Eligible,REJECTED,0.0,Eligible,REJECTED,0.0,Eligible
281,47.9,D,5,3,0.16,1000.0,REJECTED,0.0,< 6 vends,REJECTED,0.0,< 4 vends,REJECTED,0.0,Eligible
282,47.2,D,4,6,0.11,2000.0,REJECTED,0.0,Eligible,REJECTED,0.0,Eligible,REJECTED,0.0,Eligible
283,40.6,D,1,6,0.0,1592.0,REJECTED,0.0,Eligible,REJECTED,0.0,Eligible,REJECTED,0.0,Eligible
284,66.7,B,3,7,0.09,60500.0,APPROVED,7500.0,Eligible,APPROVED,20000.0,Eligible,APPROVED,20000.0,Eligible
285,45.8,D,2,7,0.04,2000.0,REJECTED,0.0,Eligible,REJECTED,0.0,Eligible,REJECTED,0.0,Eligible
286,45.7,D,1,15,0.06,2000.0,REJECTED,0.0,Eligible,REJECTED,0.0,Eligible,REJECTED,0.0,Eligible
287,36.6,D,5,4,0.12,2000.0,REJECTED,0.0,< 6 vends,REJECTED,0.0,Eligible,REJECTED,0.0,Eligible
288,42.9,D,5,5,0.03,2000.0,REJECTED,0.0,< 6 vends,REJECTED,0.0,Eligible,REJECTED,0.0,Eligible
289,41.9,D,0,10,0.02,1500.0,REJECTED,0.0,Eligible,REJECTED,0.0,Eligible,REJECTED,0.0,Eligible
290,46.1,D,65,0,0.18,1875.0,REJECTED,0.0,< 6 vends; > 30 days dormant,REJECTED,0.0,< 4 vends; > 45 days dormant,REJECTED,0.0,< 3 vends; > 60 days dormant
291,39.6,D,61,0,0.17,2000.0,REJECTED,0.0,< 6 vends; > 30 days dormant,REJECTED,0.0,< 4 vends; > 45 days dormant,REJECTED,0.0,< 3 vends; > 60 days dormant
292,43.9,D,3,3,0.13,3000.0,REJECTED,0.0,< 6 vends,REJECTED,0.0,< 4 vends,REJECTED,0.0,Eligible
293,35.7,D,3,4,0.0,2000.0,REJECTED,0.0,< 6 vends,REJECTED,0.0,Eligible,REJECTED,0.0,Eligible
294,76.4,B,2,11,0.02,62000.0,APPROVED,7500.0,Eligible,APPROVED,20000.0,Eligible,APPROVED,20000.0,Eligible
295,44.4,D,22,7,0.0,2000.0,REJECTED,0.0,Eligible,REJECTED,0.0,Eligible,REJECTED,0.0,Eligible
296,41.1,D,2,9,0.03,2000.0,REJECTED,0.0,Eligible,REJECTED,0.0,Eligible,REJECTED,0.0,Eligible
297,39.1,D,3,9,0.06,1750.0,REJECTED,0.0,Eligible,REJECTED,0.0,Eligible,REJECTED,0.0,Eligible
298,61.1,C,35,2,0.0,55000.0,REJECTED,0.0,< 6 vends; > 30 days dormant,REJECTED,0.0,< 4 vends,REJECTED,0.0,< 3 vends
299,62.5,C,1,2,0.0,47000.0,REJECTED,0.0,< 6 vends,REJECTED,0.0,< 4 vends,REJECTED,0.0,< 3 vends
300,37.7,D,1,3,0.07,2000.0,REJECTED,0.0,< 6 vends,REJECTED,0.0,< 4 vends,REJECTED,0.0,Eligible
301,40.0,D,2,14,0.04,1250.0,REJECTED,0.0,Eligible,REJECTED,0.0,Eligible,REJECTED,0.0,Eligible
302,45.3,D,0,9,0.02,2000.0,REJECTED,0.0,Eligible,REJECTED,0.0,Eligible,REJECTED,0.0,Eligible
303,42.0,D,4,5,0.05,2250.0,REJECTED,0.0,< 6 vends,REJECTED,0.0,Eligible,REJECTED,0.0,Eligible
304,45.5,D,4,11,0.04,2000.0,REJECTED,0.0,Eligible,REJECTED,0.0,Eligible,REJECTED,0.0,Eligible
305,44.2,D,0,13,0.07,2000.0,REJECTED,0.0,Eligible,REJECTED,0.0,Eligible,REJECTED,0.0,Eligible
306,42.0,D,4,13,0.04,1750.0,REJECTED,0.0,Eligible,REJECTED,0.0,Eligible,REJECTED,0.0,Eligible
307,74.6,B,2,11,0.04,43000.0,APPROVED,7500.0,Eligible,APPROVED,20000.0,Eligible,APPROVED,20000.0,Eligible
308,34.7,D,51,2,0.08,2000.0,REJECTED,0.0,< 6 vends; > 30 days dormant,REJECTED,0.0,< 4 vends; > 45 days dormant,REJECTED,0.0,< 3 vends
309,47.3,D,10,6,0.1,2000.0,REJECTED,0.0,Eligible,REJECTED,0.0,Eligible,REJECTED,0.0,Eligible
310,47.8,D,21,2,0.09,3000.0,REJECTED,0.0,< 6 vends,REJECTED,0.0,< 4 vends,REJECTED,0.0,< 3 vends
311,49.5,D,1,12,0.06,2571.5,REJECTED,0.0,Eligible,REJECTED,0.0,Eligible,REJECTED,0.0,Eligible
312,68.7,B,3,6,0.0,57000.0,APPROVED,7500.0,Eligible,APPROVED,20000.0,Eligible,APPROVED,20000.0,Eligible
313,36.9,D,54,1,0.17,1250.0,REJECTED,0.0,< 6 vends; > 30 days dormant,REJECTED,0.0,< 4 vends; > 45 days dormant,REJECTED,0.0,< 3 vends
314,50.5,C,0,9,0.07,2500.0,REJECTED,0.0,Below Min Loan Size,REJECTED,0.0,Below Min Loan Size,REJECTED,0.0,Below Min Loan Size
315,43.2,D,2,6,0.05,2000.0,REJECTED,0.0,Eligible,REJECTED,0.0,Eligible,REJECTED,0.0,Eligible
316,40.2,D,2,8,0.06,2000.0,REJECTED,0.0,Eligible,REJECTED,0.0,Eligible,REJECTED,0.0,Eligible
317,43.9,D,13,9,0.0,2000.0,REJECTED,0.0,Eligible,REJECTED,0.0,Eligible,REJECTED,0.0,Eligible
318,44.5,D,4,8,0.08,2500.0,REJECTED,0.0,Eligible,REJECTED,0.0,Eligible,REJECTED,0.0,Eligible
319,44.6,D,6,7,0.0,1875.0,REJECTED,0.0,Eligible,REJECTED,0.0,Eligible,REJECTED,0.0,Eligible
320,43.4,D,3,3,0.1,3000.0,REJECTED,0.0,< 6 vends,REJECTED,0.0,< 4 vends,REJECTED,0.0,Eligible
321,74.0,B,30,7,0.05,180000.0,APPROVED,7500.0,Eligible,APPROVED,20000.0,Eligible,APPROVED,20000.0,Eligible
322,36.6,D,0,7,0.09,1500.0,REJECTED,0.0,Eligible,REJECTED,0.0,Eligible,REJECTED,0.0,Eligible
323,37.7,D,20,3,0.15,1500.0,REJECTED,0.0,< 6 vends,REJECTED,0.0,< 4 vends,REJECTED,0.0,Eligible
324,50.9,C,0,9,0.03,2000.0,REJECTED,0.0,Below Min Loan Size,REJECTED,0.0,Below Min Loan Size,REJECTED,0.0,Below Min Loan Size
325,47.0,D,9,5,0.16,2000.0,REJECTED,0.0,< 6 vends,REJECTED,0.0,Eligible,REJECTED,0.0,Eligible
326,34.1,D,13,3,0.13,2000.0,REJECTED,0.0,< 6 vends,REJECTED,0.0,< 4 vends,REJECTED,0.0,Eligible
327,44.8,D,15,6,0.08,2000.0,REJECTED,0.0,Eligible,REJECTED,0.0,Eligible,REJECTED,0.0,Eligible
328,44.9,D,1,7,0.07,1751.0,REJECTED,0.0,Eligible,REJECTED,0.0,Eligible,REJECTED,0.0,Eligible
329,42.8,D,2,6,0.05,1500.0,REJECTED,0.0,Eligible,REJECTED,0.0,Eligible,REJECTED,0.0,Eligible
330,72.6,B,12,12,0.05,66500.0,APPROVED,7500.0,Eligible,APPROVED,20000.0,Eligible,APPROVED,20000.0,Eligible
331,68.2,B,4,7,0.06,48000.0,APPROVED,7500.0,Eligible,APPROVED,20000.0,Eligible,APPROVED,20000.0,Eligible
332,34.0,D,64,0,0.07,2000.0,REJECTED,0.0,< 6 vends; > 30 days dormant,REJECTED,0.0,< 4 vends; > 45 days dormant,REJECTED,0.0,< 3 vends; > 60 days dormant
333,47.9,D,2,11,0.04,2000.0,REJECTED,0.0,Eligible,REJECTED,0.0,Eligible,REJECTED,0.0,Eligible
334,39.8,D,4,4,0.04,1750.0,REJECTED,0.0,< 6 vends,REJECTED,0.0,Eligible,REJECTED,0.0,Eligible
335,44.1,D,0,8,0.07,2000.0,REJECTED,0.0,Eligible,REJECTED,0.0,Eligible,REJECTED,0.0,Eligible
336,32.2,D,0,4,0.17,1500.0,REJECTED,0.0,< 6 vends,REJECTED,0.0,Eligible,REJECTED,0.0,Eligible
337,73.4,B,0,8,0.0,180142.0,APPROVED,7500.0,Eligible,APPROVED,20000.0,Eligible,APPROVED,20000.0,Eligible
338,44.2,D,1,10,0.06,1875.0,REJECTED,0.0,Eligible,REJECTED,0.0,Eligible,REJECTED,0.0,Eligible
339,72.3,B,4,7,0.02,49500.0,APPROVED,7500.0,Eligible,APPROVED,20000.0,Eligible,APPROVED,20000.0,Eligible
340,35.4,D,0,2,0.08,1500.0,REJECTED,0.0,< 6 vends,REJECTED,0.0,< 4 vends,REJECTED,0.0,< 3 vends
341,70.4,B,12,3,0.03,185511.0,REJECTED,0.0,< 6 vends,REJECTED,0.0,< 4 vends,APPROVED,20000.0,Eligible
342,38.8,D,4,7,0.06,1539.5,REJECTED,0.0,Eligible,REJECTED,0.0,Eligible,REJECTED,0.0,Eligible
343,42.2,D,3,9,0.02,2000.0,REJECTED,0.0,Eligible,REJECTED,0.0,Eligible,REJECTED,0.0,Eligible
344,45.4,D,0,9,0.04,2000.0,REJECTED,0.0,Eligible,REJECTED,0.0,Eligible,REJECTED,0.0,Eligible
345,44.6,D,1,6,0.05,1750.0,REJECTED,0.0,Eligible,REJECTED,0.0,Eligible,REJECTED,0.0,Eligible
346,29.7,D,12,2,0.09,1295.0,REJECTED,0.0,< 6 vends,REJECTED,0.0,< 4 vends,REJECTED,0.0,< 3 vends
347,34.4,D,0,4,0.06,1500.0,REJECTED,0.0,< 6 vends,REJECTED,0.0,Eligible,REJECTED,0.0,Eligible
348,36.6,D,28,4,0.12,2000.0,REJECTED,0.0,< 6 vends,REJECTED,0.0,Eligible,REJECTED,0.0,Eligible
349,35.9,D,30,2,0.1,1625.0,REJECTED,0.0,< 6 vends,REJECTED,0.0,< 4 vends,REJECTED,0.0,< 3 vends
350,46.9,D,1,8,0.02,1750.0,REJECTED,0.0,Eligible,REJECTED,0.0,Eligible,REJECTED,0.0,Eligible
351,42.3,D,4,11,0.04,1750.0,REJECTED,0.0,Eligible,REJECTED,0.0,Eligible,REJECTED,0.0,Eligible
352,36.8,D,0,6,0.05,1250.0,REJECTED,0.0,Eligible,REJECTED,0.0,Eligible,REJECTED,0.0,Eligible
353,34.4,D,21,4,0.07,2000.0,REJECTED,0.0,< 6 vends,REJECTED,0.0,Eligible,REJECTED,0.0,Eligible
354,39.0,D,0,7,0.08,1750.0,REJECTED,0.0,Eligible,REJECTED,0.0,Eligible,REJECTED,0.0,Eligible
355,46.0,D,4,5,0.13,1574.0,REJECTED,0.0,< 6 vends,REJECTED,0.0,Eligible,REJECTED,0.0,Eligible
356,48.7,D,2,13,0.05,2000.0,REJECTED,0.0,Eligible,REJECTED,0.0,Eligible,REJECTED,0.0,Eligible
357,33.9,D,17,4,0.11,1750.0,REJECTED,0.0,< 6 vends,REJECTED,0.0,Eligible,REJECTED,0.0,Eligible
358,62.4,C,83,0,0.1,55000.0,REJECTED,0.0,< 6 vends; > 30 days dormant,REJECTED,0.0,< 4 vends; > 45 days dormant,REJECTED,0.0,< 3 vends; > 60 days dormant
359,41.5,D,1,9,0.02,1500.0,REJECTED,0.0,Eligible,REJECTED,0.0,Eligible,REJECTED,0.0,Eligible
360,43.3,D,1,5,0.05,2000.0,REJECTED,0.0,< 6 vends,REJECTED,0.0,Eligible,REJECTED,0.0,Eligible
361,44.1,D,1,8,0.0,2000.0,REJECTED,0.0,Eligible,REJECTED,0.0,Eligible,REJECTED,0.0,Eligible
362,49.9,D,0,8,0.04,2000.0,REJECTED,0.0,Eligible,REJECTED,0.0,Eligible,REJECTED,0.0,Eligible
363,33.4,D,2,1,0.08,2000.0,REJECTED,0.0,< 6 vends,REJECTED,0.0,< 4 vends,REJECTED,0.0,< 3 vends
364,73.8,B,11,8,0.02,50000.0,APPROVED,7500.0,Eligible,APPROVED,20000.0,Eligible,APPROVED,20000.0,Eligible
365,42.7,D,0,8,0.07,2250.0,REJECTED,0.0,Eligible,REJECTED,0.0,Eligible,REJECTED,0.0,Eligible
366,33.7,D,3,3,0.05,1500.0,REJECTED,0.0,< 6 vends,REJECTED,0.0,< 4 vends,REJECTED,0.0,Eligible
367,39.6,D,0,5,0.09,2000.0,REJECTED,0.0,< 6 vends,REJECTED,0.0,Eligible,REJECTED,0.0,Eligible
368,44.4,D,8,7,0.0,2000.0,REJECTED,0.0,Eligible,REJECTED,0.0,Eligible,REJECTED,0.0,Eligible
369,43.5,D,1,7,0.14,2000.0,REJECTED,0.0,Eligible,REJECTED,0.0,Eligible,REJECTED,0.0,Eligible
370,45.9,D,3,7,0.02,2000.0,REJECTED,0.0,Eligible,REJECTED,0.0,Eligible,REJECTED,0.0,Eligible
371,48.6,D,1,14,0.02,2000.0,REJECTED,0.0,Eligible,REJECTED,0.0,Eligible,REJECTED,0.0,Eligible
372,36.1,D,11,6,0.13,1500.0,REJECTED,0.0,Eligible,REJECTED,0.0,Eligible,REJECTED,0.0,Eligible
373,41.9,D,2,6,0.03,2000.0,REJECTED,0.0,Eligible,REJECTED,0.0,Eligible,REJECTED,0.0,Eligible
374,64.9,C,20,4,0.1,50000.0,REJECTED,0.0,< 6 vends,APPROVED,20000.0,Eligible,APPROVED,20000.0,Eligible
375,43.9,D,3,7,0.03,2500.0,REJECTED,0.0,Eligible,REJECTED,0.0,Eligible,REJECTED,0.0,Eligible
376,48.7,D,7,11,0.06,2000.0,REJECTED,0.0,Eligible,REJECTED,0.0,Eligible,REJECTED,0.0,Eligible
377,34.5,D,92,0,0.0,2000.0,REJECTED,0.0,< 6 vends; > 30 days dormant,REJECTED,0.0,< 4 vends; > 45 days dormant,REJECTED,0.0,< 3 vends; > 60 days dormant
378,35.7,D,3,2,0.05,2000.0,REJECTED,0.0,< 6 vends,REJECTED,0.0,< 4 vends,REJECTED,0.0,< 3 vends
379,65.7,B,18,6,0.04,50000.0,APPROVED,7500.0,Eligible,APPROVED,20000.0,Eligible,APPROVED,20000.0,Eligible
380,40.0,D,4,9,0.05,1500.0,REJECTED,0.0,Eligible,REJECTED,0.0,Eligible,REJECTED,0.0,Eligible
381,70.8,B,3,8,0.05,50000.0,APPROVED,7500.0,Eligible,APPROVED,20000.0,Eligible,APPROVED,20000.0,Eligible
382,45.2,D,0,9,0.0,1750.0,REJECTED,0.0,Eligible,REJECTED,0.0,Eligible,REJECTED,0.0,Eligible
383,39.9,D,0,11,0.06,2000.0,REJECTED,0.0,Eligible,REJECTED,0.0,Eligible,REJECTED,0.0,Eligible
384,44.3,D,7,10,0.02,2000.0,REJECTED,0.0,Eligible,REJECTED,0.0,Eligible,REJECTED,0.0,Eligible
385,76.8,B,2,10,0.04,200000.0,APPROVED,7500.0,Eligible,APPROVED,20000.0,Eligible,APPROVED,20000.0,Eligible
386,42.6,D,2,8,0.03,1882.0,REJECTED,0.0,Eligible,REJECTED,0.0,Eligible,REJECTED,0.0,Eligible
387,37.9,D,2,8,0.0,1750.0,REJECTED,0.0,Eligible,REJECTED,0.0,Eligible,REJECTED,0.0,Eligible
388,70.9,B,1,5,0.09,52500.0,REJECTED,0.0,< 6 vends,APPROVED,20000.0,Eligible,APPROVED,20000.0,Eligible
389,37.9,D,4,7,0.11,2000.0,REJECTED,0.0,Eligible,REJECTED,0.0,Eligible,REJECTED,0.0,Eligible
390,75.3,B,0,8,0.04,58000.0,APPROVED,7500.0,Eligible,APPROVED,20000.0,Eligible,APPROVED,20000.0,Eligible
391,38.6,D,0,4,0.04,2000.0,REJECTED,0.0,< 6 vends,REJECTED,0.0,Eligible,REJECTED,0.0,Eligible
392,41.0,D,3,4,0.08,2316.5,REJECTED,0.0,< 6 vends,REJECTED,0.0,Eligible,REJECTED,0.0,Eligible
393,41.6,D,0,13,0.0,1500.0,REJECTED,0.0,Eligible,REJECTED,0.0,Eligible,REJECTED,0.0,Eligible
394,48.9,D,5,16,0.02,2000.0,REJECTED,0.0,Eligible,REJECTED,0.0,Eligible,REJECTED,0.0,Eligible
395,42.4,D,0,7,0.0,2000.0,REJECTED,0.0,Eligible,REJECTED,0.0,Eligible,REJECTED,0.0,Eligible
396,36.8,D,1,4,0.11,1800.0,REJECTED,0.0,< 6 vends,REJECTED,0.0,Eligible,REJECTED,0.0,Eligible
397,41.7,D,2,6,0.0,2000.0,REJECTED,0.0,Eligible,REJECTED,0.0,Eligible,REJECTED,0.0,Eligible
398,43.4,D,10,9,0.06,2000.0,REJECTED,0.0,Eligible,REJECTED,0.0,Eligible,REJECTED,0.0,Eligible
399,47.3,D,1,11,0.05,1907.0,REJECTED,0.0,Eligible,REJECTED,0.0,Eligible,REJECTED,0.0,Eligible
400,66.8,B,2,6,0.04,50000.0,APPROVED,7500.0,Eligible,APPROVED,20000.0,Eligible,APPROVED,20000.0,Eligible
401,43.9,D,12,8,0.07,2000.0,REJECTED,0.0,Eligible,REJECTED,0.0,Eligible,REJECTED,0.0,Eligible
402,77.7,B,0,13,0.02,180000.0,APPROVED,7500.0,Eligible,APPROVED,20000.0,Eligible,APPROVED,20000.0,Eligible
403,48.6,D,2,7,0.09,2500.0,REJECTED,0.0,Eligible,REJECTED,0.0,Eligible,REJECTED,0.0,Eligible
404,48.9,D,24,2,0.23,4228.0,REJECTED,0.0,< 6 vends; High Failure Rate (23%),REJECTED,0.0,< 4 vends,REJECTED,0.0,< 3 vends
405,35.6,D,0,7,0.1,1500.0,REJECTED,0.0,Eligible,REJECTED,0.0,Eligible,REJECTED,0.0,Eligible
406,49.0,D,1,13,0.06,2000.0,REJECTED,0.0,Eligible,REJECTED,0.0,Eligible,REJECTED,0.0,Eligible
407,40.4,D,3,6,0.07,1500.0,REJECTED,0.0,Eligible,REJECTED,0.0,Eligible,REJECTED,0.0,Eligible
408,73.7,B,1,9,0.08,65500.0,APPROVED,7500.0,Eligible,APPROVED,20000.0,Eligible,APPROVED,20000.0,Eligible
409,37.4,D,20,3,0.0,2000.0,REJECTED,0.0,< 6 vends,REJECTED,0.0,< 4 vends,REJECTED,0.0,Eligible
410,59.4,C,17,2,0.0,44000.0,REJECTED,0.0,< 6 vends,REJECTED,0.0,< 4 vends,REJECTED,0.0,< 3 vends
411,64.7,C,12,5,0.08,200000.0,REJECTED,0.0,< 6 vends,APPROVED,20000.0,Eligible,APPROVED,20000.0,Eligible
412,40.8,D,4,8,0.08,1506.5,REJECTED,0.0,Eligible,REJECTED,0.0,Eligible,REJECTED,0.0,Eligible
413,36.0,D,0,8,0.07,1500.0,REJECTED,0.0,Eligible,REJECTED,0.0,Eligible,REJECTED,0.0,Eligible
414,41.0,D,1,7,0.07,2000.0,REJECTED,0.0,Eligible,REJECTED,0.0,Eligible,REJECTED,0.0,Eligible
415,42.7,D,1,5,0.05,1750.0,REJECTED,0.0,< 6 vends,REJECTED,0.0,Eligible,REJECTED,0.0,Eligible
416,41.8,D,3,4,0.09,2000.0,REJECTED,0.0,< 6 vends,REJECTED,0.0,Eligible,REJECTED,0.0,Eligible
417,42.2,D,36,3,0.15,2500.0,REJECTED,0.0,< 6 vends; > 30 days dormant,REJECTED,0.0,< 4 vends,REJECTED,0.0,Eligible
418,42.6,D,1,13,0.04,1500.0,REJECTED,0.0,Eligible,REJECTED,0.0,Eligible,REJECTED,0.0,Eligible
419,74.9,B,4,6,0.02,186058.5,APPROVED,7500.0,Eligible,APPROVED,20000.0,Eligible,APPROVED,20000.0,Eligible
420,40.9,D,3,10,0.08,2000.0,REJECTED,0.0,Eligible,REJECTED,0.0,Eligible,REJECTED,0.0,Eligible
421,30.4,D,31,1,0.18,1500.0,REJECTED,0.0,< 6 vends; > 30 days dormant,REJECTED,0.0,< 4 vends,REJECTED,0.0,< 3 vends
422,41.4,D,1,5,0.05,2000.0,REJECTED,0.0,< 6 vends,REJECTED,0.0,Eligible,REJECTED,0.0,Eligible
423,45.5,D,4,7,0.05,2000.0,REJECTED,0.0,Eligible,REJECTED,0.0,Eligible,REJECTED,0.0,Eligible
424,32.2,D,0,5,0.12,1055.0,REJECTED,0.0,< 6 vends,REJECTED,0.0,Eligible,REJECTED,0.0,Eligible
425,41.5,D,0,2,0.15,2500.0,REJECTED,0.0,< 6 vends,REJECTED,0.0,< 4 vends,REJECTED,0.0,< 3 vends
426,37.3,D,45,1,0.0,2458.0,REJECTED,0.0,< 6 vends; > 30 days dormant,REJECTED,0.0,< 4 vends,REJECTED,0.0,< 3 vends
427,48.2,D,1,8,0.03,2250.0,REJECTED,0.0,Eligible,REJECTED,0.0,Eligible,REJECTED,0.0,Eligible
428,40.0,D,4,10,0.05,1524.0,REJECTED,0.0,Eligible,REJECTED,0.0,Eligible,REJECTED,0.0,Eligible
429,64.2,C,5,3,0.23,50000.0,REJECTED,0.0,< 6 vends; High Failure Rate (23%),REJECTED,0.0,< 4 vends,APPROVED,20000.0,Eligible
430,65.7,B,6,7,0.0,40000.0,APPROVED,7500.0,Eligible,APPROVED,20000.0,Eligible,APPROVED,20000.0,Eligible
431,61.9,C,36,2,0.26,69000.0,REJECTED,0.0,< 6 vends; > 30 days dormant; High Failure Rate (26%),REJECTED,0.0,< 4 vends,REJECTED,0.0,< 3 vends
432,41.0,D,3,5,0.08,1500.0,REJECTED,0.0,< 6 vends,REJECTED,0.0,Eligible,REJECTED,0.0,Eligible
433,46.5,D,0,10,0.0,2000.0,REJECTED,0.0,Eligible,REJECTED,0.0,Eligible,REJECTED,0.0,Eligible
434,34.2,D,0,3,0.07,2000.0,REJECTED,0.0,< 6 vends,REJECTED,0.0,< 4 vends,REJECTED,0.0,Eligible
435,37.7,D,4,7,0.06,1500.0,REJECTED,0.0,Eligible,REJECTED,0.0,Eligible,REJECTED,0.0,Eligible
436,49.0,D,10,13,0.08,2000.0,REJECTED,0.0,Eligible,REJECTED,0.0,Eligible,REJECTED,0.0,Eligible
437,73.5,B,1,11,0.04,54000.0,APPROVED,7500.0,Eligible,APPROVED,20000.0,Eligible,APPROVED,20000.0,Eligible
438,39.9,D,1,7,0.08,1884.0,REJECTED,0.0,Eligible,REJECTED,0.0,Eligible,REJECTED,0.0,Eligible
439,43.3,D,62,0,0.05,1750.0,REJECTED,0.0,< 6 vends; > 30 days dormant,REJECTED,0.0,< 4 vends; > 45 days dormant,REJECTED,0.0,< 3 vends; > 60 days dormant
440,44.8,D,0,12,0.1,1625.0,REJECTED,0.0,Eligible,REJECTED,0.0,Eligible,REJECTED,0.0,Eligible
441,70.9,B,14,5,0.05,44000.0,REJECTED,0.0,< 6 vends,APPROVED,20000.0,Eligible,APPROVED,20000.0,Eligible
442,47.9,D,12,4,0.13,2500.0,REJECTED,0.0,< 6 vends,REJECTED,0.0,Eligible,REJECTED,0.0,Eligible
443,34.0,D,0,4,0.05,1500.0,REJECTED,0.0,< 6 vends,REJECTED,0.0,Eligible,REJECTED,0.0,Eligible
444,69.5,B,15,3,0.06,74000.0,REJECTED,0.0,< 6 vends,REJECTED,0.0,< 4 vends,APPROVED,20000.0,Eligible
445,38.0,D,0,4,0.09,1952.5,REJECTED,0.0,< 6 vends,REJECTED,0.0,Eligible,REJECTED,0.0,Eligible
446,44.9,D,32,1,0.2,3000.0,REJECTED,0.0,< 6 vends; > 30 days dormant,REJECTED,0.0,< 4 vends,REJECTED,0.0,< 3 vends
447,67.2,B,0,4,0.17,200000.0,REJECTED,0.0,< 6 vends,APPROVED,20000.0,Eligible,APPROVED,20000.0,Eligible
448,63.9,C,31,2,0.05,52500.0,REJECTED,0.0,< 6 vends; > 30 days dormant,REJECTED,0.0,< 4 vends,REJECTED,0.0,< 3 vends
449,52.0,C,14,6,0.03,3000.0,REJECTED,0.0,Below Min Loan Size,REJECTED,0.0,Below Min Loan Size,APPROVED,2250.0,Eligible
450,40.3,D,0,6,0.17,1750.0,REJECTED,0.0,Eligible,REJECTED,0.0,Eligible,REJECTED,0.0,Eligible
451,40.3,D,17,4,0.0,1750.0,REJECTED,0.0,< 6 vends,REJECTED,0.0,Eligible,REJECTED,0.0,Eligible
452,40.9,D,3,13,0.1,2000.0,REJECTED,0.0,Eligible,REJECTED,0.0,Eligible,REJECTED,0.0,Eligible
453,47.5,D,1,16,0.0,2000.0,REJECTED,0.0,Eligible,REJECTED,0.0,Eligible,REJECTED,0.0,Eligible
454,44.1,D,1,8,0.05,2000.0,REJECTED,0.0,Eligible,REJECTED,0.0,Eligible,REJECTED,0.0,Eligible
455,74.2,B,4,12,0.04,50000.0,APPROVED,7500.0,Eligible,APPROVED,20000.0,Eligible,APPROVED,20000.0,Eligible
456,64.1,C,6,2,0.08,50000.0,REJECTED,0.0,< 6 vends,REJECTED,0.0,< 4 vends,REJECTED,0.0,< 3 vends
457,38.7,D,0,3,0.0,2000.0,REJECTED,0.0,< 6 vends,REJECTED,0.0,< 4 vends,REJECTED,0.0,Eligible
458,46.0,D,12,5,0.04,1500.0,REJECTED,0.0,< 6 vends,REJECTED,0.0,Eligible,REJECTED,0.0,Eligible
459,41.0,D,11,11,0.0,1875.0,REJECTED,0.0,Eligible,REJECTED,0.0,Eligible,REJECTED,0.0,Eligible
460,36.8,D,19,3,0.15,1672.5,REJECTED,0.0,< 6 vends,REJECTED,0.0,< 4 vends,REJECTED,0.0,Eligible
461,70.7,B,17,6,0.07,42000.0,APPROVED,7500.0,Eligible,APPROVED,20000.0,Eligible,APPROVED,20000.0,Eligible
462,42.9,D,0,5,0.0,1750.0,REJECTED,0.0,< 6 vends,REJECTED,0.0,Eligible,REJECTED,0.0,Eligible
463,41.8,D,4,9,0.0,1875.0,REJECTED,0.0,Eligible,REJECTED,0.0,Eligible,REJECTED,0.0,Eligible
464,45.6,D,3,9,0.09,2000.0,REJECTED,0.0,Eligible,REJECTED,0.0,Eligible,REJECTED,0.0,Eligible
465,66.0,B,1,5,0.04,60500.0,REJECTED,0.0,< 6 vends,APPROVED,20000.0,Eligible,APPROVED,20000.0,Eligible
466,74.3,B,6,8,0.05,200000.0,APPROVED,7500.0,Eligible,APPROVED,20000.0,Eligible,APPROVED,20000.0,Eligible
467,46.4,D,0,14,0.02,2000.0,REJECTED,0.0,Eligible,REJECTED,0.0,Eligible,REJECTED,0.0,Eligible
468,34.6,D,16,6,0.05,1750.0,REJECTED,0.0,Eligible,REJECTED,0.0,Eligible,REJECTED,0.0,Eligible
469,42.1,D,5,3,0.0,3000.0,REJECTED,0.0,< 6 vends,REJECTED,0.0,< 4 vends,REJECTED,0.0,Eligible
470,42.5,D,4,8,0.05,2000.0,REJECTED,0.0,Eligible,REJECTED,0.0,Eligible,REJECTED,0.0,Eligible
471,46.5,D,10,7,0.03,2500.0,REJECTED,0.0,Eligible,REJECTED,0.0,Eligible,REJECTED,0.0,Eligible
472,45.5,D,0,13,0.08,1875.0,REJECTED,0.0,Eligible,REJECTED,0.0,Eligible,REJECTED,0.0,Eligible
473,41.1,D,11,11,0.05,1750.0,REJECTED,0.0,Eligible,REJECTED,0.0,Eligible,REJECTED,0.0,Eligible
474,47.2,D,2,3,0.0,2345.0,REJECTED,0.0,< 6 vends,REJECTED,0.0,< 4 vends,REJECTED,0.0,Eligible
475,38.8,D,4,5,0.05,1500.0,REJECTED,0.0,< 6 vends,REJECTED,0.0,Eligible,REJECTED,0.0,Eligible
476,39.7,D,10,4,0.07,2500.0,REJECTED,0.0,< 6 vends,REJECTED,0.0,Eligible,REJECTED,0.0,Eligible
477,42.1,D,4,13,0.07,2000.0,REJECTED,0.0,Eligible,REJECTED,0.0,Eligible,REJECTED,0.0,Eligible
478,45.1,D,5,9,0.09,2345.0,REJECTED,0.0,Eligible,REJECTED,0.0,Eligible,REJECTED,0.0,Eligible
479,39.5,D,26,6,0.03,1750.0,REJECTED,0.0,Eligible,REJECTED,0.0,Eligible,REJECTED,0.0,Eligible
480,38.1,D,17,4,0.15,2250.0,REJECTED,0.0,< 6 vends,REJECTED,0.0,Eligible,REJECTED,0.0,Eligible
481,36.9,D,29,3,0.0,1889.0,REJECTED,0.0,< 6 vends,REJECTED,0.0,< 4 vends,REJECTED,0.0,Eligible
482,43.5,D,1,10,0.11,2304.0,REJECTED,0.0,Eligible,REJECTED,0.0,Eligible,REJECTED,0.0,Eligible
483,43.5,D,1,9,0.06,2000.0,REJECTED,0.0,Eligible,REJECTED,0.0,Eligible,REJECTED,0.0,Eligible
484,45.0,D,28,6,0.0,2000.0,REJECTED,0.0,Eligible,REJECTED,0.0,Eligible,REJECTED,0.0,Eligible
485,41.0,D,2,8,0.12,2000.0,REJECTED,0.0,Eligible,REJECTED,0.0,Eligible,REJECTED,0.0,Eligible
486,71.1,B,6,4,0.03,180000.0,REJECTED,0.0,< 6 vends,APPROVED,20000.0,Eligible,APPROVED,20000.0,Eligible
487,68.9,B,2,9,0.09,68500.0,APPROVED,7500.0,Eligible,APPROVED,20000.0,Eligible,APPROVED,20000.0,Eligible
488,66.4,B,4,5,0.06,56000.0,REJECTED,0.0,< 6 vends,APPROVED,20000.0,Eligible,APPROVED,20000.0,Eligible
489,34.1,D,0,3,0.07,1250.0,REJECTED,0.0,< 6 vends,REJECTED,0.0,< 4 vends,REJECTED,0.0,Eligible
490,40.7,D,3,12,0.03,2000.0,REJECTED,0.0,Eligible,REJECTED,0.0,Eligible,REJECTED,0.0,Eligible
491,34.9,D,24,5,0.05,1817.0,REJECTED,0.0,< 6 vends,REJECTED,0.0,Eligible,REJECTED,0.0,Eligible
492,44.5,D,0,4,0.06,1937.5,REJECTED,0.0,< 6 vends,REJECTED,0.0,Eligible,REJECTED,0.0,Eligible
493,47.4,D,58,1,0.11,3000.0,REJECTED,0.0,< 6 vends; > 30 days dormant,REJECTED,0.0,< 4 vends; > 45 days dormant,REJECTED,0.0,< 3 vends
494,64.3,C,2,1,0.25,88000.0,REJECTED,0.0,< 6 vends; High Failure Rate (25%),REJECTED,0.0,< 4 vends,REJECTED,0.0,< 3 vends
495,39.1,D,2,8,0.05,1375.0,REJECTED,0.0,Eligible,REJECTED,0.0,Eligible,REJECTED,0.0,Eligible
496,47.2,D,20,5,0.05,2000.0,REJECTED,0.0,< 6 vends,REJECTED,0.0,Eligible,REJECTED,0.0,Eligible
497,47.0,D,4,3,0.0,3750.0,REJECTED,0.0,< 6 vends,REJECTED,0.0,< 4 vends,REJECTED,0.0,Eligible
498,45.7,D,0,8,0.0,2000.0,REJECTED,0.0,Eligible,REJECTED,0.0,Eligible,REJECTED,0.0,Eligible
499,42.6,D,6,5,0.05,2000.0,REJECTED,0.0,< 6 vends,REJECTED,0.0,Eligible,REJECTED,0.0,Eligible
500,50.4,C,0,10,0.02,2171.0,REJECTED,0.0,Below Min Loan Size,REJECTED,0.0,Below Min Loan Size,REJECTED,0.0,Below Min Loan Size
501,66.9,B,7,7,0.08,150000.0,APPROVED,7500.0,Eligible,APPROVED,20000.0,Eligible,APPROVED,20000.0,Eligible
502,38.4,D,0,3,0.07,2000.0,REJECTED,0.0,< 6 vends,REJECTED,0.0,< 4 vends,REJECTED,0.0,Eligible
503,45.5,D,5,8,0.04,3000.0,REJECTED,0.0,Eligible,REJECTED,0.0,Eligible,REJECTED,0.0,Eligible
504,40.8,D,1,8,0.13,1750.0,REJECTED,0.0,Eligible,REJECTED,0.0,Eligible,REJECTED,0.0,Eligible
505,42.1,D,11,9,0.05,2000.0,REJECTED,0.0,Eligible,REJECTED,0.0,Eligible,REJECTED,0.0,Eligible
506,43.9,D,0,7,0.04,1500.0,REJECTED,0.0,Eligible,REJECTED,0.0,Eligible,REJECTED,0.0,Eligible
507,40.6,D,2,11,0.03,2000.0,REJECTED,0.0,Eligible,REJECTED,0.0,Eligible,REJECTED,0.0,Eligible
508,39.8,D,0,5,0.07,1687.5,REJECTED,0.0,< 6 vends,REJECTED,0.0,Eligible,REJECTED,0.0,Eligible
509,35.8,D,0,5,0.11,1750.0,REJECTED,0.0,< 6 vends,REJECTED,0.0,Eligible,REJECTED,0.0,Eligible
510,66.1,B,5,7,0.03,47000.0,APPROVED,7500.0,Eligible,APPROVED,20000.0,Eligible,APPROVED,20000.0,Eligible
511,71.8,B,3,17,0.06,45000.0,APPROVED,7500.0,Eligible,APPROVED,20000.0,Eligible,APPROVED,20000.0,Eligible
512,72.1,B,4,8,0.1,56000.0,APPROVED,7500.0,Eligible,APPROVED,20000.0,Eligible,APPROVED,20000.0,Eligible
513,30.6,D,4,2,0.14,1273.5,REJECTED,0.0,< 6 vends,REJECTED,0.0,< 4 vends,REJECTED,0.0,< 3 vends
514,46.0,D,0,7,0.09,2248.0,REJECTED,0.0,Eligible,REJECTED,0.0,Eligible,REJECTED,0.0,Eligible
515,49.0,D,3,9,0.02,2000.0,REJECTED,0.0,Eligible,REJECTED,0.0,Eligible,REJECTED,0.0,Eligible
516,43.4,D,5,6,0.04,2000.0,REJECTED,0.0,Eligible,REJECTED,0.0,Eligible,REJECTED,0.0,Eligible
517,43.2,D,1,8,0.07,2000.0,REJECTED,0.0,Eligible,REJECTED,0.0,Eligible,REJECTED,0.0,Eligible
518,41.5,D,4,4,0.03,1750.0,REJECTED,0.0,< 6 vends,REJECTED,0.0,Eligible,REJECTED,0.0,Eligible
519,30.4,D,14,1,0.0,1500.0,REJECTED,0.0,< 6 vends,REJECTED,0.0,< 4 vends,REJECTED,0.0,< 3 vends
520,42.0,D,0,4,0.06,2500.0,REJECTED,0.0,< 6 vends,REJECTED,0.0,Eligible,REJECTED,0.0,Eligible
521,41.7,D,4,5,0.08,2000.0,REJECTED,0.0,< 6 vends,REJECTED,0.0,Eligible,REJECTED,0.0,Eligible
522,34.5,D,18,3,0.0,2000.0,REJECTED,0.0,< 6 vends,REJECTED,0.0,< 4 vends,REJECTED,0.0,Eligible
523,45.8,D,2,9,0.1,2000.0,REJECTED,0.0,Eligible,REJECTED,0.0,Eligible,REJECTED,0.0,Eligible
524,46.4,D,2,7,0.0,2500.0,REJECTED,0.0,Eligible,REJECTED,0.0,Eligible,REJECTED,0.0,Eligible
525,39.8,D,1,8,0.06,2000.0,REJECTED,0.0,Eligible,REJECTED,0.0,Eligible,REJECTED,0.0,Eligible
526,67.5,B,11,4,0.0,237528.0,REJECTED,0.0,< 6 vends,APPROVED,20000.0,Eligible,APPROVED,20000.0,Eligible
527,43.8,D,1,7,0.06,2000.0,REJECTED,0.0,Eligible,REJECTED,0.0,Eligible,REJECTED,0.0,Eligible
528,31.5,D,4,3,0.13,1500.0,REJECTED,0.0,< 6 vends,REJECTED,0.0,< 4 vends,REJECTED,0.0,Eligible
529,44.6,D,2,6,0.09,2250.0,REJECTED,0.0,Eligible,REJECTED,0.0,Eligible,REJECTED,0.0,Eligible
530,47.1,D,3,12,0.02,2000.0,REJECTED,0.0,Eligible,REJECTED,0.0,Eligible,REJECTED,0.0,Eligible
531,47.2,D,2,7,0.0,1500.0,REJECTED,0.0,Eligible,REJECTED,0.0,Eligible,REJECTED,0.0,Eligible
532,42.3,D,1,8,0.05,2000.0,REJECTED,0.0,Eligible,REJECTED,0.0,Eligible,REJECTED,0.0,Eligible
533,42.8,D,15,5,0.04,1875.0,REJECTED,0.0,< 6 vends,REJECTED,0.0,Eligible,REJECTED,0.0,Eligible
534,47.2,D,2,9,0.02,2000.0,REJECTED,0.0,Eligible,REJECTED,0.0,Eligible,REJECTED,0.0,Eligible
535,44.5,D,8,3,0.0,3000.0,REJECTED,0.0,< 6 vends,REJECTED,0.0,< 4 vends,REJECTED,0.0,Eligible
536,44.0,D,2,14,0.08,1953.0,REJECTED,0.0,Eligible,REJECTED,0.0,Eligible,REJECTED,0.0,Eligible
537,41.5,D,5,4,0.05,1875.0,REJECTED,0.0,< 6 vends,REJECTED,0.0,Eligible,REJECTED,0.0,Eligible
538,45.0,D,0,8,0.04,2000.0,REJECTED,0.0,Eligible,REJECTED,0.0,Eligible,REJECTED,0.0,Eligible
539,42.9,D,6,7,0.05,2000.0,REJECTED,0.0,Eligible,REJECTED,0.0,Eligible,REJECTED,0.0,Eligible
540,44.3,D,0,12,0.02,1934.0,REJECTED,0.0,Eligible,REJECTED,0.0,Eligible,REJECTED,0.0,Eligible
541,45.4,D,8,7,0.02,2500.0,REJECTED,0.0,Eligible,REJECTED,0.0,Eligible,REJECTED,0.0,Eligible
542,35.0,D,27,3,0.04,1428.5,REJECTED,0.0,< 6 vends,REJECTED,0.0,< 4 vends,REJECTED,0.0,Eligible
543,41.9,D,2,3,0.05,1937.5,REJECTED,0.0,< 6 vends,REJECTED,0.0,< 4 vends,REJECTED,0.0,Eligible
544,47.0,D,1,10,0.02,2000.0,REJECTED,0.0,Eligible,REJECTED,0.0,Eligible,REJECTED,0.0,Eligible
545,45.1,D,4,8,0.14,2000.0,REJECTED,0.0,Eligible,REJECTED,0.0,Eligible,REJECTED,0.0,Eligible
546,74.4,B,2,14,0.08,180000.0,APPROVED,7500.0,Eligible,APPROVED,20000.0,Eligible,APPROVED,20000.0,Eligible
547,45.4,D,34,1,0.15,2058.0,REJECTED,0.0,< 6 vends; > 30 days dormant,REJECTED,0.0,< 4 vends,REJECTED,0.0,< 3 vends
548,42.4,D,4,10,0.07,2000.0,REJECTED,0.0,Eligible,REJECTED,0.0,Eligible,REJECTED,0.0,Eligible
549,71.9,B,3,7,0.04,46000.0,APPROVED,7500.0,Eligible,APPROVED,20000.0,Eligible,APPROVED,20000.0,Eligible
550,36.0,D,3,6,0.07,1500.0,REJECTED,0.0,Eligible,REJECTED,0.0,Eligible,REJECTED,0.0,Eligible
551,37.3,D,3,3,0.11,2000.0,REJECTED,0.0,< 6 vends,REJECTED,0.0,< 4 vends,REJECTED,0.0,Eligible
552,43.0,D,0,12,0.04,2000.0,REJECTED,0.0,Eligible,REJECTED,0.0,Eligible,REJECTED,0.0,Eligible
553,45.1,D,2,8,0.07,2000.0,REJECTED,0.0,Eligible,REJECTED,0.0,Eligible,REJECTED,0.0,Eligible
554,29.1,D,66,0,0.08,1000.0,REJECTED,0.0,< 6 vends; > 30 days dormant,REJECTED,0.0,< 4 vends; > 45 days dormant,REJECTED,0.0,< 3 vends; > 60 days dormant
555,73.7,B,5,9,0.08,55000.0,APPROVED,7500.0,Eligible,APPROVED,20000.0,Eligible,APPROVED,20000.0,Eligible
556,72.6,B,2,10,0.04,56000.0,APPROVED,7500.0,Eligible,APPROVED,20000.0,Eligible,APPROVED,20000.0,Eligible
557,37.8,D,21,2,0.04,2000.0,REJECTED,0.0,< 6 vends,REJECTED,0.0,< 4 vends,REJECTED,0.0,< 3 vends
558,33.9,D,0,3,0.07,1875.0,REJECTED,0.0,< 6 vends,REJECTED,0.0,< 4 vends,REJECTED,0.0,Eligible
559,43.2,D,3,6,0.07,1919.5,REJECTED,0.0,Eligible,REJECTED,0.0,Eligible,REJECTED,0.0,Eligible
560,46.9,D,3,8,0.03,2000.0,REJECTED,0.0,Eligible,REJECTED,0.0,Eligible,REJECTED,0.0,Eligible
561,74.2,B,7,18,0.02,50000.0,APPROVED,7500.0,Eligible,APPROVED,20000.0,Eligible,APPROVED,20000.0,Eligible
562,35.9,D,4,2,0.0,2000.0,REJECTED,0.0,< 6 vends,REJECTED,0.0,< 4 vends,REJECTED,0.0,< 3 vends
563,35.3,D,1,4,0.0,1625.0,REJECTED,0.0,< 6 vends,REJECTED,0.0,Eligible,REJECTED,0.0,Eligible
564,36.9,D,1,6,0.0,1698.0,REJECTED,0.0,Eligible,REJECTED,0.0,Eligible,REJECTED,0.0,Eligible
565,47.0,D,7,13,0.02,2000.0,REJECTED,0.0,Eligible,REJECTED,0.0,Eligible,REJECTED,0.0,Eligible
566,70.3,B,31,2,0.1,180000.0,REJECTED,0.0,< 6 vends; > 30 days dormant,REJECTED,0.0,< 4 vends,REJECTED,0.0,< 3 vends
567,33.1,D,13,1,0.0,2000.0,REJECTED,0.0,< 6 vends,REJECTED,0.0,< 4 vends,REJECTED,0.0,< 3 vends
568,39.5,D,13,1,0.0,2228.0,REJECTED,0.0,< 6 vends,REJECTED,0.0,< 4 vends,REJECTED,0.0,< 3 vends
569,47.5,D,14,10,0.04,2274.0,REJECTED,0.0,Eligible,REJECTED,0.0,Eligible,REJECTED,0.0,Eligible
570,43.7,D,1,7,0.0,2000.0,REJECTED,0.0,Eligible,REJECTED,0.0,Eligible,REJECTED,0.0,Eligible
571,36.0,D,0,3,0.07,2000.0,REJECTED,0.0,< 6 vends,REJECTED,0.0,< 4 vends,REJECTED,0.0,Eligible
572,38.7,D,21,6,0.11,1937.5,REJECTED,0.0,Eligible,REJECTED,0.0,Eligible,REJECTED,0.0,Eligible
573,68.3,B,5,7,0.08,163410.5,APPROVED,7500.0,Eligible,APPROVED,20000.0,Eligible,APPROVED,20000.0,Eligible
574,41.4,D,2,8,0.04,2000.0,REJECTED,0.0,Eligible,REJECTED,0.0,Eligible,REJECTED,0.0,Eligible
575,41.2,D,2,9,0.03,1937.5,REJECTED,0.0,Eligible,REJECTED,0.0,Eligible,REJECTED,0.0,Eligible
576,41.1,D,3,6,0.04,2000.0,REJECTED,0.0,Eligible,REJECTED,0.0,Eligible,REJECTED,0.0,Eligible
577,43.1,D,1,11,0.09,2000.0,REJECTED,0.0,Eligible,REJECTED,0.0,Eligible,REJECTED,0.0,Eligible
578,43.7,D,0,16,0.04,2000.0,REJECTED,0.0,Eligible,REJECTED,0.0,Eligible,REJECTED,0.0,Eligible
579,42.9,D,0,9,0.05,2000.0,REJECTED,0.0,Eligible,REJECTED,0.0,Eligible,REJECTED,0.0,Eligible
580,39.7,D,27,2,0.1,1500.0,REJECTED,0.0,< 6 vends,REJECTED,0.0,< 4 vends,REJECTED,0.0,< 3 vends
581,72.0,B,0,12,0.03,58500.0,APPROVED,7500.0,Eligible,APPROVED,20000.0,Eligible,APPROVED,20000.0,Eligible
582,36.3,D,3,3,0.08,1750.0,REJECTED,0.0,< 6 vends,REJECTED,0.0,< 4 vends,REJECTED,0.0,Eligible
583,42.7,D,1,5,0.0,2000.0,REJECTED,0.0,< 6 vends,REJECTED,0.0,Eligible,REJECTED,0.0,Eligible
584,40.7,D,10,8,0.13,1500.0,REJECTED,0.0,Eligible,REJECTED,0.0,Eligible,REJECTED,0.0,Eligible
585,70.4,B,18,6,0.0,45000.0,APPROVED,7500.0,Eligible,APPROVED,20000.0,Eligible,APPROVED,20000.0,Eligible
586,36.1,D,1,5,0.04,1500.0,REJECTED,0.0,< 6 vends,REJECTED,0.0,Eligible,REJECTED,0.0,Eligible
587,43.1,D,0,8,0.06,2000.0,REJECTED,0.0,Eligible,REJECTED,0.0,Eligible,REJECTED,0.0,Eligible
588,51.1,C,8,9,0.02,2000.0,REJECTED,0.0,Below Min Loan Size,REJECTED,0.0,Below Min Loan Size,REJECTED,0.0,Below Min Loan Size
589,65.3,B,32,1,0.0,300000.0,REJECTED,0.0,< 6 vends; > 30 days dormant,REJECTED,0.0,< 4 vends,REJECTED,0.0,< 3 vends
590,69.7,B,9,9,0.05,52000.0,APPROVED,7500.0,Eligible,APPROVED,20000.0,Eligible,APPROVED,20000.0,Eligible
591,44.4,D,0,14,0.06,1750.0,REJECTED,0.0,Eligible,REJECTED,0.0,Eligible,REJECTED,0.0,Eligible
592,41.4,D,9,5,0.14,1500.0,REJECTED,0.0,< 6 vends,REJECTED,0.0,Eligible,REJECTED,0.0,Eligible
593,65.0,B,31,1,0.2,60500.0,REJECTED,0.0,< 6 vends; > 30 days dormant,REJECTED,0.0,< 4 vends,REJECTED,0.0,< 3 vends
594,35.2,D,3,5,0.09,1750.0,REJECTED,0.0,< 6 vends,REJECTED,0.0,Eligible,REJECTED,0.0,Eligible
595,70.3,B,2,7,0.07,43000.0,APPROVED,7500.0,Eligible,APPROVED,20000.0,Eligible,APPROVED,20000.0,Eligible
596,68.8,B,34,1,0.04,63500.0,REJECTED,0.0,< 6 vends; > 30 days dormant,REJECTED,0.0,< 4 vends,REJECTED,0.0,< 3 vends
597,44.4,D,2,13,0.02,2000.0,REJECTED,0.0,Eligible,REJECTED,0.0,Eligible,REJECTED,0.0,Eligible
598,47.3,D,2,10,0.09,2000.0,REJECTED,0.0,Eligible,REJECTED,0.0,Eligible,REJECTED,0.0,Eligible
599,74.5,B,3,9,0.0,180000.0,APPROVED,7500.0,Eligible,APPROVED,20000.0,Eligible,APPROVED,20000.0,Eligible
600,50.2,C,0,6,0.02,2500.0,REJECTED,0.0,Below Min Loan Size,REJECTED,0.0,Below Min Loan Size,REJECTED,0.0,Below Min Loan Size
601,44.9,D,19,2,0.04,2000.0,REJECTED,0.0,< 6 vends,REJECTED,0.0,< 4 vends,REJECTED,0.0,< 3 vends
602,44.3,D,2,8,0.08,2000.0,REJECTED,0.0,Eligible,REJECTED,0.0,Eligible,REJECTED,0.0,Eligible
603,40.3,D,8,6,0.06,2062.0,REJECTED,0.0,Eligible,REJECTED,0.0,Eligible,REJECTED,0.0,Eligible
604,38.9,D,5,7,0.0,1892.5,REJECTED,0.0,Eligible,REJECTED,0.0,Eligible,REJECTED,0.0,Eligible
605,31.7,D,4,2,0.0,1687.5,REJECTED,0.0,< 6 vends,REJECTED,0.0,< 4 vends,REJECTED,0.0,< 3 vends
606,45.9,D,9,7,0.02,2000.0,REJECTED,0.0,Eligible,REJECTED,0.0,Eligible,REJECTED,0.0,Eligible
607,44.7,D,7,6,0.09,2000.0,REJECTED,0.0,Eligible,REJECTED,0.0,Eligible,REJECTED,0.0,Eligible
608,34.3,D,3,3,0.07,2009.0,REJECTED,0.0,< 6 vends,REJECTED,0.0,< 4 vends,REJECTED,0.0,Eligible
609,40.7,D,9,1,0.11,2500.0,REJECTED,0.0,< 6 vends,REJECTED,0.0,< 4 vends,REJECTED,0.0,< 3 vends
610,52.7,C,0,7,0.04,2000.0,REJECTED,0.0,Below Min Loan Size,REJECTED,0.0,Below Min Loan Size,REJECTED,0.0,Below Min Loan Size
611,42.7,D,0,9,0.05,1687.5,REJECTED,0.0,Eligible,REJECTED,0.0,Eligible,REJECTED,0.0,Eligible
612,38.2,D,2,7,0.04,2000.0,REJECTED,0.0,Eligible,REJECTED,0.0,Eligible,REJECTED,0.0,Eligible
613,62.2,C,9,2,0.09,45000.0,REJECTED,0.0,< 6 vends,REJECTED,0.0,< 4 vends,REJECTED,0.0,< 3 vends
614,44.4,D,1,7,0.09,2000.0,REJECTED,0.0,Eligible,REJECTED,0.0,Eligible,REJECTED,0.0,Eligible
615,42.2,D,12,6,0.15,2000.0,REJECTED,0.0,Eligible,REJECTED,0.0,Eligible,REJECTED,0.0,Eligible
616,38.2,D,1,4,0.15,2000.0,REJECTED,0.0,< 6 vends,REJECTED,0.0,Eligible,REJECTED,0.0,Eligible
617,75.4,B,5,9,0.06,50500.0,APPROVED,7500.0,Eligible,APPROVED,20000.0,Eligible,APPROVED,20000.0,Eligible
618,38.8,D,2,7,0.05,1500.0,REJECTED,0.0,Eligible,REJECTED,0.0,Eligible,REJECTED,0.0,Eligible
619,37.9,D,10,7,0.06,1625.0,REJECTED,0.0,Eligible,REJECTED,0.0,Eligible,REJECTED,0.0,Eligible
620,70.8,B,3,9,0.05,75000.0,APPROVED,7500.0,Eligible,APPROVED,20000.0,Eligible,APPROVED,20000.0,Eligible
621,44.7,D,1,3,0.14,3000.0,REJECTED,0.0,< 6 vends,REJECTED,0.0,< 4 vends,REJECTED,0.0,Eligible
622,42.0,D,1,7,0.07,1500.0,REJECTED,0.0,Eligible,REJECTED,0.0,Eligible,REJECTED,0.0,Eligible
623,48.6,D,0,8,0.03,2000.0,REJECTED,0.0,Eligible,REJECTED,0.0,Eligible,REJECTED,0.0,Eligible
624,38.4,D,0,3,0.18,2000.0,REJECTED,0.0,< 6 vends,REJECTED,0.0,< 4 vends,REJECTED,0.0,Eligible
625,45.6,D,5,3,0.09,3000.0,REJECTED,0.0,< 6 vends,REJECTED,0.0,< 4 vends,REJECTED,0.0,Eligible
626,63.7,C,3,3,0.11,50000.0,REJECTED,0.0,< 6 vends,REJECTED,0.0,< 4 vends,APPROVED,20000.0,Eligible
627,42.7,D,4,2,0.0,1750.0,REJECTED,0.0,< 6 vends,REJECTED,0.0,< 4 vends,REJECTED,0.0,< 3 vends
628,43.6,D,0,12,0.05,1937.5,REJECTED,0.0,Eligible,REJECTED,0.0,Eligible,REJECTED,0.0,Eligible
629,29.5,D,10,3,0.08,1234.0,REJECTED,0.0,< 6 vends,REJECTED,0.0,< 4 vends,REJECTED,0.0,Eligible
630,43.9,D,0,7,0.1,2000.0,REJECTED,0.0,Eligible,REJECTED,0.0,Eligible,REJECTED,0.0,Eligible
631,37.5,D,3,2,0.08,2125.0,REJECTED,0.0,< 6 vends,REJECTED,0.0,< 4 vends,REJECTED,0.0,< 3 vends
632,45.4,D,12,13,0.04,1658.0,REJECTED,0.0,Eligible,REJECTED,0.0,Eligible,REJECTED,0.0,Eligible
633,42.5,D,5,10,0.02,2000.0,REJECTED,0.0,Eligible,REJECTED,0.0,Eligible,REJECTED,0.0,Eligible
634,64.8,C,4,3,0.1,46000.0,REJECTED,0.0,< 6 vends,REJECTED,0.0,< 4 vends,APPROVED,20000.0,Eligible
635,43.3,D,3,5,0.02,1625.0,REJECTED,0.0,< 6 vends,REJECTED,0.0,Eligible,REJECTED,0.0,Eligible
636,43.1,D,4,9,0.07,2000.0,REJECTED,0.0,Eligible,REJECTED,0.0,Eligible,REJECTED,0.0,Eligible
637,65.2,B,3,3,0.0,60000.0,REJECTED,0.0,< 6 vends,REJECTED,0.0,< 4 vends,APPROVED,20000.0,Eligible
638,41.3,D,0,7,0.04,1750.0,REJECTED,0.0,Eligible,REJECTED,0.0,Eligible,REJECTED,0.0,Eligible
639,72.5,B,1,7,0.02,48500.0,APPROVED,7500.0,Eligible,APPROVED,20000.0,Eligible,APPROVED,20000.0,Eligible
640,72.9,B,3,13,0.04,53500.0,APPROVED,7500.0,Eligible,APPROVED,20000.0,Eligible,APPROVED,20000.0,Eligible
641,45.4,D,4,13,0.08,1807.0,REJECTED,0.0,Eligible,REJECTED,0.0,Eligible,REJECTED,0.0,Eligible
642,42.3,D,1,10,0.02,2000.0,REJECTED,0.0,Eligible,REJECTED,0.0,Eligible,REJECTED,0.0,Eligible
643,30.4,D,0,3,0.0,1250.0,REJECTED,0.0,< 6 vends,REJECTED,0.0,< 4 vends,REJECTED,0.0,Eligible
644,42.0,D,1,9,0.05,1875.0,REJECTED,0.0,Eligible,REJECTED,0.0,Eligible,REJECTED,0.0,Eligible
645,36.4,D,16,8,0.09,1250.0,REJECTED,0.0,Eligible,REJECTED,0.0,Eligible,REJECTED,0.0,Eligible
646,34.1,D,4,4,0.18,1625.0,REJECTED,0.0,< 6 vends,REJECTED,0.0,Eligible,REJECTED,0.0,Eligible
647,47.7,D,0,14,0.0,2016.0,REJECTED,0.0,Eligible,REJECTED,0.0,Eligible,REJECTED,0.0,Eligible
648,42.2,D,8,8,0.09,2000.0,REJECTED,0.0,Eligible,REJECTED,0.0,Eligible,REJECTED,0.0,Eligible
649,46.3,D,0,9,0.02,2000.0,REJECTED,0.0,Eligible,REJECTED,0.0,Eligible,REJECTED,0.0,Eligible
650,45.0,D,4,3,0.03,2000.0,REJECTED,0.0,< 6 vends,REJECTED,0.0,< 4 vends,REJECTED,0.0,Eligible
651,64.2,C,14,3,0.23,70000.0,REJECTED,0.0,< 6 vends; High Failure Rate (23%),REJECTED,0.0,< 4 vends,APPROVED,20000.0,Eligible
652,45.3,D,0,11,0.0,1500.0,REJECTED,0.0,Eligible,REJECTED,0.0,Eligible,REJECTED,0.0,Eligible
653,47.1,D,0,11,0.07,2000.0,REJECTED,0.0,Eligible,REJECTED,0.0,Eligible,REJECTED,0.0,Eligible
654,70.3,B,7,6,0.12,50000.0,APPROVED,7500.0,Eligible,APPROVED,20000.0,Eligible,APPROVED,20000.0,Eligible
655,36.4,D,23,3,0.03,1250.0,REJECTED,0.0,< 6 vends,REJECTED,0.0,< 4 vends,REJECTED,0.0,Eligible
656,36.8,D,11,4,0.08,2000.0,REJECTED,0.0,< 6 vends,REJECTED,0.0,Eligible,REJECTED,0.0,Eligible
657,45.7,D,1,13,0.02,2000.0,REJECTED,0.0,Eligible,REJECTED,0.0,Eligible,REJECTED,0.0,Eligible
658,41.3,D,2,13,0.08,1500.0,REJECTED,0.0,Eligible,REJECTED,0.0,Eligible,REJECTED,0.0,Eligible
659,42.7,D,9,4,0.0,2000.0,REJECTED,0.0,< 6 vends,REJECTED,0.0,Eligible,REJECTED,0.0,Eligible
660,43.7,D,3,9,0.08,2000.0,REJECTED,0.0,Eligible,REJECTED,0.0,Eligible,REJECTED,0.0,Eligible
661,47.2,D,2,10,0.04,1875.0,REJECTED,0.0,Eligible,REJECTED,0.0,Eligible,REJECTED,0.0,Eligible
662,47.3,D,2,8,0.09,1889.0,REJECTED,0.0,Eligible,REJECTED,0.0,Eligible,REJECTED,0.0,Eligible
663,48.0,D,12,5,0.02,2000.0,REJECTED,0.0,< 6 vends,REJECTED,0.0,Eligible,REJECTED,0.0,Eligible
664,66.7,B,4,5,0.04,75000.0,REJECTED,0.0,< 6 vends,APPROVED,20000.0,Eligible,APPROVED,20000.0,Eligible
665,64.7,C,6,5,0.0,50000.0,REJECTED,0.0,< 6 vends,APPROVED,20000.0,Eligible,APPROVED,20000.0,Eligible
666,62.2,C,2,1,0.25,195077.5,REJECTED,0.0,< 6 vends; High Failure Rate (25%),REJECTED,0.0,< 4 vends,REJECTED,0.0,< 3 vends
667,44.5,D,5,4,0.04,2182.5,REJECTED,0.0,< 6 vends,REJECTED,0.0,Eligible,REJECTED,0.0,Eligible
668,36.3,D,44,1,0.17,1750.0,REJECTED,0.0,< 6 vends; > 30 days dormant,REJECTED,0.0,< 4 vends,REJECTED,0.0,< 3 vends
669,39.4,D,3,8,0.08,1660.5,REJECTED,0.0,Eligible,REJECTED,0.0,Eligible,REJECTED,0.0,Eligible
670,42.9,D,0,8,0.04,2000.0,REJECTED,0.0,Eligible,REJECTED,0.0,Eligible,REJECTED,0.0,Eligible
671,44.5,D,3,11,0.0,1916.5,REJECTED,0.0,Eligible,REJECTED,0.0,Eligible,REJECTED,0.0,Eligible
672,39.7,D,1,9,0.05,1500.0,REJECTED,0.0,Eligible,REJECTED,0.0,Eligible,REJECTED,0.0,Eligible
673,47.8,D,4,9,0.0,2057.0,REJECTED,0.0,Eligible,REJECTED,0.0,Eligible,REJECTED,0.0,Eligible
674,63.3,C,32,1,0.17,62500.0,REJECTED,0.0,< 6 vends; > 30 days dormant,REJECTED,0.0,< 4 vends,REJECTED,0.0,< 3 vends
675,44.2,D,5,4,0.08,2000.0,REJECTED,0.0,< 6 vends,REJECTED,0.0,Eligible,REJECTED,0.0,Eligible
676,40.6,D,4,2,0.08,1937.5,REJECTED,0.0,< 6 vends,REJECTED,0.0,< 4 vends,REJECTED,0.0,< 3 vends
677,38.7,D,1,6,0.09,2000.0,REJECTED,0.0,Eligible,REJECTED,0.0,Eligible,REJECTED,0.0,Eligible
678,42.0,D,8,9,0.07,2000.0,REJECTED,0.0,Eligible,REJECTED,0.0,Eligible,REJECTED,0.0,Eligible
679,43.1,D,15,8,0.05,2000.0,REJECTED,0.0,Eligible,REJECTED,0.0,Eligible,REJECTED,0.0,Eligible
680,38.4,D,1,5,0.05,1500.0,REJECTED,0.0,< 6 vends,REJECTED,0.0,Eligible,REJECTED,0.0,Eligible
681,66.5,B,8,1,0.12,50000.0,REJECTED,0.0,< 6 vends,REJECTED,0.0,< 4 vends,REJECTED,0.0,< 3 vends
682,43.0,D,1,9,0.02,1875.0,REJECTED,0.0,Eligible,REJECTED,0.0,Eligible,REJECTED,0.0,Eligible
683,40.0,D,27,4,0.14,2000.0,REJECTED,0.0,< 6 vends,REJECTED,0.0,Eligible,REJECTED,0.0,Eligible
684,50.0,C,4,9,0.06,2750.0,REJECTED,0.0,Below Min Loan Size,REJECTED,0.0,Below Min Loan Size,APPROVED,2062.0,Eligible
685,71.0,B,1,5,0.08,60000.0,REJECTED,0.0,< 6 vends,APPROVED,20000.0,Eligible,APPROVED,20000.0,Eligible
686,41.5,D,1,6,0.0,1500.0,REJECTED,0.0,Eligible,REJECTED,0.0,Eligible,REJECTED,0.0,Eligible
687,45.8,D,6,5,0.05,2000.0,REJECTED,0.0,< 6 vends,REJECTED,0.0,Eligible,REJECTED,0.0,Eligible
688,44.9,D,2,7,0.06,1953.0,REJECTED,0.0,Eligible,REJECTED,0.0,Eligible,REJECTED,0.0,Eligible
689,40.0,D,6,6,0.08,1500.0,REJECTED,0.0,Eligible,REJECTED,0.0,Eligible,REJECTED,0.0,Eligible
690,49.8,D,0,4,0.22,2250.0,REJECTED,0.0,< 6 vends; High Failure Rate (22%),REJECTED,0.0,Eligible,REJECTED,0.0,Eligible
691,41.9,D,13,6,0.05,1808.5,REJECTED,0.0,Eligible,REJECTED,0.0,Eligible,REJECTED,0.0,Eligible
692,71.6,B,0,9,0.1,50000.0,APPROVED,7500.0,Eligible,APPROVED,20000.0,Eligible,APPROVED,20000.0,Eligible
693,42.3,D,12,5,0.13,2500.0,REJECTED,0.0,< 6 vends,REJECTED,0.0,Eligible,REJECTED,0.0,Eligible
694,45.5,D,4,9,0.0,2000.0,REJECTED,0.0,Eligible,REJECTED,0.0,Eligible,REJECTED,0.0,Eligible
695,51.9,C,1,11,0.08,2000.0,REJECTED,0.0,Below Min Loan Size,REJECTED,0.0,Below Min Loan Size,REJECTED,0.0,Below Min Loan Size
696,73.8,B,12,12,0.02,46000.0,APPROVED,7500.0,Eligible,APPROVED,20000.0,Eligible,APPROVED,20000.0,Eligible
697,47.7,D,5,5,0.03,2000.0,REJECTED,0.0,< 6 vends,REJECTED,0.0,Eligible,REJECTED,0.0,Eligible
698,35.9,D,6,1,0.0,2000.0,REJECTED,0.0,< 6 vends,REJECTED,0.0,< 4 vends,REJECTED,0.0,< 3 vends
699,44.5,D,5,8,0.02,2000.0,REJECTED,0.0,Eligible,REJECTED,0.0,Eligible,REJECTED,0.0,Eligible
700,41.4,D,15,3,0.19,2000.0,REJECTED,0.0,< 6 vends,REJECTED,0.0,< 4 vends,REJECTED,0.0,Eligible
701,37.6,D,5,6,0.11,2000.0,REJECTED,0.0,Eligible,REJECTED,0.0,Eligible,REJECTED,0.0,Eligible
702,67.4,B,2,5,0.0,178747.0,REJECTED,0.0,< 6 vends,APPROVED,20000.0,Eligible,APPROVED,20000.0,Eligible
703,41.8,D,3,10,0.06,2000.0,REJECTED,0.0,Eligible,REJECTED,0.0,Eligible,REJECTED,0.0,Eligible
704,45.6,D,1,9,0.06,2000.0,REJECTED,0.0,Eligible,REJECTED,0.0,Eligible,REJECTED,0.0,Eligible
705,42.8,D,3,13,0.11,1750.0,REJECTED,0.0,Eligible,REJECTED,0.0,Eligible,REJECTED,0.0,Eligible
706,41.8,D,17,4,0.09,2000.0,REJECTED,0.0,< 6 vends,REJECTED,0.0,Eligible,REJECTED,0.0,Eligible
707,41.3,D,2,13,0.07,1750.0,REJECTED,0.0,Eligible,REJECTED,0.0,Eligible,REJECTED,0.0,Eligible
708,34.6,D,0,5,0.05,1614.0,REJECTED,0.0,< 6 vends,REJECTED,0.0,Eligible,REJECTED,0.0,Eligible
709,47.2,D,5,7,0.08,2000.0,REJECTED,0.0,Eligible,REJECTED,0.0,Eligible,REJECTED,0.0,Eligible
710,42.4,D,6,8,0.05,1774.0,REJECTED,0.0,Eligible,REJECTED,0.0,Eligible,REJECTED,0.0,Eligible
711,42.4,D,5,2,0.07,2000.0,REJECTED,0.0,< 6 vends,REJECTED,0.0,< 4 vends,REJECTED,0.0,< 3 vends
712,43.5,D,0,8,0.04,2000.0,REJECTED,0.0,Eligible,REJECTED,0.0,Eligible,REJECTED,0.0,Eligible
713,39.2,D,3,10,0.07,1500.0,REJECTED,0.0,Eligible,REJECTED,0.0,Eligible,REJECTED,0.0,Eligible
714,72.9,B,19,9,0.02,62500.0,APPROVED,7500.0,Eligible,APPROVED,20000.0,Eligible,APPROVED,20000.0,Eligible
715,42.4,D,6,12,0.02,1750.0,REJECTED,0.0,Eligible,REJECTED,0.0,Eligible,REJECTED,0.0,Eligible
716,40.9,D,0,6,0.05,1875.0,REJECTED,0.0,Eligible,REJECTED,0.0,Eligible,REJECTED,0.0,Eligible
717,41.8,D,0,7,0.05,1875.0,REJECTED,0.0,Eligible,REJECTED,0.0,Eligible,REJECTED,0.0,Eligible
718,71.1,B,4,9,0.0,50000.0,APPROVED,7500.0,Eligible,APPROVED,20000.0,Eligible,APPROVED,20000.0,Eligible
719,31.8,D,4,4,0.06,1323.0,REJECTED,0.0,< 6 vends,REJECTED,0.0,Eligible,REJECTED,0.0,Eligible
720,72.1,B,1,7,0.11,180412.0,APPROVED,7500.0,Eligible,APPROVED,20000.0,Eligible,APPROVED,20000.0,Eligible
721,29.0,D,21,2,0.07,1000.0,REJECTED,0.0,< 6 vends,REJECTED,0.0,< 4 vends,REJECTED,0.0,< 3 vends
722,48.2,D,23,2,0.11,3000.0,REJECTED,0.0,< 6 vends,REJECTED,0.0,< 4 vends,REJECTED,0.0,< 3 vends
723,66.6,B,0,2,0.12,69000.0,REJECTED,0.0,< 6 vends,REJECTED,0.0,< 4 vends,REJECTED,0.0,< 3 vends
724,32.3,D,4,2,0.11,1500.0,REJECTED,0.0,< 6 vends,REJECTED,0.0,< 4 vends,REJECTED,0.0,< 3 vends
725,39.3,D,0,6,0.0,1750.0,REJECTED,0.0,Eligible,REJECTED,0.0,Eligible,REJECTED,0.0,Eligible
726,44.5,D,4,4,0.0,3000.0,REJECTED,0.0,< 6 vends,REJECTED,0.0,Eligible,REJECTED,0.0,Eligible
727,41.4,D,3,7,0.15,2075.0,REJECTED,0.0,Eligible,REJECTED,0.0,Eligible,REJECTED,0.0,Eligible
728,42.2,D,2,9,0.06,1500.0,REJECTED,0.0,Eligible,REJECTED,0.0,Eligible,REJECTED,0.0,Eligible
729,46.0,D,2,12,0.02,2000.0,REJECTED,0.0,Eligible,REJECTED,0.0,Eligible,REJECTED,0.0,Eligible
730,61.2,C,65,0,0.14,189448.0,REJECTED,0.0,< 6 vends; > 30 days dormant,REJECTED,0.0,< 4 vends; > 45 days dormant,REJECTED,0.0,< 3 vends; > 60 days dormant
731,34.6,D,0,3,0.07,1625.0,REJECTED,0.0,< 6 vends,REJECTED,0.0,< 4 vends,REJECTED,0.0,Eligible
732,39.1,D,2,2,0.0,2250.0,REJECTED,0.0,< 6 vends,REJECTED,0.0,< 4 vends,REJECTED,0.0,< 3 vends
733,43.2,D,3,13,0.06,2000.0,REJECTED,0.0,Eligible,REJECTED,0.0,Eligible,REJECTED,0.0,Eligible
734,41.0,D,0,3,0.07,2311.5,REJECTED,0.0,< 6 vends,REJECTED,0.0,< 4 vends,REJECTED,0.0,Eligible
735,71.2,B,2,7,0.02,62000.0,APPROVED,7500.0,Eligible,APPROVED,20000.0,Eligible,APPROVED,20000.0,Eligible
736,67.8,B,12,3,0.07,53000.0,REJECTED,0.0,< 6 vends,REJECTED,0.0,< 4 vends,APPROVED,20000.0,Eligible
737,36.9,D,5,4,0.12,2000.0,REJECTED,0.0,< 6 vends,REJECTED,0.0,Eligible,REJECTED,0.0,Eligible
738,74.3,B,1,11,0.06,51000.0,APPROVED,7500.0,Eligible,APPROVED,20000.0,Eligible,APPROVED,20000.0,Eligible
739,45.1,D,0,8,0.19,2000.0,REJECTED,0.0,Eligible,REJECTED,0.0,Eligible,REJECTED,0.0,Eligible
740,60.3,C,33,1,0.0,30000.0,REJECTED,0.0,< 6 vends; > 30 days dormant,REJECTED,0.0,< 4 vends,REJECTED,0.0,< 3 vends
741,37.8,D,3,4,0.07,2000.0,REJECTED,0.0,< 6 vends,REJECTED,0.0,Eligible,REJECTED,0.0,Eligible
742,70.0,B,34,2,0.06,165000.0,REJECTED,0.0,< 6 vends; > 30 days dormant,REJECTED,0.0,< 4 vends,REJECTED,0.0,< 3 vends
743,35.6,D,1,8,0.04,1500.0,REJECTED,0.0,Eligible,REJECTED,0.0,Eligible,REJECTED,0.0,Eligible
744,37.7,D,4,6,0.03,1875.0,REJECTED,0.0,Eligible,REJECTED,0.0,Eligible,REJECTED,0.0,Eligible
745,41.1,D,0,7,0.12,2000.0,REJECTED,0.0,Eligible,REJECTED,0.0,Eligible,REJECTED,0.0,Eligible
746,50.2,C,0,12,0.04,2345.0,REJECTED,0.0,Below Min Loan Size,REJECTED,0.0,Below Min Loan Size,REJECTED,0.0,Below Min Loan Size
747,51.6,C,12,6,0.02,2500.0,REJECTED,0.0,Below Min Loan Size,REJECTED,0.0,Below Min Loan Size,REJECTED,0.0,Below Min Loan Size
748,29.8,D,4,3,0.0,1250.0,REJECTED,0.0,< 6 vends,REJECTED,0.0,< 4 vends,REJECTED,0.0,Eligible
749,66.6,B,1,5,0.12,50000.0,REJECTED,0.0,< 6 vends,APPROVED,20000.0,Eligible,APPROVED,20000.0,Eligible
750,45.2,D,0,3,0.14,1750.0,REJECTED,0.0,< 6 vends,REJECTED,0.0,< 4 vends,REJECTED,0.0,Eligible
751,37.1,D,1,2,0.0,2000.0,REJECTED,0.0,< 6 vends,REJECTED,0.0,< 4 vends,REJECTED,0.0,< 3 vends
752,40.4,D,13,6,0.08,1875.0,REJECTED,0.0,Eligible,REJECTED,0.0,Eligible,REJECTED,0.0,Eligible
753,71.3,B,0,7,0.02,50000.0,APPROVED,7500.0,Eligible,APPROVED,20000.0,Eligible,APPROVED,20000.0,Eligible
754,38.6,D,3,5,0.05,2250.0,REJECTED,0.0,< 6 vends,REJECTED,0.0,Eligible,REJECTED,0.0,Eligible
755,45.0,D,4,5,0.04,2000.0,REJECTED,0.0,< 6 vends,REJECTED,0.0,Eligible,REJECTED,0.0,Eligible
756,33.7,D,44,1,0.14,1875.0,REJECTED,0.0,< 6 vends; > 30 days dormant,REJECTED,0.0,< 4 vends,REJECTED,0.0,< 3 vends
757,54.2,C,1,8,0.04,1500.0,REJECTED,0.0,Below Min Loan Size,REJECTED,0.0,Below Min Loan Size,REJECTED,0.0,Below Min Loan Size
758,76.6,B,2,12,0.02,155203.0,APPROVED,7500.0,Eligible,APPROVED,20000.0,Eligible,APPROVED,20000.0,Eligible
759,44.5,D,2,9,0.05,2000.0,REJECTED,0.0,Eligible,REJECTED,0.0,Eligible,REJECTED,0.0,Eligible
760,32.9,D,1,5,0.09,1375.0,REJECTED,0.0,< 6 vends,REJECTED,0.0,Eligible,REJECTED,0.0,Eligible
761,70.2,B,3,6,0.0,62500.0,APPROVED,7500.0,Eligible,APPROVED,20000.0,Eligible,APPROVED,20000.0,Eligible
762,42.8,D,2,11,0.07,2000.0,REJECTED,0.0,Eligible,REJECTED,0.0,Eligible,REJECTED,0.0,Eligible
763,47.4,D,1,5,0.04,3000.0,REJECTED,0.0,< 6 vends,REJECTED,0.0,Eligible,REJECTED,0.0,Eligible
764,41.2,D,15,4,0.13,2000.0,REJECTED,0.0,< 6 vends,REJECTED,0.0,Eligible,REJECTED,0.0,Eligible
765,70.5,B,1,9,0.07,47000.0,APPROVED,7500.0,Eligible,APPROVED,20000.0,Eligible,APPROVED,20000.0,Eligible
766,69.6,B,4,8,0.11,150000.0,APPROVED,7500.0,Eligible,APPROVED,20000.0,Eligible,APPROVED,20000.0,Eligible
767,48.7,D,12,15,0.03,2000.0,REJECTED,0.0,Eligible,REJECTED,0.0,Eligible,REJECTED,0.0,Eligible
768,37.4,D,0,4,0.08,2000.0,REJECTED,0.0,< 6 vends,REJECTED,0.0,Eligible,REJECTED,0.0,Eligible
769,75.2,B,3,13,0.0,180000.0,APPROVED,7500.0,Eligible,APPROVED,20000.0,Eligible,APPROVED,20000.0,Eligible
770,42.1,D,1,7,0.05,2000.0,REJECTED,0.0,Eligible,REJECTED,0.0,Eligible,REJECTED,0.0,Eligible
771,71.7,B,4,10,0.04,46000.0,APPROVED,7500.0,Eligible,APPROVED,20000.0,Eligible,APPROVED,20000.0,Eligible
772,71.4,B,5,7,0.02,50500.0,APPROVED,7500.0,Eligible,APPROVED,20000.0,Eligible,APPROVED,20000.0,Eligible
773,38.4,D,2,6,0.08,2000.0,REJECTED,0.0,Eligible,REJECTED,0.0,Eligible,REJECTED,0.0,Eligible
774,68.3,B,15,6,0.09,165000.0,APPROVED,7500.0,Eligible,APPROVED,20000.0,Eligible,APPROVED,20000.0,Eligible
775,64.5,C,5,5,0.08,40000.0,REJECTED,0.0,< 6 vends,APPROVED,20000.0,Eligible,APPROVED,20000.0,Eligible
776,40.9,D,2,5,0.08,2000.0,REJECTED,0.0,< 6 vends,REJECTED,0.0,Eligible,REJECTED,0.0,Eligible
777,74.2,B,16,7,0.02,165000.0,APPROVED,7500.0,Eligible,APPROVED,20000.0,Eligible,APPROVED,20000.0,Eligible
778,40.1,D,0,6,0.04,2000.0,REJECTED,0.0,Eligible,REJECTED,0.0,Eligible,REJECTED,0.0,Eligible
779,36.0,D,17,7,0.09,2000.0,REJECTED,0.0,Eligible,REJECTED,0.0,Eligible,REJECTED,0.0,Eligible
780,62.7,C,7,3,0.0,62500.0,REJECTED,0.0,< 6 vends,REJECTED,0.0,< 4 vends,APPROVED,20000.0,Eligible
781,46.0,D,1,10,0.02,2000.0,REJECTED,0.0,Eligible,REJECTED,0.0,Eligible,REJECTED,0.0,Eligible
782,42.1,D,0,6,0.07,2000.0,REJECTED,0.0,Eligible,REJECTED,0.0,Eligible,REJECTED,0.0,Eligible
783,40.1,D,2,6,0.0,1500.0,REJECTED,0.0,Eligible,REJECTED,0.0,Eligible,REJECTED,0.0,Eligible
784,42.5,D,4,5,0.06,1750.0,REJECTED,0.0,< 6 vends,REJECTED,0.0,Eligible,REJECTED,0.0,Eligible
785,74.9,B,3,10,0.04,180000.0,APPROVED,7500.0,Eligible,APPROVED,20000.0,Eligible,APPROVED,20000.0,Eligible
786,46.0,D,1,5,0.0,2000.0,REJECTED,0.0,< 6 vends,REJECTED,0.0,Eligible,REJECTED,0.0,Eligible
787,72.7,B,23,5,0.07,50000.0,REJECTED,0.0,< 6 vends,APPROVED,20000.0,Eligible,APPROVED,20000.0,Eligible
788,46.9,D,3,13,0.08,2000.0,REJECTED,0.0,Eligible,REJECTED,0.0,Eligible,REJECTED,0.0,Eligible
789,44.6,D,2,5,0.06,2000.0,REJECTED,0.0,< 6 vends,REJECTED,0.0,Eligible,REJECTED,0.0,Eligible
790,69.6,B,4,5,0.08,41500.0,REJECTED,0.0,< 6 vends,APPROVED,20000.0,Eligible,APPROVED,20000.0,Eligible
791,45.3,D,0,2,0.0,3000.0,REJECTED,0.0,< 6 vends,REJECTED,0.0,< 4 vends,REJECTED,0.0,< 3 vends
792,36.3,D,5,4,0.0,1500.0,REJECTED,0.0,< 6 vends,REJECTED,0.0,Eligible,REJECTED,0.0,Eligible
793,44.4,D,23,2,0.0,2000.0,REJECTED,0.0,< 6 vends,REJECTED,0.0,< 4 vends,REJECTED,0.0,< 3 vends
794,33.1,D,5,3,0.0,1750.0,REJECTED,0.0,< 6 vends,REJECTED,0.0,< 4 vends,REJECTED,0.0,Eligible
795,42.1,D,0,14,0.04,1750.0,REJECTED,0.0,Eligible,REJECTED,0.0,Eligible,REJECTED,0.0,Eligible
796,46.1,D,4,8,0.06,2000.0,REJECTED,0.0,Eligible,REJECTED,0.0,Eligible,REJECTED,0.0,Eligible
797,39.7,D,0,10,0.06,2000.0,REJECTED,0.0,Eligible,REJECTED,0.0,Eligible,REJECTED,0.0,Eligible
798,45.1,D,27,2,0.09,1020.5,REJECTED,0.0,< 6 vends,REJECTED,0.0,< 4 vends,REJECTED,0.0,< 3 vends
799,38.5,D,1,8,0.18,1875.0,REJECTED,0.0,Eligible,REJECTED,0.0,Eligible,REJECTED,0.0,Eligible
800,36.7,D,3,5,0.04,1500.0,REJECTED,0.0,< 6 vends,REJECTED,0.0,Eligible,REJECTED,0.0,Eligible
801,30.0,D,0,3,0.0,1250.0,REJECTED,0.0,< 6 vends,REJECTED,0.0,< 4 vends,REJECTED,0.0,Eligible
802,41.4,D,12,8,0.05,2000.0,REJECTED,0.0,Eligible,REJECTED,0.0,Eligible,REJECTED,0.0,Eligible
803,45.2,D,2,9,0.02,2000.0,REJECTED,0.0,Eligible,REJECTED,0.0,Eligible,REJECTED,0.0,Eligible
804,41.4,D,0,5,0.05,2000.0,REJECTED,0.0,< 6 vends,REJECTED,0.0,Eligible,REJECTED,0.0,Eligible
805,46.4,D,2,11,0.02,1500.0,REJECTED,0.0,Eligible,REJECTED,0.0,Eligible,REJECTED,0.0,Eligible
806,68.5,B,0,4,0.12,75000.0,REJECTED,0.0,< 6 vends,APPROVED,20000.0,Eligible,APPROVED,20000.0,Eligible
807,40.5,D,2,8,0.1,2000.0,REJECTED,0.0,Eligible,REJECTED,0.0,Eligible,REJECTED,0.0,Eligible
808,42.5,D,0,8,0.03,2000.0,REJECTED,0.0,Eligible,REJECTED,0.0,Eligible,REJECTED,0.0,Eligible
809,44.0,D,2,4,0.14,2750.0,REJECTED,0.0,< 6 vends,REJECTED,0.0,Eligible,REJECTED,0.0,Eligible
810,31.7,D,3,2,0.07,1500.0,REJECTED,0.0,< 6 vends,REJECTED,0.0,< 4 vends,REJECTED,0.0,< 3 vends
811,47.9,D,3,6,0.05,2250.0,REJECTED,0.0,Eligible,REJECTED,0.0,Eligible,REJECTED,0.0,Eligible
812,34.8,D,2,6,0.04,1357.0,REJECTED,0.0,Eligible,REJECTED,0.0,Eligible,REJECTED,0.0,Eligible
813,49.0,D,0,2,0.0,3500.0,REJECTED,0.0,< 6 vends,REJECTED,0.0,< 4 vends,REJECTED,0.0,< 3 vends
814,42.8,D,4,11,0.07,2000.0,REJECTED,0.0,Eligible,REJECTED,0.0,Eligible,REJECTED,0.0,Eligible
815,44.6,D,3,16,0.02,1651.5,REJECTED,0.0,Eligible,REJECTED,0.0,Eligible,REJECTED,0.0,Eligible
816,44.9,D,0,13,0.04,1500.0,REJECTED,0.0,Eligible,REJECTED,0.0,Eligible,REJECTED,0.0,Eligible
817,41.2,D,2,5,0.1,2000.0,REJECTED,0.0,< 6 vends,REJECTED,0.0,Eligible,REJECTED,0.0,Eligible
818,60.6,C,0,2,0.0,67500.0,REJECTED,0.0,< 6 vends,REJECTED,0.0,< 4 vends,REJECTED,0.0,< 3 vends
819,45.7,D,3,12,0.05,2000.0,REJECTED,0.0,Eligible,REJECTED,0.0,Eligible,REJECTED,0.0,Eligible
820,43.6,D,3,4,0.07,1875.0,REJECTED,0.0,< 6 vends,REJECTED,0.0,Eligible,REJECTED,0.0,Eligible
821,71.7,B,5,3,0.05,52500.0,REJECTED,0.0,< 6 vends,REJECTED,0.0,< 4 vends,APPROVED,20000.0,Eligible
822,43.3,D,2,7,0.0,2000.0,REJECTED,0.0,Eligible,REJECTED,0.0,Eligible,REJECTED,0.0,Eligible
823,72.7,B,5,7,0.05,51000.0,APPROVED,7500.0,Eligible,APPROVED,20000.0,Eligible,APPROVED,20000.0,Eligible
824,45.2,D,9,10,0.04,2000.0,REJECTED,0.0,Eligible,REJECTED,0.0,Eligible,REJECTED,0.0,Eligible
825,41.9,D,0,3,0.02,1750.0,REJECTED,0.0,< 6 vends,REJECTED,0.0,< 4 vends,REJECTED,0.0,Eligible
826,40.2,D,5,10,0.03,1500.0,REJECTED,0.0,Eligible,REJECTED,0.0,Eligible,REJECTED,0.0,Eligible
827,43.8,D,3,3,0.06,2000.0,REJECTED,0.0,< 6 vends,REJECTED,0.0,< 4 vends,REJECTED,0.0,Eligible
828,43.2,D,2,6,0.09,2000.0,REJECTED,0.0,Eligible,REJECTED,0.0,Eligible,REJECTED,0.0,Eligible
829,37.0,D,2,4,0.14,2000.0,REJECTED,0.0,< 6 vends,REJECTED,0.0,Eligible,REJECTED,0.0,Eligible
830,31.8,D,18,3,0.09,1641.0,REJECTED,0.0,< 6 vends,REJECTED,0.0,< 4 vends,REJECTED,0.0,Eligible
831,44.6,D,31,4,0.03,1625.0,REJECTED,0.0,< 6 vends; > 30 days dormant,REJECTED,0.0,Eligible,REJECTED,0.0,Eligible
832,44.2,D,2,13,0.02,2000.0,REJECTED,0.0,Eligible,REJECTED,0.0,Eligible,REJECTED,0.0,Eligible
833,47.6,D,8,5,0.09,3000.0,REJECTED,0.0,< 6 vends,REJECTED,0.0,Eligible,REJECTED,0.0,Eligible
834,35.7,D,1,5,0.0,1500.0,REJECTED,0.0,< 6 vends,REJECTED,0.0,Eligible,REJECTED,0.0,Eligible
835,40.3,D,2,4,0.1,2000.0,REJECTED,0.0,< 6 vends,REJECTED,0.0,Eligible,REJECTED,0.0,Eligible
836,49.9,D,7,9,0.04,2000.0,REJECTED,0.0,Eligible,REJECTED,0.0,Eligible,REJECTED,0.0,Eligible
837,45.4,D,2,8,0.09,2000.0,REJECTED,0.0,Eligible,REJECTED,0.0,Eligible,REJECTED,0.0,Eligible
838,43.8,D,1,6,0.1,1993.5,REJECTED,0.0,Eligible,REJECTED,0.0,Eligible,REJECTED,0.0,Eligible
839,39.0,D,0,9,0.09,1571.0,REJECTED,0.0,Eligible,REJECTED,0.0,Eligible,REJECTED,0.0,Eligible
840,40.5,D,27,4,0.03,2000.0,REJECTED,0.0,< 6 vends,REJECTED,0.0,Eligible,REJECTED,0.0,Eligible
841,44.7,D,6,7,0.11,2000.0,REJECTED,0.0,Eligible,REJECTED,0.0,Eligible,REJECTED,0.0,Eligible
842,42.7,D,5,7,0.05,2000.0,REJECTED,0.0,Eligible,REJECTED,0.0,Eligible,REJECTED,0.0,Eligible
843,45.8,D,2,10,0.07,2000.0,REJECTED,0.0,Eligible,REJECTED,0.0,Eligible,REJECTED,0.0,Eligible
844,52.9,C,0,3,0.0,4107.5,REJECTED,0.0,< 6 vends,REJECTED,0.0,< 4 vends,APPROVED,3081.0,Eligible
845,45.4,D,43,1,0.09,1500.0,REJECTED,0.0,< 6 vends; > 30 days dormant,REJECTED,0.0,< 4 vends,REJECTED,0.0,< 3 vends
846,47.2,D,0,9,0.0,2000.0,REJECTED,0.0,Eligible,REJECTED,0.0,Eligible,REJECTED,0.0,Eligible
847,43.5,D,3,7,0.04,2000.0,REJECTED,0.0,Eligible,REJECTED,0.0,Eligible,REJECTED,0.0,Eligible
848,46.9,D,7,8,0.04,2172.5,REJECTED,0.0,Eligible,REJECTED,0.0,Eligible,REJECTED,0.0,Eligible
849,38.5,D,15,5,0.04,2000.0,REJECTED,0.0,< 6 vends,REJECTED,0.0,Eligible,REJECTED,0.0,Eligible
850,40.9,D,20,3,0.0,2500.0,REJECTED,0.0,< 6 vends,REJECTED,0.0,< 4 vends,REJECTED,0.0,Eligible
851,44.2,D,2,15,0.03,1500.0,REJECTED,0.0,Eligible,REJECTED,0.0,Eligible,REJECTED,0.0,Eligible
852,44.8,D,0,10,0.06,1875.0,REJECTED,0.0,Eligible,REJECTED,0.0,Eligible,REJECTED,0.0,Eligible
853,39.1,D,24,5,0.06,1500.0,REJECTED,0.0,< 6 vends,REJECTED,0.0,Eligible,REJECTED,0.0,Eligible
854,43.8,D,7,7,0.1,2000.0,REJECTED,0.0,Eligible,REJECTED,0.0,Eligible,REJECTED,0.0,Eligible
855,42.9,D,0,7,0.1,2000.0,REJECTED,0.0,Eligible,REJECTED,0.0,Eligible,REJECTED,0.0,Eligible
856,73.1,B,10,10,0.02,79000.0,APPROVED,7500.0,Eligible,APPROVED,20000.0,Eligible,APPROVED,20000.0,Eligible
857,31.5,D,13,2,0.0,1500.0,REJECTED,0.0,< 6 vends,REJECTED,0.0,< 4 vends,REJECTED,0.0,< 3 vends
858,48.0,D,1,11,0.02,2172.5,REJECTED,0.0,Eligible,REJECTED,0.0,Eligible,REJECTED,0.0,Eligible
859,37.0,D,32,2,0.06,2250.0,REJECTED,0.0,< 6 vends; > 30 days dormant,REJECTED,0.0,< 4 vends,REJECTED,0.0,< 3 vends
860,74.0,B,2,9,0.05,198628.0,APPROVED,7500.0,Eligible,APPROVED,20000.0,Eligible,APPROVED,20000.0,Eligible
861,60.0,C,2,2,0.1,68000.0,REJECTED,0.0,< 6 vends,REJECTED,0.0,< 4 vends,REJECTED,0.0,< 3 vends
862,68.1,B,9,9,0.05,48500.0,APPROVED,7500.0,Eligible,APPROVED,20000.0,Eligible,APPROVED,20000.0,Eligible
863,44.3,D,3,11,0.09,2000.0,REJECTED,0.0,Eligible,REJECTED,0.0,Eligible,REJECTED,0.0,Eligible
864,45.8,D,7,10,0.04,2000.0,REJECTED,0.0,Eligible,REJECTED,0.0,Eligible,REJECTED,0.0,Eligible
865,44.3,D,16,7,0.05,1812.5,REJECTED,0.0,Eligible,REJECTED,0.0,Eligible,REJECTED,0.0,Eligible
866,70.3,B,4,5,0.02,58000.0,REJECTED,0.0,< 6 vends,APPROVED,20000.0,Eligible,APPROVED,20000.0,Eligible
867,45.6,D,6,10,0.07,2345.0,REJECTED,0.0,Eligible,REJECTED,0.0,Eligible,REJECTED,0.0,Eligible
868,37.2,D,0,6,0.12,2000.0,REJECTED,0.0,Eligible,REJECTED,0.0,Eligible,REJECTED,0.0,Eligible
869,40.9,D,3,9,0.0,1750.0,REJECTED,0.0,Eligible,REJECTED,0.0,Eligible,REJECTED,0.0,Eligible
870,37.2,D,3,5,0.0,1625.0,REJECTED,0.0,< 6 vends,REJECTED,0.0,Eligible,REJECTED,0.0,Eligible
871,34.0,D,19,5,0.09,1500.0,REJECTED,0.0,< 6 vends,REJECTED,0.0,Eligible,REJECTED,0.0,Eligible
872,35.2,D,4,2,0.07,2000.0,REJECTED,0.0,< 6 vends,REJECTED,0.0,< 4 vends,REJECTED,0.0,< 3 vends
873,48.4,D,1,8,0.02,2000.0,REJECTED,0.0,Eligible,REJECTED,0.0,Eligible,REJECTED,0.0,Eligible
874,61.5,C,22,3,0.0,68000.0,REJECTED,0.0,< 6 vends,REJECTED,0.0,< 4 vends,APPROVED,20000.0,Eligible
875,47.9,D,0,8,0.02,2000.0,REJECTED,0.0,Eligible,REJECTED,0.0,Eligible,REJECTED,0.0,Eligible
876,45.3,D,2,8,0.04,2000.0,REJECTED,0.0,Eligible,REJECTED,0.0,Eligible,REJECTED,0.0,Eligible
877,65.8,B,3,4,0.07,57000.0,REJECTED,0.0,< 6 vends,APPROVED,20000.0,Eligible,APPROVED,20000.0,Eligible
878,68.1,B,4,5,0.13,200000.0,REJECTED,0.0,< 6 vends,APPROVED,20000.0,Eligible,APPROVED,20000.0,Eligible
879,37.5,D,1,3,0.11,1875.0,REJECTED,0.0,< 6 vends,REJECTED,0.0,< 4 vends,REJECTED,0.0,Eligible
880,43.6,D,1,4,0.07,2000.0,REJECTED,0.0,< 6 vends,REJECTED,0.0,Eligible,REJECTED,0.0,Eligible
881,42.6,D,5,6,0.0,1875.0,REJECTED,0.0,Eligible,REJECTED,0.0,Eligible,REJECTED,0.0,Eligible
882,40.7,D,11,4,0.03,1500.0,REJECTED,0.0,< 6 vends,REJECTED,0.0,Eligible,REJECTED,0.0,Eligible
883,40.5,D,4,6,0.08,2000.0,REJECTED,0.0,Eligible,REJECTED,0.0,Eligible,REJECTED,0.0,Eligible
884,31.1,D,28,2,0.15,1500.0,REJECTED,0.0,< 6 vends,REJECTED,0.0,< 4 vends,REJECTED,0.0,< 3 vends
885,41.7,D,24,5,0.08,1500.0,REJECTED,0.0,< 6 vends,REJECTED,0.0,Eligible,REJECTED,0.0,Eligible
886,39.8,D,1,6,0.0,1500.0,REJECTED,0.0,Eligible,REJECTED,0.0,Eligible,REJECTED,0.0,Eligible
887,29.5,D,26,2,0.0,1117.0,REJECTED,0.0,< 6 vends,REJECTED,0.0,< 4 vends,REJECTED,0.0,< 3 vends
888,40.5,D,18,4,0.06,2021.5,REJECTED,0.0,< 6 vends,REJECTED,0.0,Eligible,REJECTED,0.0,Eligible
889,50.2,C,0,6,0.07,3000.0,REJECTED,0.0,Below Min Loan Size,REJECTED,0.0,Below Min Loan Size,APPROVED,2250.0,Eligible
890,42.4,D,0,10,0.05,1875.0,REJECTED,0.0,Eligible,REJECTED,0.0,Eligible,REJECTED,0.0,Eligible
891,41.4,D,0,4,0.05,2000.0,REJECTED,0.0,< 6 vends,REJECTED,0.0,Eligible,REJECTED,0.0,Eligible
892,39.1,D,1,8,0.06,1750.0,REJECTED,0.0,Eligible,REJECTED,0.0,Eligible,REJECTED,0.0,Eligible
893,36.7,D,4,5,0.15,1875.0,REJECTED,0.0,< 6 vends,REJECTED,0.0,Eligible,REJECTED,0.0,Eligible
894,50.7,C,3,13,0.05,1875.0,REJECTED,0.0,Below Min Loan Size,REJECTED,0.0,Below Min Loan Size,REJECTED,0.0,Below Min Loan Size
895,32.5,D,33,1,0.0,1750.0,REJECTED,0.0,< 6 vends; > 30 days dormant,REJECTED,0.0,< 4 vends,REJECTED,0.0,< 3 vends
896,43.1,D,1,5,0.0,2000.0,REJECTED,0.0,< 6 vends,REJECTED,0.0,Eligible,REJECTED,0.0,Eligible
897,41.6,D,2,9,0.05,1875.0,REJECTED,0.0,Eligible,REJECTED,0.0,Eligible,REJECTED,0.0,Eligible
898,50.6,C,10,7,0.06,3000.0,REJECTED,0.0,Below Min Loan Size,REJECTED,0.0,Below Min Loan Size,APPROVED,2250.0,Eligible
899,68.7,B,2,8,0.08,48000.0,APPROVED,7500.0,Eligible,APPROVED,20000.0,Eligible,APPROVED,20000.0,Eligible
900,34.7,D,1,6,0.1,1500.0,REJECTED,0.0,Eligible,REJECTED,0.0,Eligible,REJECTED,0.0,Eligible
901,70.0,B,2,6,0.05,56500.0,APPROVED,7500.0,Eligible,APPROVED,20000.0,Eligible,APPROVED,20000.0,Eligible
902,67.5,B,1,5,0.11,55000.0,REJECTED,0.0,< 6 vends,APPROVED,20000.0,Eligible,APPROVED,20000.0,Eligible
903,47.1,D,5,8,0.13,2500.0,REJECTED,0.0,Eligible,REJECTED,0.0,Eligible,REJECTED,0.0,Eligible
904,71.7,B,1,7,0.07,173070.0,APPROVED,7500.0,Eligible,APPROVED,20000.0,Eligible,APPROVED,20000.0,Eligible
905,37.2,D,4,7,0.13,1375.0,REJECTED,0.0,Eligible,REJECTED,0.0,Eligible,REJECTED,0.0,Eligible
906,42.6,D,11,7,0.05,2000.0,REJECTED,0.0,Eligible,REJECTED,0.0,Eligible,REJECTED,0.0,Eligible
907,40.3,D,0,9,0.0,1500.0,REJECTED,0.0,Eligible,REJECTED,0.0,Eligible,REJECTED,0.0,Eligible
908,43.2,D,3,4,0.02,2000.0,REJECTED,0.0,< 6 vends,REJECTED,0.0,Eligible,REJECTED,0.0,Eligible
909,44.4,D,3,7,0.02,1863.0,REJECTED,0.0,Eligible,REJECTED,0.0,Eligible,REJECTED,0.0,Eligible
910,39.1,D,0,9,0.05,1500.0,REJECTED,0.0,Eligible,REJECTED,0.0,Eligible,REJECTED,0.0,Eligible
911,67.2,B,1,4,0.12,74500.0,REJECTED,0.0,< 6 vends,APPROVED,20000.0,Eligible,APPROVED,20000.0,Eligible
912,63.1,C,34,2,0.19,48500.0,REJECTED,0.0,< 6 vends; > 30 days dormant,REJECTED,0.0,< 4 vends,REJECTED,0.0,< 3 vends
913,40.6,D,13,5,0.1,1812.5,REJECTED,0.0,< 6 vends,REJECTED,0.0,Eligible,REJECTED,0.0,Eligible
914,40.5,D,4,5,0.04,1500.0,REJECTED,0.0,< 6 vends,REJECTED,0.0,Eligible,REJECTED,0.0,Eligible
915,39.7,D,3,8,0.11,1500.0,REJECTED,0.0,Eligible,REJECTED,0.0,Eligible,REJECTED,0.0,Eligible
916,39.0,D,4,3,0.1,2000.0,REJECTED,0.0,< 6 vends,REJECTED,0.0,< 4 vends,REJECTED,0.0,Eligible
917,43.7,D,15,8,0.06,2000.0,REJECTED,0.0,Eligible,REJECTED,0.0,Eligible,REJECTED,0.0,Eligible
918,64.5,C,6,6,0.04,46000.0,APPROVED,5000.0,Eligible,APPROVED,20000.0,Eligible,APPROVED,20000.0,Eligible
919,35.6,D,4,8,0.2,1539.5,REJECTED,0.0,Eligible,REJECTED,0.0,Eligible,REJECTED,0.0,Eligible
920,43.2,D,2,2,0.0,1750.0,REJECTED,0.0,< 6 vends,REJECTED,0.0,< 4 vends,REJECTED,0.0,< 3 vends
921,42.3,D,0,7,0.03,2000.0,REJECTED,0.0,Eligible,REJECTED,0.0,Eligible,REJECTED,0.0,Eligible
922,47.5,D,1,11,0.02,2000.0,REJECTED,0.0,Eligible,REJECTED,0.0,Eligible,REJECTED,0.0,Eligible
923,39.7,D,4,7,0.12,1619.0,REJECTED,0.0,Eligible,REJECTED,0.0,Eligible,REJECTED,0.0,Eligible
924,74.4,B,4,6,0.0,197366.0,APPROVED,7500.0,Eligible,APPROVED,20000.0,Eligible,APPROVED,20000.0,Eligible
925,48.0,D,7,5,0.09,1750.0,REJECTED,0.0,< 6 vends,REJECTED,0.0,Eligible,REJECTED,0.0,Eligible
926,42.8,D,0,11,0.07,2000.0,REJECTED,0.0,Eligible,REJECTED,0.0,Eligible,REJECTED,0.0,Eligible
927,48.8,D,2,10,0.05,2000.0,REJECTED,0.0,Eligible,REJECTED,0.0,Eligible,REJECTED,0.0,Eligible
928,37.7,D,19,6,0.07,1463.0,REJECTED,0.0,Eligible,REJECTED,0.0,Eligible,REJECTED,0.0,Eligible
929,47.2,D,2,10,0.09,1500.0,REJECTED,0.0,Eligible,REJECTED,0.0,Eligible,REJECTED,0.0,Eligible
930,43.1,D,3,6,0.07,2000.0,REJECTED,0.0,Eligible,REJECTED,0.0,Eligible,REJECTED,0.0,Eligible
931,71.3,B,3,7,0.07,50000.0,APPROVED,7500.0,Eligible,APPROVED,20000.0,Eligible,APPROVED,20000.0,Eligible
932,32.3,D,1,4,0.08,1058.0,REJECTED,0.0,< 6 vends,REJECTED,0.0,Eligible,REJECTED,0.0,Eligible
933,65.8,B,27,1,0.17,56000.0,REJECTED,0.0,< 6 vends,REJECTED,0.0,< 4 vends,REJECTED,0.0,< 3 vends
934,36.7,D,5,4,0.04,1863.5,REJECTED,0.0,< 6 vends,REJECTED,0.0,Eligible,REJECTED,0.0,Eligible
935,43.9,D,1,10,0.04,2000.0,REJECTED,0.0,Eligible,REJECTED,0.0,Eligible,REJECTED,0.0,Eligible
936,44.4,D,0,10,0.04,2000.0,REJECTED,0.0,Eligible,REJECTED,0.0,Eligible,REJECTED,0.0,Eligible
937,36.9,D,1,4,0.04,1750.0,REJECTED,0.0,< 6 vends,REJECTED,0.0,Eligible,REJECTED,0.0,Eligible
938,45.2,D,2,8,0.0,1750.0,REJECTED,0.0,Eligible,REJECTED,0.0,Eligible,REJECTED,0.0,Eligible
939,59.3,C,0,1,0.1,32000.0,REJECTED,0.0,< 6 vends,REJECTED,0.0,< 4 vends,REJECTED,0.0,< 3 vends
940,39.2,D,1,11,0.05,1500.0,REJECTED,0.0,Eligible,REJECTED,0.0,Eligible,REJECTED,0.0,Eligible
941,43.1,D,2,7,0.12,1875.0,REJECTED,0.0,Eligible,REJECTED,0.0,Eligible,REJECTED,0.0,Eligible
942,44.6,D,3,9,0.05,2000.0,REJECTED,0.0,Eligible,REJECTED,0.0,Eligible,REJECTED,0.0,Eligible
943,46.3,D,0,10,0.07,2000.0,REJECTED,0.0,Eligible,REJECTED,0.0,Eligible,REJECTED,0.0,Eligible
944,67.8,B,8,9,0.14,50000.0,APPROVED,7500.0,Eligible,APPROVED,20000.0,Eligible,APPROVED,20000.0,Eligible
945,63.1,C,1,4,0.14,49000.0,REJECTED,0.0,< 6 vends,APPROVED,20000.0,Eligible,APPROVED,20000.0,Eligible
946,36.9,D,15,3,0.06,1893.0,REJECTED,0.0,< 6 vends,REJECTED,0.0,< 4 vends,REJECTED,0.0,Eligible
947,71.4,B,2,9,0.04,50000.0,APPROVED,7500.0,Eligible,APPROVED,20000.0,Eligible,APPROVED,20000.0,Eligible
948,71.9,B,0,10,0.06,50000.0,APPROVED,7500.0,Eligible,APPROVED,20000.0,Eligible,APPROVED,20000.0,Eligible
949,51.5,C,4,2,0.07,4000.0,REJECTED,0.0,< 6 vends,REJECTED,0.0,< 4 vends,REJECTED,0.0,< 3 vends
950,38.9,D,3,5,0.04,2000.0,REJECTED,0.0,< 6 vends,REJECTED,0.0,Eligible,REJECTED,0.0,Eligible
951,44.1,D,1,6,0.0,2500.0,REJECTED,0.0,Eligible,REJECTED,0.0,Eligible,REJECTED,0.0,Eligible
952,40.1,D,5,3,0.17,2000.0,REJECTED,0.0,< 6 vends,REJECTED,0.0,< 4 vends,REJECTED,0.0,Eligible
953,45.1,D,1,3,0.1,2000.0,REJECTED,0.0,< 6 vends,REJECTED,0.0,< 4 vends,REJECTED,0.0,Eligible
954,66.7,B,9,5,0.15,61000.0,REJECTED,0.0,< 6 vends,APPROVED,20000.0,Eligible,APPROVED,20000.0,Eligible
955,51.2,C,1,4,0.08,4000.0,REJECTED,0.0,< 6 vends,APPROVED,2000.0,Eligible,APPROVED,3000.0,Eligible
956,33.8,D,1,4,0.08,1375.0,REJECTED,0.0,< 6 vends,REJECTED,0.0,Eligible,REJECTED,0.0,Eligible
957,43.1,D,2,8,0.07,2000.0,REJECTED,0.0,Eligible,REJECTED,0.0,Eligible,REJECTED,0.0,Eligible
958,29.8,D,0,4,0.08,1250.0,REJECTED,0.0,< 6 vends,REJECTED,0.0,Eligible,REJECTED,0.0,Eligible
959,70.5,B,4,6,0.1,51500.0,APPROVED,7500.0,Eligible,APPROVED,20000.0,Eligible,APPROVED,20000.0,Eligible
960,40.7,D,0,10,0.07,1750.0,REJECTED,0.0,Eligible,REJECTED,0.0,Eligible,REJECTED,0.0,Eligible
961,62.2,C,1,3,0.09,62000.0,REJECTED,0.0,< 6 vends,REJECTED,0.0,< 4 vends,APPROVED,20000.0,Eligible
962,38.7,D,24,3,0.07,1538.5,REJECTED,0.0,< 6 vends,REJECTED,0.0,< 4 vends,REJECTED,0.0,Eligible
963,36.9,D,6,9,0.06,1500.0,REJECTED,0.0,Eligible,REJECTED,0.0,Eligible,REJECTED,0.0,Eligible
964,75.2,B,6,11,0.02,64000.0,APPROVED,7500.0,Eligible,APPROVED,20000.0,Eligible,APPROVED,20000.0,Eligible
965,74.0,B,0,10,0.05,71000.0,APPROVED,7500.0,Eligible,APPROVED,20000.0,Eligible,APPROVED,20000.0,Eligible
966,43.5,D,4,9,0.08,2000.0,REJECTED,0.0,Eligible,REJECTED,0.0,Eligible,REJECTED,0.0,Eligible
967,68.4,B,0,8,0.06,53000.0,APPROVED,7500.0,Eligible,APPROVED,20000.0,Eligible,APPROVED,20000.0,Eligible
968,44.9,D,4,6,0.08,2500.0,REJECTED,0.0,Eligible,REJECTED,0.0,Eligible,REJECTED,0.0,Eligible
969,38.7,D,31,4,0.08,1500.0,REJECTED,0.0,< 6 vends; > 30 days dormant,REJECTED,0.0,Eligible,REJECTED,0.0,Eligible
970,70.9,B,1,10,0.03,50000.0,APPROVED,7500.0,Eligible,APPROVED,20000.0,Eligible,APPROVED,20000.0,Eligible
971,37.3,D,0,5,0.06,1500.0,REJECTED,0.0,< 6 vends,REJECTED,0.0,Eligible,REJECTED,0.0,Eligible
972,44.0,D,2,10,0.04,1750.0,REJECTED,0.0,Eligible,REJECTED,0.0,Eligible,REJECTED,0.0,Eligible
973,42.2,D,12,8,0.0,1750.0,REJECTED,0.0,Eligible,REJECTED,0.0,Eligible,REJECTED,0.0,Eligible
974,65.6,B,5,1,0.04,50000.0,REJECTED,0.0,< 6 vends,REJECTED,0.0,< 4 vends,REJECTED,0.0,< 3 vends
975,39.2,D,11,4,0.06,2000.0,REJECTED,0.0,< 6 vends,REJECTED,0.0,Eligible,REJECTED,0.0,Eligible
976,41.7,D,0,4,0.11,2000.0,REJECTED,0.0,< 6 vends,REJECTED,0.0,Eligible,REJECTED,0.0,Eligible
977,44.9,D,0,9,0.04,2000.0,REJECTED,0.0,Eligible,REJECTED,0.0,Eligible,REJECTED,0.0,Eligible
978,44.8,D,3,12,0.04,2000.0,REJECTED,0.0,Eligible,REJECTED,0.0,Eligible,REJECTED,0.0,Eligible
979,37.2,D,28,4,0.12,2000.0,REJECTED,0.0,< 6 vends,REJECTED,0.0,Eligible,REJECTED,0.0,Eligible
980,50.7,C,1,10,0.06,1750.0,REJECTED,0.0,Below Min Loan Size,REJECTED,0.0,Below Min Loan Size,REJECTED,0.0,Below Min Loan Size
981,44.3,D,0,5,0.0,1894.0,REJECTED,0.0,< 6 vends,REJECTED,0.0,Eligible,REJECTED,0.0,Eligible
982,70.0,B,3,6,0.05,50000.0,APPROVED,7500.0,Eligible,APPROVED,20000.0,Eligible,APPROVED,20000.0,Eligible
983,37.9,D,1,7,0.07,1500.0,REJECTED,0.0,Eligible,REJECTED,0.0,Eligible,REJECTED,0.0,Eligible
984,34.6,D,0,3,0.0,1937.5,REJECTED,0.0,< 6 vends,REJECTED,0.0,< 4 vends,REJECTED,0.0,Eligible
985,49.4,D,3,9,0.07,2250.0,REJECTED,0.0,Eligible,REJECTED,0.0,Eligible,REJECTED,0.0,Eligible
986,41.3,D,1,12,0.04,1500.0,REJECTED,0.0,Eligible,REJECTED,0.0,Eligible,REJECTED,0.0,Eligible
987,48.1,D,0,15,0.0,1750.0,REJECTED,0.0,Eligible,REJECTED,0.0,Eligible,REJECTED,0.0,Eligible
988,40.6,D,4,6,0.06,2000.0,REJECTED,0.0,Eligible,REJECTED,0.0,Eligible,REJECTED,0.0,Eligible
989,44.3,D,0,5,0.08,2000.0,REJECTED,0.0,< 6 vends,REJECTED,0.0,Eligible,REJECTED,0.0,Eligible
990,44.3,D,5,12,0.02,2000.0,REJECTED,0.0,Eligible,REJECTED,0.0,Eligible,REJECTED,0.0,Eligible
991,49.8,D,0,10,0.0,2000.0,REJECTED,0.0,Eligible,REJECTED,0.0,Eligible,REJECTED,0.0,Eligible
992,41.1,D,5,7,0.07,1750.0,REJECTED,0.0,Eligible,REJECTED,0.0,Eligible,REJECTED,0.0,Eligible
993,51.3,C,0,11,0.05,2000.0,REJECTED,0.0,Below Min Loan Size,REJECTED,0.0,Below Min Loan Size,REJECTED,0.0,Below Min Loan Size
994,69.5,B,5,7,0.03,54000.0,APPROVED,7500.0,Eligible,APPROVED,20000.0,Eligible,APPROVED,20000.0,Eligible
995,63.4,C,62,0,0.0,190000.0,REJECTED,0.0,< 6 vends; > 30 days dormant,REJECTED,0.0,< 4 vends; > 45 days dormant,REJECTED,0.0,< 3 vends; > 60 days dormant
996,36.3,D,96,0,0.09,2250.0,REJECTED,0.0,< 6 vends; > 30 days dormant,REJECTED,0.0,< 4 vends; > 45 days dormant,REJECTED,0.0,< 3 vends; > 60 days dormant
997,70.6,B,11,9,0.02,50000.0,APPROVED,7500.0,Eligible,APPROVED,20000.0,Eligible,APPROVED,20000.0,Eligible
998,48.2,D,1,9,0.05,2000.0,REJECTED,0.0,Eligible,REJECTED,0.0,Eligible,REJECTED,0.0,Eligible
999,42.5,D,3,8,0.09,2000.0,REJECTED,0.0,Eligible,REJECTED,0.0,Eligible,REJECTED,0.0,Eligible
1000,65.0,B,32,1,0.0,185214.0,REJECTED,0.0,< 6 vends; > 30 days dormant,REJECTED,0.0,< 4 vends,REJECTED,0.0,< 3 vends
1001,34.7,D,9,1,0.25,2000.0,REJECTED,0.0,< 6 vends; High Failure Rate (25%),REJECTED,0.0,< 4 vends,REJECTED,0.0,< 3 vends
1002,37.9,D,2,5,0.07,2000.0,REJECTED,0.0,< 6 vends,REJECTED,0.0,Eligible,REJECTED,0.0,Eligible
1003,27.9,D,4,3,0.0,1000.0,REJECTED,0.0,< 6 vends,REJECTED,0.0,< 4 vends,REJECTED,0.0,Eligible
1004,42.6,D,0,8,0.04,1500.0,REJECTED,0.0,Eligible,REJECTED,0.0,Eligible,REJECTED,0.0,Eligible
1005,41.3,D,4,3,0.08,2000.0,REJECTED,0.0,< 6 vends,REJECTED,0.0,< 4 vends,REJECTED,0.0,Eligible
1006,44.4,D,3,12,0.06,2000.0,REJECTED,0.0,Eligible,REJECTED,0.0,Eligible,REJECTED,0.0,Eligible
1007,45.3,D,1,8,0.03,2000.0,REJECTED,0.0,Eligible,REJECTED,0.0,Eligible,REJECTED,0.0,Eligible
1008,48.4,D,4,13,0.05,2000.0,REJECTED,0.0,Eligible,REJECTED,0.0,Eligible,REJECTED,0.0,Eligible
1009,70.8,B,20,6,0.05,50000.0,APPROVED,7500.0,Eligible,APPROVED,20000.0,Eligible,APPROVED,20000.0,Eligible
1010,45.1,D,4,9,0.07,2000.0,REJECTED,0.0,Eligible,REJECTED,0.0,Eligible,REJECTED,0.0,Eligible
1011,49.8,D,0,11,0.02,2000.0,REJECTED,0.0,Eligible,REJECTED,0.0,Eligible,REJECTED,0.0,Eligible
1012,39.4,D,16,3,0.24,2500.0,REJECTED,0.0,< 6 vends; High Failure Rate (24%),REJECTED,0.0,< 4 vends,REJECTED,0.0,Eligible
1013,70.3,B,5,9,0.09,55000.0,APPROVED,7500.0,Eligible,APPROVED,20000.0,Eligible,APPROVED,20000.0,Eligible
1014,62.6,C,3,4,0.1,44000.0,REJECTED,0.0,< 6 vends,APPROVED,20000.0,Eligible,APPROVED,20000.0,Eligible
1015,35.9,D,21,3,0.07,1750.0,REJECTED,0.0,< 6 vends,REJECTED,0.0,< 4 vends,REJECTED,0.0,Eligible
1016,32.1,D,22,2,0.06,1375.0,REJECTED,0.0,< 6 vends,REJECTED,0.0,< 4 vends,REJECTED,0.0,< 3 vends
1017,64.6,C,0,4,0.04,32000.0,REJECTED,0.0,< 6 vends,APPROVED,16000.0,Eligible,APPROVED,20000.0,Eligible
1018,63.7,C,2,9,0.09,50000.0,APPROVED,5000.0,Eligible,APPROVED,20000.0,Eligible,APPROVED,20000.0,Eligible
1019,44.9,D,1,9,0.02,1590.0,REJECTED,0.0,Eligible,REJECTED,0.0,Eligible,REJECTED,0.0,Eligible
1020,50.8,C,0,10,0.07,2000.0,REJECTED,0.0,Below Min Loan Size,REJECTED,0.0,Below Min Loan Size,REJECTED,0.0,Below Min Loan Size
1021,68.2,B,31,3,0.03,50000.0,REJECTED,0.0,< 6 vends; > 30 days dormant,REJECTED,0.0,< 4 vends,APPROVED,20000.0,Eligible
1022,47.5,D,3,7,0.0,2000.0,REJECTED,0.0,Eligible,REJECTED,0.0,Eligible,REJECTED,0.0,Eligible
1023,47.1,D,3,6,0.09,2750.0,REJECTED,0.0,Eligible,REJECTED,0.0,Eligible,REJECTED,0.0,Eligible
1024,43.6,D,4,11,0.09,1500.0,REJECTED,0.0,Eligible,REJECTED,0.0,Eligible,REJECTED,0.0,Eligible
1025,42.1,D,1,9,0.07,1999.0,REJECTED,0.0,Eligible,REJECTED,0.0,Eligible,REJECTED,0.0,Eligible
1026,48.7,D,2,12,0.05,2000.0,REJECTED,0.0,Eligible,REJECTED,0.0,Eligible,REJECTED,0.0,Eligible
1027,44.5,D,0,13,0.07,1727.0,REJECTED,0.0,Eligible,REJECTED,0.0,Eligible,REJECTED,0.0,Eligible
1028,63.2,C,1,3,0.18,50000.0,REJECTED,0.0,< 6 vends,REJECTED,0.0,< 4 vends,APPROVED,20000.0,Eligible
1029,71.6,B,4,12,0.02,52000.0,APPROVED,7500.0,Eligible,APPROVED,20000.0,Eligible,APPROVED,20000.0,Eligible
1030,49.9,D,0,9,0.09,2000.0,REJECTED,0.0,Eligible,REJECTED,0.0,Eligible,REJECTED,0.0,Eligible
1031,44.9,D,0,14,0.03,1931.0,REJECTED,0.0,Eligible,REJECTED,0.0,Eligible,REJECTED,0.0,Eligible
1032,67.3,B,1,7,0.03,44000.0,APPROVED,7500.0,Eligible,APPROVED,20000.0,Eligible,APPROVED,20000.0,Eligible
1033,66.5,B,15,3,0.09,54500.0,REJECTED,0.0,< 6 vends,REJECTED,0.0,< 4 vends,APPROVED,20000.0,Eligible
1034,40.0,D,2,3,0.0,1833.5,REJECTED,0.0,< 6 vends,REJECTED,0.0,< 4 vends,REJECTED,0.0,Eligible
1035,44.2,D,2,6,0.08,2000.0,REJECTED,0.0,Eligible,REJECTED,0.0,Eligible,REJECTED,0.0,Eligible
1036,47.2,D,8,8,0.02,2000.0,REJECTED,0.0,Eligible,REJECTED,0.0,Eligible,REJECTED,0.0,Eligible
1037,39.7,D,2,8,0.03,2000.0,REJECTED,0.0,Eligible,REJECTED,0.0,Eligible,REJECTED,0.0,Eligible
1038,37.4,D,0,7,0.12,1500.0,REJECTED,0.0,Eligible,REJECTED,0.0,Eligible,REJECTED,0.0,Eligible
1039,38.8,D,0,6,0.09,2000.0,REJECTED,0.0,Eligible,REJECTED,0.0,Eligible,REJECTED,0.0,Eligible
1040,67.1,B,0,4,0.18,58000.0,REJECTED,0.0,< 6 vends,APPROVED,20000.0,Eligible,APPROVED,20000.0,Eligible
1041,40.4,D,2,8,0.05,1500.0,REJECTED,0.0,Eligible,REJECTED,0.0,Eligible,REJECTED,0.0,Eligible
1042,62.9,C,1,10,0.05,53000.0,APPROVED,5000.0,Eligible,APPROVED,20000.0,Eligible,APPROVED,20000.0,Eligible
1043,41.3,D,0,3,0.17,1951.5,REJECTED,0.0,< 6 vends,REJECTED,0.0,< 4 vends,REJECTED,0.0,Eligible
1044,45.0,D,2,9,0.0,2000.0,REJECTED,0.0,Eligible,REJECTED,0.0,Eligible,REJECTED,0.0,Eligible
1045,36.9,D,3,4,0.2,1812.5,REJECTED,0.0,< 6 vends,REJECTED,0.0,Eligible,REJECTED,0.0,Eligible
1046,68.8,B,19,5,0.06,55000.0,REJECTED,0.0,< 6 vends,APPROVED,20000.0,Eligible,APPROVED,20000.0,Eligible
1047,67.2,B,12,3,0.04,56500.0,REJECTED,0.0,< 6 vends,REJECTED,0.0,< 4 vends,APPROVED,20000.0,Eligible
1048,34.6,D,18,6,0.18,1500.0,REJECTED,0.0,Eligible,REJECTED,0.0,Eligible,REJECTED,0.0,Eligible
1049,37.5,D,1,11,0.06,1445.0,REJECTED,0.0,Eligible,REJECTED,0.0,Eligible,REJECTED,0.0,Eligible
1050,43.0,D,1,10,0.09,1500.0,REJECTED,0.0,Eligible,REJECTED,0.0,Eligible,REJECTED,0.0,Eligible
1051,47.7,D,1,10,0.0,2000.0,REJECTED,0.0,Eligible,REJECTED,0.0,Eligible,REJECTED,0.0,Eligible
1052,49.9,D,6,14,0.07,2000.0,REJECTED,0.0,Eligible,REJECTED,0.0,Eligible,REJECTED,0.0,Eligible
1053,43.0,D,3,12,0.1,1937.5,REJECTED,0.0,Eligible,REJECTED,0.0,Eligible,REJECTED,0.0,Eligible
1054,37.8,D,0,2,0.09,2625.0,REJECTED,0.0,< 6 vends,REJECTED,0.0,< 4 vends,REJECTED,0.0,< 3 vends
1055,40.3,D,13,7,0.06,2000.0,REJECTED,0.0,Eligible,REJECTED,0.0,Eligible,REJECTED,0.0,Eligible
1056,69.6,B,5,5,0.03,58000.0,REJECTED,0.0,< 6 vends,APPROVED,20000.0,Eligible,APPROVED,20000.0,Eligible
1057,70.1,B,3,7,0.02,41500.0,APPROVED,7500.0,Eligible,APPROVED,20000.0,Eligible,APPROVED,20000.0,Eligible
1058,44.9,D,8,9,0.02,1500.0,REJECTED,0.0,Eligible,REJECTED,0.0,Eligible,REJECTED,0.0,Eligible
1059,42.9,D,0,4,0.07,2750.0,REJECTED,0.0,< 6 vends,REJECTED,0.0,Eligible,REJECTED,0.0,Eligible
1060,43.9,D,0,8,0.07,2000.0,REJECTED,0.0,Eligible,REJECTED,0.0,Eligible,REJECTED,0.0,Eligible
1061,37.2,D,0,11,0.11,1500.0,REJECTED,0.0,Eligible,REJECTED,0.0,Eligible,REJECTED,0.0,Eligible
1062,44.5,D,61,0,0.18,2000.0,REJECTED,0.0,< 6 vends; > 30 days dormant,REJECTED,0.0,< 4 vends; > 45 days dormant,REJECTED,0.0,< 3 vends; > 60 days dormant
1063,42.7,D,4,13,0.0,1153.0,REJECTED,0.0,Eligible,REJECTED,0.0,Eligible,REJECTED,0.0,Eligible
1064,36.1,D,22,1,0.08,2000.0,REJECTED,0.0,< 6 vends,REJECTED,0.0,< 4 vends,REJECTED,0.0,< 3 vends
1065,43.9,D,0,10,0.09,2000.0,REJECTED,0.0,Eligible,REJECTED,0.0,Eligible,REJECTED,0.0,Eligible
1066,71.7,B,8,6,0.04,50000.0,APPROVED,7500.0,Eligible,APPROVED,20000.0,Eligible,APPROVED,20000.0,Eligible
1067,43.9,D,1,5,0.07,1500.0,REJECTED,0.0,< 6 vends,REJECTED,0.0,Eligible,REJECTED,0.0,Eligible
1068,45.5,D,1,12,0.02,2000.0,REJECTED,0.0,Eligible,REJECTED,0.0,Eligible,REJECTED,0.0,Eligible
1069,43.5,D,2,8,0.04,1912.5,REJECTED,0.0,Eligible,REJECTED,0.0,Eligible,REJECTED,0.0,Eligible
1070,67.9,B,4,5,0.17,65000.0,REJECTED,0.0,< 6 vends,APPROVED,20000.0,Eligible,APPROVED,20000.0,Eligible
1071,43.0,D,3,6,0.1,2000.0,REJECTED,0.0,Eligible,REJECTED,0.0,Eligible,REJECTED,0.0,Eligible
1072,68.4,B,5,8,0.05,40000.0,APPROVED,7500.0,Eligible,APPROVED,20000.0,Eligible,APPROVED,20000.0,Eligible
1073,41.1,D,29,3,0.0,3375.0,REJECTED,0.0,< 6 vends,REJECTED,0.0,< 4 vends,REJECTED,0.0,Eligible
1074,52.9,C,3,11,0.0,3000.0,REJECTED,0.0,Below Min Loan Size,REJECTED,0.0,Below Min Loan Size,APPROVED,2250.0,Eligible
1075,44.5,D,0,1,0.06,2000.0,REJECTED,0.0,< 6 vends,REJECTED,0.0,< 4 vends,REJECTED,0.0,< 3 vends
1076,45.7,D,3,12,0.05,2000.0,REJECTED,0.0,Eligible,REJECTED,0.0,Eligible,REJECTED,0.0,Eligible
1077,44.3,D,3,6,0.0,2000.0,REJECTED,0.0,Eligible,REJECTED,0.0,Eligible,REJECTED,0.0,Eligible
1078,46.1,D,0,8,0.0,2000.0,REJECTED,0.0,Eligible,REJECTED,0.0,Eligible,REJECTED,0.0,Eligible
1079,70.0,B,2,5,0.05,53500.0,REJECTED,0.0,< 6 vends,APPROVED,20000.0,Eligible,APPROVED,20000.0,Eligible
1080,39.3,D,6,8,0.04,2000.0,REJECTED,0.0,Eligible,REJECTED,0.0,Eligible,REJECTED,0.0,Eligible
1081,42.7,D,1,11,0.04,1750.0,REJECTED,0.0,Eligible,REJECTED,0.0,Eligible,REJECTED,0.0,Eligible
1082,76.0,B,3,7,0.0,173393.0,APPROVED,7500.0,Eligible,APPROVED,20000.0,Eligible,APPROVED,20000.0,Eligible
1083,39.6,D,0,4,0.05,1500.0,REJECTED,0.0,< 6 vends,REJECTED,0.0,Eligible,REJECTED,0.0,Eligible
1084,72.0,B,9,10,0.09,53000.0,APPROVED,7500.0,Eligible,APPROVED,20000.0,Eligible,APPROVED,20000.0,Eligible
1085,36.7,D,2,3,0.07,2000.0,REJECTED,0.0,< 6 vends,REJECTED,0.0,< 4 vends,REJECTED,0.0,Eligible
1086,46.1,D,1,11,0.08,2000.0,REJECTED,0.0,Eligible,REJECTED,0.0,Eligible,REJECTED,0.0,Eligible
1087,39.0,D,4,4,0.07,2000.0,REJECTED,0.0,< 6 vends,REJECTED,0.0,Eligible,REJECTED,0.0,Eligible
1088,32.6,D,4,3,0.12,1000.0,REJECTED,0.0,< 6 vends,REJECTED,0.0,< 4 vends,REJECTED,0.0,Eligible
1089,43.9,D,2,7,0.0,2000.0,REJECTED,0.0,Eligible,REJECTED,0.0,Eligible,REJECTED,0.0,Eligible
1090,63.7,C,11,4,0.25,62000.0,REJECTED,0.0,< 6 vends; High Failure Rate (25%),APPROVED,20000.0,Eligible,APPROVED,20000.0,Eligible
1091,72.4,B,5,7,0.08,68000.0,APPROVED,7500.0,Eligible,APPROVED,20000.0,Eligible,APPROVED,20000.0,Eligible
1092,64.6,C,4,8,0.04,46000.0,APPROVED,5000.0,Eligible,APPROVED,20000.0,Eligible,APPROVED,20000.0,Eligible
1093,45.2,D,2,4,0.07,2000.0,REJECTED,0.0,< 6 vends,REJECTED,0.0,Eligible,REJECTED,0.0,Eligible
1094,51.4,C,0,10,0.02,2000.0,REJECTED,0.0,Below Min Loan Size,REJECTED,0.0,Below Min Loan Size,REJECTED,0.0,Below Min Loan Size
1095,40.1,D,0,7,0.03,1750.0,REJECTED,0.0,Eligible,REJECTED,0.0,Eligible,REJECTED,0.0,Eligible
1096,48.9,D,4,12,0.0,2000.0,REJECTED,0.0,Eligible,REJECTED,0.0,Eligible,REJECTED,0.0,Eligible
1097,46.3,D,0,6,0.04,2000.0,REJECTED,0.0,Eligible,REJECTED,0.0,Eligible,REJECTED,0.0,Eligible
1098,42.4,D,11,7,0.2,2000.0,REJECTED,0.0,Eligible,REJECTED,0.0,Eligible,REJECTED,0.0,Eligible
1099,47.6,D,2,9,0.04,2000.0,REJECTED,0.0,Eligible,REJECTED,0.0,Eligible,REJECTED,0.0,Eligible
1100,67.6,B,0,8,0.07,50000.0,APPROVED,7500.0,Eligible,APPROVED,20000.0,Eligible,APPROVED,20000.0,Eligible
1101,42.5,D,4,5,0.05,2000.0,REJECTED,0.0,< 6 vends,REJECTED,0.0,Eligible,REJECTED,0.0,Eligible
1102,49.1,D,4,3,0.07,2000.0,REJECTED,0.0,< 6 vends,REJECTED,0.0,< 4 vends,REJECTED,0.0,Eligible
1103,40.3,D,3,2,0.0,1500.0,REJECTED,0.0,< 6 vends,REJECTED,0.0,< 4 vends,REJECTED,0.0,< 3 vends
1104,44.6,D,1,10,0.04,2000.0,REJECTED,0.0,Eligible,REJECTED,0.0,Eligible,REJECTED,0.0,Eligible
1105,40.1,D,5,4,0.12,2500.0,REJECTED,0.0,< 6 vends,REJECTED,0.0,Eligible,REJECTED,0.0,Eligible
1106,40.9,D,6,10,0.05,2000.0,REJECTED,0.0,Eligible,REJECTED,0.0,Eligible,REJECTED,0.0,Eligible
1107,61.7,C,0,2,0.0,44500.0,REJECTED,0.0,< 6 vends,REJECTED,0.0,< 4 vends,REJECTED,0.0,< 3 vends
1108,33.7,D,12,2,0.0,1625.0,REJECTED,0.0,< 6 vends,REJECTED,0.0,< 4 vends,REJECTED,0.0,< 3 vends
1109,39.6,D,1,1,0.15,1500.0,REJECTED,0.0,< 6 vends,REJECTED,0.0,< 4 vends,REJECTED,0.0,< 3 vends
1110,43.9,D,7,10,0.04,1750.0,REJECTED,0.0,Eligible,REJECTED,0.0,Eligible,REJECTED,0.0,Eligible
1111,62.5,C,94,0,0.17,200000.0,REJECTED,0.0,< 6 vends; > 30 days dormant,REJECTED,0.0,< 4 vends; > 45 days dormant,REJECTED,0.0,< 3 vends; > 60 days dormant
1112,47.9,D,4,4,0.07,2000.0,REJECTED,0.0,< 6 vends,REJECTED,0.0,Eligible,REJECTED,0.0,Eligible
1113,41.0,D,4,2,0.04,2000.0,REJECTED,0.0,< 6 vends,REJECTED,0.0,< 4 vends,REJECTED,0.0,< 3 vends
1114,45.6,D,8,4,0.05,2000.0,REJECTED,0.0,< 6 vends,REJECTED,0.0,Eligible,REJECTED,0.0,Eligible
1115,46.0,D,0,8,0.05,2000.0,REJECTED,0.0,Eligible,REJECTED,0.0,Eligible,REJECTED,0.0,Eligible
1116,38.5,D,0,10,0.03,1500.0,REJECTED,0.0,Eligible,REJECTED,0.0,Eligible,REJECTED,0.0,Eligible
1117,47.3,D,2,11,0.04,2000.0,REJECTED,0.0,Eligible,REJECTED,0.0,Eligible,REJECTED,0.0,Eligible
1118,41.3,D,1,9,0.05,2000.0,REJECTED,0.0,Eligible,REJECTED,0.0,Eligible,REJECTED,0.0,Eligible
1119,41.5,D,29,4,0.03,1500.0,REJECTED,0.0,< 6 vends,REJECTED,0.0,Eligible,REJECTED,0.0,Eligible
1120,37.7,D,2,4,0.0,2152.5,REJECTED,0.0,< 6 vends,REJECTED,0.0,Eligible,REJECTED,0.0,Eligible
1121,48.4,D,11,4,0.0,1997.0,REJECTED,0.0,< 6 vends,REJECTED,0.0,Eligible,REJECTED,0.0,Eligible
1122,43.3,D,2,6,0.08,2500.0,REJECTED,0.0,Eligible,REJECTED,0.0,Eligible,REJECTED,0.0,Eligible
1123,69.8,B,2,8,0.03,60500.0,APPROVED,7500.0,Eligible,APPROVED,20000.0,Eligible,APPROVED,20000.0,Eligible
1124,41.1,D,9,4,0.03,2000.0,REJECTED,0.0,< 6 vends,REJECTED,0.0,Eligible,REJECTED,0.0,Eligible
1125,73.9,B,3,11,0.02,180000.0,APPROVED,7500.0,Eligible,APPROVED,20000.0,Eligible,APPROVED,20000.0,Eligible
1126,37.0,D,4,6,0.03,1500.0,REJECTED,0.0,Eligible,REJECTED,0.0,Eligible,REJECTED,0.0,Eligible
1127,44.3,D,16,8,0.0,1750.0,REJECTED,0.0,Eligible,REJECTED,0.0,Eligible,REJECTED,0.0,Eligible
1128,39.6,D,3,4,0.26,2193.0,REJECTED,0.0,< 6 vends; High Failure Rate (26%),REJECTED,0.0,Eligible,REJECTED,0.0,Eligible
1129,43.1,D,19,7,0.08,1500.0,REJECTED,0.0,Eligible,REJECTED,0.0,Eligible,REJECTED,0.0,Eligible
1130,33.0,D,1,2,0.14,1875.0,REJECTED,0.0,< 6 vends,REJECTED,0.0,< 4 vends,REJECTED,0.0,< 3 vends
1131,44.9,D,1,8,0.0,2000.0,REJECTED,0.0,Eligible,REJECTED,0.0,Eligible,REJECTED,0.0,Eligible
1132,41.2,D,1,8,0.03,1971.0,REJECTED,0.0,Eligible,REJECTED,0.0,Eligible,REJECTED,0.0,Eligible
1133,50.2,C,1,13,0.02,2500.0,REJECTED,0.0,Below Min Loan Size,REJECTED,0.0,Below Min Loan Size,REJECTED,0.0,Below Min Loan Size
1134,68.5,B,6,8,0.03,50000.0,APPROVED,7500.0,Eligible,APPROVED,20000.0,Eligible,APPROVED,20000.0,Eligible
1135,69.1,B,1,5,0.0,50000.0,REJECTED,0.0,< 6 vends,APPROVED,20000.0,Eligible,APPROVED,20000.0,Eligible
1136,38.8,D,4,4,0.1,1557.0,REJECTED,0.0,< 6 vends,REJECTED,0.0,Eligible,REJECTED,0.0,Eligible
1137,40.0,D,3,7,0.05,1750.0,REJECTED,0.0,Eligible,REJECTED,0.0,Eligible,REJECTED,0.0,Eligible
1138,72.5,B,2,8,0.05,165000.0,APPROVED,7500.0,Eligible,APPROVED,20000.0,Eligible,APPROVED,20000.0,Eligible
1139,45.3,D,13,11,0.05,1937.5,REJECTED,0.0,Eligible,REJECTED,0.0,Eligible,REJECTED,0.0,Eligible
1140,66.1,B,1,3,0.1,172251.0,REJECTED,0.0,< 6 vends,REJECTED,0.0,< 4 vends,APPROVED,20000.0,Eligible
1141,44.0,D,3,9,0.08,2000.0,REJECTED,0.0,Eligible,REJECTED,0.0,Eligible,REJECTED,0.0,Eligible
1142,49.8,D,0,17,0.03,2000.0,REJECTED,0.0,Eligible,REJECTED,0.0,Eligible,REJECTED,0.0,Eligible
1143,47.0,D,3,9,0.02,2000.0,REJECTED,0.0,Eligible,REJECTED,0.0,Eligible,REJECTED,0.0,Eligible
1144,44.1,D,4,10,0.06,2000.0,REJECTED,0.0,Eligible,REJECTED,0.0,Eligible,REJECTED,0.0,Eligible
1145,48.4,D,2,9,0.0,1500.0,REJECTED,0.0,Eligible,REJECTED,0.0,Eligible,REJECTED,0.0,Eligible
1146,39.2,D,11,6,0.09,1875.0,REJECTED,0.0,Eligible,REJECTED,0.0,Eligible,REJECTED,0.0,Eligible
1147,40.9,D,2,7,0.03,2000.0,REJECTED,0.0,Eligible,REJECTED,0.0,Eligible,REJECTED,0.0,Eligible
1148,65.7,B,0,7,0.12,45000.0,APPROVED,7500.0,Eligible,APPROVED,20000.0,Eligible,APPROVED,20000.0,Eligible
1149,45.8,D,0,6,0.07,2000.0,REJECTED,0.0,Eligible,REJECTED,0.0,Eligible,REJECTED,0.0,Eligible
1150,50.3,C,1,14,0.04,2000.0,REJECTED,0.0,Below Min Loan Size,REJECTED,0.0,Below Min Loan Size,REJECTED,0.0,Below Min Loan Size
1151,38.1,D,0,2,0.14,2875.0,REJECTED,0.0,< 6 vends,REJECTED,0.0,< 4 vends,REJECTED,0.0,< 3 vends
1152,63.8,C,12,3,0.19,38000.0,REJECTED,0.0,< 6 vends,REJECTED,0.0,< 4 vends,APPROVED,20000.0,Eligible
1153,70.2,B,10,9,0.11,60000.0,APPROVED,7500.0,Eligible,APPROVED,20000.0,Eligible,APPROVED,20000.0,Eligible
1154,36.1,D,2,2,0.06,2000.0,REJECTED,0.0,< 6 vends,REJECTED,0.0,< 4 vends,REJECTED,0.0,< 3 vends
1155,73.7,B,1,8,0.07,67000.0,APPROVED,7500.0,Eligible,APPROVED,20000.0,Eligible,APPROVED,20000.0,Eligible
1156,41.6,D,17,5,0.0,1750.0,REJECTED,0.0,< 6 vends,REJECTED,0.0,Eligible,REJECTED,0.0,Eligible
1157,63.4,C,2,3,0.0,50000.0,REJECTED,0.0,< 6 vends,REJECTED,0.0,< 4 vends,APPROVED,20000.0,Eligible
1158,34.6,D,0,2,0.08,1250.0,REJECTED,0.0,< 6 vends,REJECTED,0.0,< 4 vends,REJECTED,0.0,< 3 vends
1159,49.4,D,10,10,0.02,2000.0,REJECTED,0.0,Eligible,REJECTED,0.0,Eligible,REJECTED,0.0,Eligible
1160,39.5,D,0,6,0.07,1500.0,REJECTED,0.0,Eligible,REJECTED,0.0,Eligible,REJECTED,0.0,Eligible
1161,63.9,C,16,3,0.12,56000.0,REJECTED,0.0,< 6 vends,REJECTED,0.0,< 4 vends,APPROVED,20000.0,Eligible
1162,39.8,D,0,4,0.14,2000.0,REJECTED,0.0,< 6 vends,REJECTED,0.0,Eligible,REJECTED,0.0,Eligible
1163,71.4,B,1,9,0.14,55000.0,APPROVED,7500.0,Eligible,APPROVED,20000.0,Eligible,APPROVED,20000.0,Eligible
1164,60.4,C,5,2,0.15,40000.0,REJECTED,0.0,< 6 vends,REJECTED,0.0,< 4 vends,REJECTED,0.0,< 3 vends
1165,47.8,D,0,3,0.17,2083.0,REJECTED,0.0,< 6 vends,REJECTED,0.0,< 4 vends,REJECTED,0.0,Eligible
1166,37.3,D,0,5,0.0,2035.0,REJECTED,0.0,< 6 vends,REJECTED,0.0,Eligible,REJECTED,0.0,Eligible
1167,28.6,D,2,2,0.15,1000.0,REJECTED,0.0,< 6 vends,REJECTED,0.0,< 4 vends,REJECTED,0.0,< 3 vends
1168,42.6,D,2,11,0.07,2000.0,REJECTED,0.0,Eligible,REJECTED,0.0,Eligible,REJECTED,0.0,Eligible
1169,41.7,D,2,8,0.07,2000.0,REJECTED,0.0,Eligible,REJECTED,0.0,Eligible,REJECTED,0.0,Eligible
1170,32.8,D,0,3,0.12,1661.0,REJECTED,0.0,< 6 vends,REJECTED,0.0,< 4 vends,REJECTED,0.0,Eligible
1171,69.1,B,34,2,0.0,43500.0,REJECTED,0.0,< 6 vends; > 30 days dormant,REJECTED,0.0,< 4 vends,REJECTED,0.0,< 3 vends
1172,63.3,C,12,2,0.08,80000.0,REJECTED,0.0,< 6 vends,REJECTED,0.0,< 4 vends,REJECTED,0.0,< 3 vends
1173,32.3,D,6,3,0.0,1500.0,REJECTED,0.0,< 6 vends,REJECTED,0.0,< 4 vends,REJECTED,0.0,Eligible
1174,46.8,D,3,2,0.12,1875.0,REJECTED,0.0,< 6 vends,REJECTED,0.0,< 4 vends,REJECTED,0.0,< 3 vends
1175,38.4,D,65,0,0.08,2000.0,REJECTED,0.0,< 6 vends; > 30 days dormant,REJECTED,0.0,< 4 vends; > 45 days dormant,REJECTED,0.0,< 3 vends; > 60 days dormant
1176,43.9,D,2,12,0.12,2000.0,REJECTED,0.0,Eligible,REJECTED,0.0,Eligible,REJECTED,0.0,Eligible
1177,42.1,D,0,5,0.05,1500.0,REJECTED,0.0,< 6 vends,REJECTED,0.0,Eligible,REJECTED,0.0,Eligible
1178,42.8,D,0,11,0.09,2000.0,REJECTED,0.0,Eligible,REJECTED,0.0,Eligible,REJECTED,0.0,Eligible
1179,67.8,B,5,4,0.15,74000.0,REJECTED,0.0,< 6 vends,APPROVED,20000.0,Eligible,APPROVED,20000.0,Eligible
1180,40.9,D,25,11,0.03,1750.0,REJECTED,0.0,Eligible,REJECTED,0.0,Eligible,REJECTED,0.0,Eligible
1181,43.1,D,2,5,0.11,1750.0,REJECTED,0.0,< 6 vends,REJECTED,0.0,Eligible,REJECTED,0.0,Eligible
1182,46.5,D,22,3,0.15,3000.0,REJECTED,0.0,< 6 vends,REJECTED,0.0,< 4 vends,REJECTED,0.0,Eligible
1183,73.8,B,1,11,0.04,180000.0,APPROVED,7500.0,Eligible,APPROVED,20000.0,Eligible,APPROVED,20000.0,Eligible
1184,47.3,D,2,12,0.05,3000.0,REJECTED,0.0,Eligible,REJECTED,0.0,Eligible,REJECTED,0.0,Eligible
1185,40.9,D,6,5,0.02,1307.5,REJECTED,0.0,< 6 vends,REJECTED,0.0,Eligible,REJECTED,0.0,Eligible
1186,31.9,D,5,2,0.07,1500.0,REJECTED,0.0,< 6 vends,REJECTED,0.0,< 4 vends,REJECTED,0.0,< 3 vends
1187,44.1,D,0,8,0.02,2000.0,REJECTED,0.0,Eligible,REJECTED,0.0,Eligible,REJECTED,0.0,Eligible
1188,52.0,C,2,8,0.04,3000.0,REJECTED,0.0,Below Min Loan Size,REJECTED,0.0,Below Min Loan Size,APPROVED,2250.0,Eligible
1189,43.9,D,8,8,0.04,2000.0,REJECTED,0.0,Eligible,REJECTED,0.0,Eligible,REJECTED,0.0,Eligible
1190,36.4,D,0,4,0.0,2000.0,REJECTED,0.0,< 6 vends,REJECTED,0.0,Eligible,REJECTED,0.0,Eligible
1191,41.0,D,5,6,0.05,2000.0,REJECTED,0.0,Eligible,REJECTED,0.0,Eligible,REJECTED,0.0,Eligible
1192,40.3,D,5,12,0.05,1500.0,REJECTED,0.0,Eligible,REJECTED,0.0,Eligible,REJECTED,0.0,Eligible
1193,41.7,D,5,4,0.07,2500.0,REJECTED,0.0,< 6 vends,REJECTED,0.0,Eligible,REJECTED,0.0,Eligible
1194,57.6,C,9,2,0.17,32000.0,REJECTED,0.0,< 6 vends,REJECTED,0.0,< 4 vends,REJECTED,0.0,< 3 vends
1195,65.8,B,33,2,0.04,44500.0,REJECTED,0.0,< 6 vends; > 30 days dormant,REJECTED,0.0,< 4 vends,REJECTED,0.0,< 3 vends
1196,50.2,C,2,10,0.0,2669.0,REJECTED,0.0,Below Min Loan Size,REJECTED,0.0,Below Min Loan Size,APPROVED,2002.0,Eligible
1197,38.0,D,5,5,0.06,1716.0,REJECTED,0.0,< 6 vends,REJECTED,0.0,Eligible,REJECTED,0.0,Eligible
1198,38.5,D,4,8,0.03,1375.0,REJECTED,0.0,Eligible,REJECTED,0.0,Eligible,REJECTED,0.0,Eligible
1199,46.9,D,16,6,0.0,2000.0,REJECTED,0.0,Eligible,REJECTED,0.0,Eligible,REJECTED,0.0,Eligible
1200,45.9,D,14,9,0.07,1750.0,REJECTED,0.0,Eligible,REJECTED,0.0,Eligible,REJECTED,0.0,Eligible
1201,43.3,D,1,12,0.06,1665.5,REJECTED,0.0,Eligible,REJECTED,0.0,Eligible,REJECTED,0.0,Eligible
1202,42.0,D,5,7,0.04,1750.0,REJECTED,0.0,Eligible,REJECTED,0.0,Eligible,REJECTED,0.0,Eligible
1203,45.4,D,0,9,0.04,2000.0,REJECTED,0.0,Eligible,REJECTED,0.0,Eligible,REJECTED,0.0,Eligible
1204,60.8,C,33,1,0.17,180000.0,REJECTED,0.0,< 6 vends; > 30 days dormant,REJECTED,0.0,< 4 vends,REJECTED,0.0,< 3 vends
1205,38.8,D,0,9,0.1,1500.0,REJECTED,0.0,Eligible,REJECTED,0.0,Eligible,REJECTED,0.0,Eligible
1206,37.8,D,4,4,0.08,1500.0,REJECTED,0.0,< 6 vends,REJECTED,0.0,Eligible,REJECTED,0.0,Eligible
1207,60.9,C,1,2,0.05,32000.0,REJECTED,0.0,< 6 vends,REJECTED,0.0,< 4 vends,REJECTED,0.0,< 3 vends
1208,71.6,B,0,8,0.02,40000.0,APPROVED,7500.0,Eligible,APPROVED,20000.0,Eligible,APPROVED,20000.0,Eligible
1209,44.9,D,1,4,0.05,2000.0,REJECTED,0.0,< 6 vends,REJECTED,0.0,Eligible,REJECTED,0.0,Eligible
1210,41.9,D,3,10,0.02,1500.0,REJECTED,0.0,Eligible,REJECTED,0.0,Eligible,REJECTED,0.0,Eligible
1211,46.0,D,9,5,0.04,1750.0,REJECTED,0.0,< 6 vends,REJECTED,0.0,Eligible,REJECTED,0.0,Eligible
1212,47.8,D,6,7,0.04,2000.0,REJECTED,0.0,Eligible,REJECTED,0.0,Eligible,REJECTED,0.0,Eligible
1213,41.7,D,1,5,0.03,2422.5,REJECTED,0.0,< 6 vends,REJECTED,0.0,Eligible,REJECTED,0.0,Eligible
1214,42.9,D,3,5,0.03,2000.0,REJECTED,0.0,< 6 vends,REJECTED,0.0,Eligible,REJECTED,0.0,Eligible
1215,48.7,D,1,6,0.02,2000.0,REJECTED,0.0,Eligible,REJECTED,0.0,Eligible,REJECTED,0.0,Eligible
1216,47.5,D,8,5,0.04,2000.0,REJECTED,0.0,< 6 vends,REJECTED,0.0,Eligible,REJECTED,0.0,Eligible
1217,37.6,D,1,6,0.04,2000.0,REJECTED,0.0,Eligible,REJECTED,0.0,Eligible,REJECTED,0.0,Eligible
1218,45.2,D,6,6,0.02,2000.0,REJECTED,0.0,Eligible,REJECTED,0.0,Eligible,REJECTED,0.0,Eligible
1219,48.0,D,3,13,0.07,2000.0,REJECTED,0.0,Eligible,REJECTED,0.0,Eligible,REJECTED,0.0,Eligible
1220,62.9,C,0,2,0.07,50000.0,REJECTED,0.0,< 6 vends,REJECTED,0.0,< 4 vends,REJECTED,0.0,< 3 vends
1221,43.9,D,3,13,0.02,1500.0,REJECTED,0.0,Eligible,REJECTED,0.0,Eligible,REJECTED,0.0,Eligible
1222,70.7,B,5,6,0.03,50000.0,APPROVED,7500.0,Eligible,APPROVED,20000.0,Eligible,APPROVED,20000.0,Eligible
1223,38.2,D,2,3,0.14,2000.0,REJECTED,0.0,< 6 vends,REJECTED,0.0,< 4 vends,REJECTED,0.0,Eligible
1224,45.5,D,5,1,0.0,3750.0,REJECTED,0.0,< 6 vends,REJECTED,0.0,< 4 vends,REJECTED,0.0,< 3 vends
1225,71.7,B,3,13,0.02,51500.0,APPROVED,7500.0,Eligible,APPROVED,20000.0,Eligible,APPROVED,20000.0,Eligible
1226,48.6,D,0,11,0.02,2000.0,REJECTED,0.0,Eligible,REJECTED,0.0,Eligible,REJECTED,0.0,Eligible
1227,40.5,D,2,9,0.07,1750.0,REJECTED,0.0,Eligible,REJECTED,0.0,Eligible,REJECTED,0.0,Eligible
1228,35.2,D,11,4,0.1,1875.0,REJECTED,0.0,< 6 vends,REJECTED,0.0,Eligible,REJECTED,0.0,Eligible
1229,44.9,D,0,10,0.08,2000.0,REJECTED,0.0,Eligible,REJECTED,0.0,Eligible,REJECTED,0.0,Eligible
1230,70.5,B,4,8,0.05,50000.0,APPROVED,7500.0,Eligible,APPROVED,20000.0,Eligible,APPROVED,20000.0,Eligible
1231,42.9,D,3,7,0.04,2000.0,REJECTED,0.0,Eligible,REJECTED,0.0,Eligible,REJECTED,0.0,Eligible
1232,37.2,D,3,7,0.1,1250.0,REJECTED,0.0,Eligible,REJECTED,0.0,Eligible,REJECTED,0.0,Eligible
1233,42.8,D,4,5,0.02,1500.0,REJECTED,0.0,< 6 vends,REJECTED,0.0,Eligible,REJECTED,0.0,Eligible
1234,68.0,B,1,8,0.0,43000.0,APPROVED,7500.0,Eligible,APPROVED,20000.0,Eligible,APPROVED,20000.0,Eligible
1235,44.1,D,1,7,0.02,1750.0,REJECTED,0.0,Eligible,REJECTED,0.0,Eligible,REJECTED,0.0,Eligible
1236,37.5,D,0,4,0.08,2000.0,REJECTED,0.0,< 6 vends,REJECTED,0.0,Eligible,REJECTED,0.0,Eligible
1237,70.1,B,0,17,0.04,44000.0,APPROVED,7500.0,Eligible,APPROVED,20000.0,Eligible,APPROVED,20000.0,Eligible
1238,42.2,D,5,7,0.12,2000.0,REJECTED,0.0,Eligible,REJECTED,0.0,Eligible,REJECTED,0.0,Eligible
1239,47.0,D,7,9,0.07,2500.0,REJECTED,0.0,Eligible,REJECTED,0.0,Eligible,REJECTED,0.0,Eligible
1240,39.9,D,0,5,0.18,2000.0,REJECTED,0.0,< 6 vends,REJECTED,0.0,Eligible,REJECTED,0.0,Eligible
1241,45.6,D,0,10,0.1,2000.0,REJECTED,0.0,Eligible,REJECTED,0.0,Eligible,REJECTED,0.0,Eligible
1242,70.5,B,1,6,0.1,48000.0,APPROVED,7500.0,Eligible,APPROVED,20000.0,Eligible,APPROVED,20000.0,Eligible
1243,70.4,B,7,7,0.0,180000.0,APPROVED,7500.0,Eligible,APPROVED,20000.0,Eligible,APPROVED,20000.0,Eligible
1244,40.6,D,3,7,0.13,2000.0,REJECTED,0.0,Eligible,REJECTED,0.0,Eligible,REJECTED,0.0,Eligible
1245,46.2,D,2,11,0.04,2000.0,REJECTED,0.0,Eligible,REJECTED,0.0,Eligible,REJECTED,0.0,Eligible
1246,43.9,D,3,7,0.02,2000.0,REJECTED,0.0,Eligible,REJECTED,0.0,Eligible,REJECTED,0.0,Eligible
1247,75.0,B,0,10,0.02,63000.0,APPROVED,7500.0,Eligible,APPROVED,20000.0,Eligible,APPROVED,20000.0,Eligible
1248,70.4,B,27,6,0.07,40000.0,APPROVED,7500.0,Eligible,APPROVED,20000.0,Eligible,APPROVED,20000.0,Eligible
1249,45.0,D,28,2,0.08,1500.0,REJECTED,0.0,< 6 vends,REJECTED,0.0,< 4 vends,REJECTED,0.0,< 3 vends
1250,49.3,D,1,8,0.0,2500.0,REJECTED,0.0,Eligible,REJECTED,0.0,Eligible,REJECTED,0.0,Eligible
1251,44.1,D,3,7,0.06,1750.0,REJECTED,0.0,Eligible,REJECTED,0.0,Eligible,REJECTED,0.0,Eligible
1252,35.3,D,3,3,0.07,1500.0,REJECTED,0.0,< 6 vends,REJECTED,0.0,< 4 vends,REJECTED,0.0,Eligible
1253,40.6,D,5,4,0.06,2000.0,REJECTED,0.0,< 6 vends,REJECTED,0.0,Eligible,REJECTED,0.0,Eligible
1254,41.6,D,6,9,0.03,1868.5,REJECTED,0.0,Eligible,REJECTED,0.0,Eligible,REJECTED,0.0,Eligible
1255,65.8,B,4,5,0.12,50000.0,REJECTED,0.0,< 6 vends,APPROVED,20000.0,Eligible,APPROVED,20000.0,Eligible
1256,46.9,D,1,12,0.04,2000.0,REJECTED,0.0,Eligible,REJECTED,0.0,Eligible,REJECTED,0.0,Eligible
1257,41.1,D,1,10,0.02,1501.0,REJECTED,0.0,Eligible,REJECTED,0.0,Eligible,REJECTED,0.0,Eligible
1258,38.1,D,0,5,0.09,1750.0,REJECTED,0.0,< 6 vends,REJECTED,0.0,Eligible,REJECTED,0.0,Eligible
1259,69.8,B,2,4,0.06,180000.0,REJECTED,0.0,< 6 vends,APPROVED,20000.0,Eligible,APPROVED,20000.0,Eligible
1260,46.7,D,1,7,0.0,2000.0,REJECTED,0.0,Eligible,REJECTED,0.0,Eligible,REJECTED,0.0,Eligible
1261,36.3,D,1,9,0.09,1500.0,REJECTED,0.0,Eligible,REJECTED,0.0,Eligible,REJECTED,0.0,Eligible
1262,41.6,D,1,8,0.0,2000.0,REJECTED,0.0,Eligible,REJECTED,0.0,Eligible,REJECTED,0.0,Eligible
1263,41.5,D,0,13,0.04,1500.0,REJECTED,0.0,Eligible,REJECTED,0.0,Eligible,REJECTED,0.0,Eligible
1264,62.1,C,63,0,0.0,198842.5,REJECTED,0.0,< 6 vends; > 30 days dormant,REJECTED,0.0,< 4 vends; > 45 days dormant,REJECTED,0.0,< 3 vends; > 60 days dormant
1265,71.6,B,2,7,0.07,69000.0,APPROVED,7500.0,Eligible,APPROVED,20000.0,Eligible,APPROVED,20000.0,Eligible
1266,43.8,D,1,12,0.04,2000.0,REJECTED,0.0,Eligible,REJECTED,0.0,Eligible,REJECTED,0.0,Eligible
1267,45.8,D,5,7,0.02,2000.0,REJECTED,0.0,Eligible,REJECTED,0.0,Eligible,REJECTED,0.0,Eligible
1268,42.1,D,2,6,0.08,1815.5,REJECTED,0.0,Eligible,REJECTED,0.0,Eligible,REJECTED,0.0,Eligible
1269,36.2,D,0,4,0.07,1500.0,REJECTED,0.0,< 6 vends,REJECTED,0.0,Eligible,REJECTED,0.0,Eligible
1270,45.6,D,4,6,0.04,2500.0,REJECTED,0.0,Eligible,REJECTED,0.0,Eligible,REJECTED,0.0,Eligible
1271,45.9,D,1,7,0.04,1875.0,REJECTED,0.0,Eligible,REJECTED,0.0,Eligible,REJECTED,0.0,Eligible
1272,42.5,D,0,6,0.02,1996.0,REJECTED,0.0,Eligible,REJECTED,0.0,Eligible,REJECTED,0.0,Eligible
1273,41.9,D,2,12,0.02,1500.0,REJECTED,0.0,Eligible,REJECTED,0.0,Eligible,REJECTED,0.0,Eligible
1274,40.5,D,6,5,0.07,2000.0,REJECTED,0.0,< 6 vends,REJECTED,0.0,Eligible,REJECTED,0.0,Eligible
1275,40.6,D,6,4,0.07,2500.0,REJECTED,0.0,< 6 vends,REJECTED,0.0,Eligible,REJECTED,0.0,Eligible
1276,64.9,C,53,1,0.1,200000.0,REJECTED,0.0,< 6 vends; > 30 days dormant,REJECTED,0.0,< 4 vends; > 45 days dormant,REJECTED,0.0,< 3 vends
1277,64.3,C,2,2,0.0,46000.0,REJECTED,0.0,< 6 vends,REJECTED,0.0,< 4 vends,REJECTED,0.0,< 3 vends
1278,71.2,B,32,3,0.08,185082.0,REJECTED,0.0,< 6 vends; > 30 days dormant,REJECTED,0.0,< 4 vends,APPROVED,20000.0,Eligible
1279,36.0,D,3,4,0.13,2000.0,REJECTED,0.0,< 6 vends,REJECTED,0.0,Eligible,REJECTED,0.0,Eligible
1280,69.0,B,3,6,0.06,47000.0,APPROVED,7500.0,Eligible,APPROVED,20000.0,Eligible,APPROVED,20000.0,Eligible
1281,40.4,D,1,4,0.11,2500.0,REJECTED,0.0,< 6 vends,REJECTED,0.0,Eligible,REJECTED,0.0,Eligible
1282,72.5,B,2,9,0.05,66500.0,APPROVED,7500.0,Eligible,APPROVED,20000.0,Eligible,APPROVED,20000.0,Eligible
1283,43.4,D,0,3,0.11,2000.0,REJECTED,0.0,< 6 vends,REJECTED,0.0,< 4 vends,REJECTED,0.0,Eligible
1284,42.8,D,12,7,0.05,2000.0,REJECTED,0.0,Eligible,REJECTED,0.0,Eligible,REJECTED,0.0,Eligible
1285,42.0,D,9,6,0.02,1875.0,REJECTED,0.0,Eligible,REJECTED,0.0,Eligible,REJECTED,0.0,Eligible
1286,47.6,D,2,13,0.02,2000.0,REJECTED,0.0,Eligible,REJECTED,0.0,Eligible,REJECTED,0.0,Eligible
1287,44.9,D,18,4,0.08,2000.0,REJECTED,0.0,< 6 vends,REJECTED,0.0,Eligible,REJECTED,0.0,Eligible
1288,45.6,D,15,5,0.02,1750.0,REJECTED,0.0,< 6 vends,REJECTED,0.0,Eligible,REJECTED,0.0,Eligible
1289,48.6,D,4,8,0.02,2000.0,REJECTED,0.0,Eligible,REJECTED,0.0,Eligible,REJECTED,0.0,Eligible
1290,44.7,D,0,10,0.04,1832.0,REJECTED,0.0,Eligible,REJECTED,0.0,Eligible,REJECTED,0.0,Eligible
1291,36.6,D,26,3,0.07,1750.0,REJECTED,0.0,< 6 vends,REJECTED,0.0,< 4 vends,REJECTED,0.0,Eligible
1292,43.8,D,0,5,0.04,2000.0,REJECTED,0.0,< 6 vends,REJECTED,0.0,Eligible,REJECTED,0.0,Eligible
1293,43.6,D,0,3,0.08,2250.0,REJECTED,0.0,< 6 vends,REJECTED,0.0,< 4 vends,REJECTED,0.0,Eligible
1294,40.2,D,3,2,0.17,1750.0,REJECTED,0.0,< 6 vends,REJECTED,0.0,< 4 vends,REJECTED,0.0,< 3 vends
1295,36.3,D,4,5,0.12,1500.0,REJECTED,0.0,< 6 vends,REJECTED,0.0,Eligible,REJECTED,0.0,Eligible
1296,41.2,D,0,8,0.07,2000.0,REJECTED,0.0,Eligible,REJECTED,0.0,Eligible,REJECTED,0.0,Eligible
1297,44.7,D,2,9,0.0,1850.0,REJECTED,0.0,Eligible,REJECTED,0.0,Eligible,REJECTED,0.0,Eligible
1298,45.0,D,5,6,0.05,2000.0,REJECTED,0.0,Eligible,REJECTED,0.0,Eligible,REJECTED,0.0,Eligible
1299,40.9,D,56,1,0.18,1758.0,REJECTED,0.0,< 6 vends; > 30 days dormant,REJECTED,0.0,< 4 vends; > 45 days dormant,REJECTED,0.0,< 3 vends
1300,40.2,D,19,5,0.06,2000.0,REJECTED,0.0,< 6 vends,REJECTED,0.0,Eligible,REJECTED,0.0,Eligible
1301,70.7,B,4,12,0.03,68000.0,APPROVED,7500.0,Eligible,APPROVED,20000.0,Eligible,APPROVED,20000.0,Eligible
1302,43.0,D,6,11,0.03,2000.0,REJECTED,0.0,Eligible,REJECTED,0.0,Eligible,REJECTED,0.0,Eligible
1303,64.9,C,30,2,0.1,44000.0,REJECTED,0.0,< 6 vends,REJECTED,0.0,< 4 vends,REJECTED,0.0,< 3 vends
1304,42.6,D,1,9,0.07,2000.0,REJECTED,0.0,Eligible,REJECTED,0.0,Eligible,REJECTED,0.0,Eligible
1305,46.0,D,3,11,0.02,2000.0,REJECTED,0.0,Eligible,REJECTED,0.0,Eligible,REJECTED,0.0,Eligible
1306,44.3,D,0,10,0.02,2000.0,REJECTED,0.0,Eligible,REJECTED,0.0,Eligible,REJECTED,0.0,Eligible
1307,49.6,D,0,8,0.05,2500.0,REJECTED,0.0,Eligible,REJECTED,0.0,Eligible,REJECTED,0.0,Eligible
1308,47.0,D,2,12,0.0,2000.0,REJECTED,0.0,Eligible,REJECTED,0.0,Eligible,REJECTED,0.0,Eligible
1309,38.4,D,4,4,0.11,1625.0,REJECTED,0.0,< 6 vends,REJECTED,0.0,Eligible,REJECTED,0.0,Eligible
1310,69.7,B,3,8,0.13,50000.0,APPROVED,7500.0,Eligible,APPROVED,20000.0,Eligible,APPROVED,20000.0,Eligible
1311,45.5,D,7,7,0.04,2000.0,REJECTED,0.0,Eligible,REJECTED,0.0,Eligible,REJECTED,0.0,Eligible
1312,44.1,D,1,8,0.14,1982.0,REJECTED,0.0,Eligible,REJECTED,0.0,Eligible,REJECTED,0.0,Eligible
1313,67.4,B,5,9,0.06,50000.0,APPROVED,7500.0,Eligible,APPROVED,20000.0,Eligible,APPROVED,20000.0,Eligible
1314,32.3,D,4,3,0.07,1125.0,REJECTED,0.0,< 6 vends,REJECTED,0.0,< 4 vends,REJECTED,0.0,Eligible
1315,42.2,D,1,8,0.05,1750.0,REJECTED,0.0,Eligible,REJECTED,0.0,Eligible,REJECTED,0.0,Eligible
1316,71.8,B,15,7,0.1,180000.0,APPROVED,7500.0,Eligible,APPROVED,20000.0,Eligible,APPROVED,20000.0,Eligible
1317,74.2,B,2,13,0.04,168440.0,APPROVED,7500.0,Eligible,APPROVED,20000.0,Eligible,APPROVED,20000.0,Eligible
1318,70.3,B,8,10,0.03,60000.0,APPROVED,7500.0,Eligible,APPROVED,20000.0,Eligible,APPROVED,20000.0,Eligible
1319,44.1,D,3,8,0.0,2000.0,REJECTED,0.0,Eligible,REJECTED,0.0,Eligible,REJECTED,0.0,Eligible
1320,43.2,D,1,15,0.04,1500.0,REJECTED,0.0,Eligible,REJECTED,0.0,Eligible,REJECTED,0.0,Eligible
1321,33.5,D,1,3,0.17,1500.0,REJECTED,0.0,< 6 vends,REJECTED,0.0,< 4 vends,REJECTED,0.0,Eligible
1322,71.7,B,4,11,0.03,181949.5,APPROVED,7500.0,Eligible,APPROVED,20000.0,Eligible,APPROVED,20000.0,Eligible
1323,44.8,D,5,8,0.08,2000.0,REJECTED,0.0,Eligible,REJECTED,0.0,Eligible,REJECTED,0.0,Eligible
1324,41.7,D,9,6,0.03,2000.0,REJECTED,0.0,Eligible,REJECTED,0.0,Eligible,REJECTED,0.0,Eligible
1325,43.0,D,2,6,0.04,2000.0,REJECTED,0.0,Eligible,REJECTED,0.0,Eligible,REJECTED,0.0,Eligible
1326,63.8,C,35,4,0.14,119686.0,REJECTED,0.0,< 6 vends; > 30 days dormant,APPROVED,20000.0,Eligible,APPROVED,20000.0,Eligible
1327,46.9,D,0,10,0.02,2000.0,REJECTED,0.0,Eligible,REJECTED,0.0,Eligible,REJECTED,0.0,Eligible
1328,40.9,D,4,6,0.05,1530.0,REJECTED,0.0,Eligible,REJECTED,0.0,Eligible,REJECTED,0.0,Eligible
1329,44.1,D,2,9,0.07,2000.0,REJECTED,0.0,Eligible,REJECTED,0.0,Eligible,REJECTED,0.0,Eligible
1330,44.6,D,12,6,0.04,2000.0,REJECTED,0.0,Eligible,REJECTED,0.0,Eligible,REJECTED,0.0,Eligible
1331,40.4,D,36,3,0.14,2172.5,REJECTED,0.0,< 6 vends; > 30 days dormant,REJECTED,0.0,< 4 vends,REJECTED,0.0,Eligible
1332,36.5,D,23,5,0.04,1750.0,REJECTED,0.0,< 6 vends,REJECTED,0.0,Eligible,REJECTED,0.0,Eligible
1333,41.7,D,0,11,0.02,1500.0,REJECTED,0.0,Eligible,REJECTED,0.0,Eligible,REJECTED,0.0,Eligible
1334,47.6,D,0,15,0.03,1536.0,REJECTED,0.0,Eligible,REJECTED,0.0,Eligible,REJECTED,0.0,Eligible
1335,42.0,D,1,5,0.06,2000.0,REJECTED,0.0,< 6 vends,REJECTED,0.0,Eligible,REJECTED,0.0,Eligible
1336,42.9,D,0,8,0.02,2000.0,REJECTED,0.0,Eligible,REJECTED,0.0,Eligible,REJECTED,0.0,Eligible
1337,33.3,D,2,4,0.12,1625.0,REJECTED,0.0,< 6 vends,REJECTED,0.0,Eligible,REJECTED,0.0,Eligible
1338,74.6,B,2,7,0.03,200000.0,APPROVED,7500.0,Eligible,APPROVED,20000.0,Eligible,APPROVED,20000.0,Eligible
1339,41.0,D,9,12,0.06,1500.0,REJECTED,0.0,Eligible,REJECTED,0.0,Eligible,REJECTED,0.0,Eligible
1340,44.4,D,11,8,0.07,1500.0,REJECTED,0.0,Eligible,REJECTED,0.0,Eligible,REJECTED,0.0,Eligible
1341,37.6,D,4,4,0.05,2000.0,REJECTED,0.0,< 6 vends,REJECTED,0.0,Eligible,REJECTED,0.0,Eligible
1342,43.2,D,0,10,0.07,2000.0,REJECTED,0.0,Eligible,REJECTED,0.0,Eligible,REJECTED,0.0,Eligible
1343,45.1,D,0,6,0.05,2000.0,REJECTED,0.0,Eligible,REJECTED,0.0,Eligible,REJECTED,0.0,Eligible
1344,43.2,D,0,11,0.03,2000.0,REJECTED,0.0,Eligible,REJECTED,0.0,Eligible,REJECTED,0.0,Eligible
1345,44.0,D,3,13,0.1,2000.0,REJECTED,0.0,Eligible,REJECTED,0.0,Eligible,REJECTED,0.0,Eligible
1346,39.8,D,0,9,0.08,1750.0,REJECTED,0.0,Eligible,REJECTED,0.0,Eligible,REJECTED,0.0,Eligible
1347,44.0,D,1,5,0.02,2000.0,REJECTED,0.0,< 6 vends,REJECTED,0.0,Eligible,REJECTED,0.0,Eligible
1348,43.3,D,33,3,0.27,1937.5,REJECTED,0.0,< 6 vends; > 30 days dormant; High Failure Rate (27%),REJECTED,0.0,< 4 vends,REJECTED,0.0,Eligible
1349,44.2,D,2,9,0.02,1500.0,REJECTED,0.0,Eligible,REJECTED,0.0,Eligible,REJECTED,0.0,Eligible
1350,42.8,D,34,1,0.2,1500.0,REJECTED,0.0,< 6 vends; > 30 days dormant,REJECTED,0.0,< 4 vends,REJECTED,0.0,< 3 vends
1351,75.6,B,5,6,0.0,200000.0,APPROVED,7500.0,Eligible,APPROVED,20000.0,Eligible,APPROVED,20000.0,Eligible
1352,69.4,B,6,6,0.03,51000.0,APPROVED,7500.0,Eligible,APPROVED,20000.0,Eligible,APPROVED,20000.0,Eligible
1353,49.6,D,1,13,0.02,2000.0,REJECTED,0.0,Eligible,REJECTED,0.0,Eligible,REJECTED,0.0,Eligible
1354,36.3,D,4,4,0.16,2000.0,REJECTED,0.0,< 6 vends,REJECTED,0.0,Eligible,REJECTED,0.0,Eligible
1355,47.7,D,4,10,0.02,2000.0,REJECTED,0.0,Eligible,REJECTED,0.0,Eligible,REJECTED,0.0,Eligible
1356,54.7,C,2,10,0.03,2500.0,REJECTED,0.0,Below Min Loan Size,REJECTED,0.0,Below Min Loan Size,REJECTED,0.0,Below Min Loan Size
1357,72.5,B,3,8,0.02,63500.0,APPROVED,7500.0,Eligible,APPROVED,20000.0,Eligible,APPROVED,20000.0,Eligible
1358,31.6,D,1,4,0.15,1234.0,REJECTED,0.0,< 6 vends,REJECTED,0.0,Eligible,REJECTED,0.0,Eligible
1359,43.7,D,16,4,0.18,2345.0,REJECTED,0.0,< 6 vends,REJECTED,0.0,Eligible,REJECTED,0.0,Eligible
1360,49.0,D,6,9,0.03,2000.0,REJECTED,0.0,Eligible,REJECTED,0.0,Eligible,REJECTED,0.0,Eligible
1361,33.0,D,15,4,0.07,1687.5,REJECTED,0.0,< 6 vends,REJECTED,0.0,Eligible,REJECTED,0.0,Eligible
1362,35.9,D,0,11,0.05,1000.0,REJECTED,0.0,Eligible,REJECTED,0.0,Eligible,REJECTED,0.0,Eligible
1363,40.2,D,1,7,0.03,1750.0,REJECTED,0.0,Eligible,REJECTED,0.0,Eligible,REJECTED,0.0,Eligible
1364,49.4,D,4,6,0.03,2000.0,REJECTED,0.0,Eligible,REJECTED,0.0,Eligible,REJECTED,0.0,Eligible
1365,68.1,B,4,3,0.1,63000.0,REJECTED,0.0,< 6 vends,REJECTED,0.0,< 4 vends,APPROVED,20000.0,Eligible
1366,33.7,D,7,2,0.08,1750.0,REJECTED,0.0,< 6 vends,REJECTED,0.0,< 4 vends,REJECTED,0.0,< 3 vends
1367,62.4,C,5,3,0.13,50000.0,REJECTED,0.0,< 6 vends,REJECTED,0.0,< 4 vends,APPROVED,20000.0,Eligible
1368,42.8,D,3,9,0.06,1921.0,REJECTED,0.0,Eligible,REJECTED,0.0,Eligible,REJECTED,0.0,Eligible
1369,65.9,B,20,3,0.11,200000.0,REJECTED,0.0,< 6 vends,REJECTED,0.0,< 4 vends,APPROVED,20000.0,Eligible
1370,35.6,D,2,4,0.22,1750.0,REJECTED,0.0,< 6 vends; High Failure Rate (22%),REJECTED,0.0,Eligible,REJECTED,0.0,Eligible
1371,73.8,B,4,9,0.08,53500.0,APPROVED,7500.0,Eligible,APPROVED,20000.0,Eligible,APPROVED,20000.0,Eligible
1372,42.4,D,1,9,0.02,1875.0,REJECTED,0.0,Eligible,REJECTED,0.0,Eligible,REJECTED,0.0,Eligible
1373,43.0,D,0,4,0.09,2000.0,REJECTED,0.0,< 6 vends,REJECTED,0.0,Eligible,REJECTED,0.0,Eligible
1374,63.0,C,0,3,0.0,59000.0,REJECTED,0.0,< 6 vends,REJECTED,0.0,< 4 vends,APPROVED,20000.0,Eligible
1375,37.4,D,3,4,0.0,1750.0,REJECTED,0.0,< 6 vends,REJECTED,0.0,Eligible,REJECTED,0.0,Eligible
1376,44.1,D,3,8,0.0,2000.0,REJECTED,0.0,Eligible,REJECTED,0.0,Eligible,REJECTED,0.0,Eligible
1377,30.4,D,33,2,0.2,1000.0,REJECTED,0.0,< 6 vends; > 30 days dormant,REJECTED,0.0,< 4 vends,REJECTED,0.0,< 3 vends
1378,75.1,B,3,11,0.04,53000.0,APPROVED,7500.0,Eligible,APPROVED,20000.0,Eligible,APPROVED,20000.0,Eligible
1379,43.6,D,0,5,0.07,2000.0,REJECTED,0.0,< 6 vends,REJECTED,0.0,Eligible,REJECTED,0.0,Eligible
1380,43.4,D,3,6,0.1,2000.0,REJECTED,0.0,Eligible,REJECTED,0.0,Eligible,REJECTED,0.0,Eligible
1381,43.8,D,1,10,0.1,1750.0,REJECTED,0.0,Eligible,REJECTED,0.0,Eligible,REJECTED,0.0,Eligible
1382,44.3,D,8,8,0.04,1750.0,REJECTED,0.0,Eligible,REJECTED,0.0,Eligible,REJECTED,0.0,Eligible
1383,35.0,D,1,2,0.0,1929.0,REJECTED,0.0,< 6 vends,REJECTED,0.0,< 4 vends,REJECTED,0.0,< 3 vends
1384,49.0,D,1,11,0.02,1860.0,REJECTED,0.0,Eligible,REJECTED,0.0,Eligible,REJECTED,0.0,Eligible
1385,37.0,D,5,4,0.19,1500.0,REJECTED,0.0,< 6 vends,REJECTED,0.0,Eligible,REJECTED,0.0,Eligible
1386,39.0,D,0,5,0.16,1750.0,REJECTED,0.0,< 6 vends,REJECTED,0.0,Eligible,REJECTED,0.0,Eligible
1387,43.1,D,1,11,0.05,2000.0,REJECTED,0.0,Eligible,REJECTED,0.0,Eligible,REJECTED,0.0,Eligible
1388,39.9,D,5,5,0.03,1750.0,REJECTED,0.0,< 6 vends,REJECTED,0.0,Eligible,REJECTED,0.0,Eligible
1389,36.1,D,1,5,0.0,2000.0,REJECTED,0.0,< 6 vends,REJECTED,0.0,Eligible,REJECTED,0.0,Eligible
1390,38.8,D,1,6,0.03,1500.0,REJECTED,0.0,Eligible,REJECTED,0.0,Eligible,REJECTED,0.0,Eligible
1391,46.4,D,3,5,0.16,3063.5,REJECTED,0.0,< 6 vends,REJECTED,0.0,Eligible,REJECTED,0.0,Eligible
1392,40.0,D,1,9,0.14,2000.0,REJECTED,0.0,Eligible,REJECTED,0.0,Eligible,REJECTED,0.0,Eligible
1393,28.9,D,13,2,0.0,1000.0,REJECTED,0.0,< 6 vends,REJECTED,0.0,< 4 vends,REJECTED,0.0,< 3 vends
1394,45.3,D,0,10,0.03,1559.0,REJECTED,0.0,Eligible,REJECTED,0.0,Eligible,REJECTED,0.0,Eligible
1395,44.6,D,3,6,0.09,2000.0,REJECTED,0.0,Eligible,REJECTED,0.0,Eligible,REJECTED,0.0,Eligible
1396,35.4,D,2,5,0.1,1500.0,REJECTED,0.0,< 6 vends,REJECTED,0.0,Eligible,REJECTED,0.0,Eligible
1397,42.9,D,8,10,0.04,1500.0,REJECTED,0.0,Eligible,REJECTED,0.0,Eligible,REJECTED,0.0,Eligible
1398,48.1,D,0,9,0.1,2500.0,REJECTED,0.0,Eligible,REJECTED,0.0,Eligible,REJECTED,0.0,Eligible
1399,47.7,D,4,9,0.07,2000.0,REJECTED,0.0,Eligible,REJECTED,0.0,Eligible,REJECTED,0.0,Eligible
1400,71.4,B,3,8,0.02,72000.0,APPROVED,7500.0,Eligible,APPROVED,20000.0,Eligible,APPROVED,20000.0,Eligible
1401,37.0,D,2,2,0.0,2500.0,REJECTED,0.0,< 6 vends,REJECTED,0.0,< 4 vends,REJECTED,0.0,< 3 vends
1402,44.1,D,0,6,0.11,2000.0,REJECTED,0.0,Eligible,REJECTED,0.0,Eligible,REJECTED,0.0,Eligible
1403,39.2,D,5,8,0.05,1500.0,REJECTED,0.0,Eligible,REJECTED,0.0,Eligible,REJECTED,0.0,Eligible
1404,36.7,D,6,6,0.05,1250.0,REJECTED,0.0,Eligible,REJECTED,0.0,Eligible,REJECTED,0.0,Eligible
1405,66.0,B,15,2,0.08,51500.0,REJECTED,0.0,< 6 vends,REJECTED,0.0,< 4 vends,REJECTED,0.0,< 3 vends
1406,49.2,D,3,5,0.02,2000.0,REJECTED,0.0,< 6 vends,REJECTED,0.0,Eligible,REJECTED,0.0,Eligible
1407,48.9,D,3,8,0.0,2500.0,REJECTED,0.0,Eligible,REJECTED,0.0,Eligible,REJECTED,0.0,Eligible
1408,46.8,D,1,6,0.05,2000.0,REJECTED,0.0,Eligible,REJECTED,0.0,Eligible,REJECTED,0.0,Eligible
1409,44.1,D,2,8,0.07,2000.0,REJECTED,0.0,Eligible,REJECTED,0.0,Eligible,REJECTED,0.0,Eligible
1410,36.2,D,4,7,0.17,1500.0,REJECTED,0.0,Eligible,REJECTED,0.0,Eligible,REJECTED,0.0,Eligible
1411,48.2,D,2,13,0.02,2000.0,REJECTED,0.0,Eligible,REJECTED,0.0,Eligible,REJECTED,0.0,Eligible
1412,77.8,B,6,9,0.0,150000.0,APPROVED,7500.0,Eligible,APPROVED,20000.0,Eligible,APPROVED,20000.0,Eligible
1413,44.3,D,2,9,0.02,1928.0,REJECTED,0.0,Eligible,REJECTED,0.0,Eligible,REJECTED,0.0,Eligible
1414,42.4,D,0,13,0.05,1937.5,REJECTED,0.0,Eligible,REJECTED,0.0,Eligible,REJECTED,0.0,Eligible
1415,70.8,B,5,9,0.11,48000.0,APPROVED,7500.0,Eligible,APPROVED,20000.0,Eligible,APPROVED,20000.0,Eligible
1416,72.8,B,11,7,0.1,73500.0,APPROVED,7500.0,Eligible,APPROVED,20000.0,Eligible,APPROVED,20000.0,Eligible
1417,71.3,B,3,5,0.08,41000.0,REJECTED,0.0,< 6 vends,APPROVED,20000.0,Eligible,APPROVED,20000.0,Eligible
1418,38.8,D,3,5,0.07,2000.0,REJECTED,0.0,< 6 vends,REJECTED,0.0,Eligible,REJECTED,0.0,Eligible
1419,48.8,D,3,10,0.0,2500.0,REJECTED,0.0,Eligible,REJECTED,0.0,Eligible,REJECTED,0.0,Eligible
1420,38.7,D,4,6,0.07,1750.0,REJECTED,0.0,Eligible,REJECTED,0.0,Eligible,REJECTED,0.0,Eligible
1421,43.3,D,2,5,0.07,2000.0,REJECTED,0.0,< 6 vends,REJECTED,0.0,Eligible,REJECTED,0.0,Eligible
1422,72.8,B,0,7,0.02,180000.0,APPROVED,7500.0,Eligible,APPROVED,20000.0,Eligible,APPROVED,20000.0,Eligible
1423,43.5,D,11,7,0.05,1867.0,REJECTED,0.0,Eligible,REJECTED,0.0,Eligible,REJECTED,0.0,Eligible
1424,39.2,D,2,9,0.06,1750.0,REJECTED,0.0,Eligible,REJECTED,0.0,Eligible,REJECTED,0.0,Eligible
1425,43.7,D,4,6,0.05,2295.0,REJECTED,0.0,Eligible,REJECTED,0.0,Eligible,REJECTED,0.0,Eligible
1426,42.1,D,1,11,0.02,1500.0,REJECTED,0.0,Eligible,REJECTED,0.0,Eligible,REJECTED,0.0,Eligible
1427,39.8,D,2,9,0.05,1625.0,REJECTED,0.0,Eligible,REJECTED,0.0,Eligible,REJECTED,0.0,Eligible
1428,42.3,D,6,6,0.09,2000.0,REJECTED,0.0,Eligible,REJECTED,0.0,Eligible,REJECTED,0.0,Eligible
1429,34.7,D,3,2,0.07,1332.0,REJECTED,0.0,< 6 vends,REJECTED,0.0,< 4 vends,REJECTED,0.0,< 3 vends
1430,44.0,D,0,3,0.07,2500.0,REJECTED,0.0,< 6 vends,REJECTED,0.0,< 4 vends,REJECTED,0.0,Eligible
1431,45.1,D,3,11,0.0,2000.0,REJECTED,0.0,Eligible,REJECTED,0.0,Eligible,REJECTED,0.0,Eligible
1432,36.5,D,15,6,0.13,1250.0,REJECTED,0.0,Eligible,REJECTED,0.0,Eligible,REJECTED,0.0,Eligible
1433,42.9,D,5,2,0.06,2750.0,REJECTED,0.0,< 6 vends,REJECTED,0.0,< 4 vends,REJECTED,0.0,< 3 vends
1434,45.0,D,0,6,0.11,2250.0,REJECTED,0.0,Eligible,REJECTED,0.0,Eligible,REJECTED,0.0,Eligible
1435,37.3,D,3,7,0.14,1750.0,REJECTED,0.0,Eligible,REJECTED,0.0,Eligible,REJECTED,0.0,Eligible
1436,36.6,D,3,4,0.12,1500.0,REJECTED,0.0,< 6 vends,REJECTED,0.0,Eligible,REJECTED,0.0,Eligible
1437,35.0,D,35,3,0.0,2000.0,REJECTED,0.0,< 6 vends; > 30 days dormant,REJECTED,0.0,< 4 vends,REJECTED,0.0,Eligible
1438,44.8,D,1,8,0.0,2000.0,REJECTED,0.0,Eligible,REJECTED,0.0,Eligible,REJECTED,0.0,Eligible
1439,73.4,B,3,9,0.07,180000.0,APPROVED,7500.0,Eligible,APPROVED,20000.0,Eligible,APPROVED,20000.0,Eligible
1440,40.4,D,0,6,0.08,1875.0,REJECTED,0.0,Eligible,REJECTED,0.0,Eligible,REJECTED,0.0,Eligible
1441,75.4,B,1,13,0.04,64000.0,APPROVED,7500.0,Eligible,APPROVED,20000.0,Eligible,APPROVED,20000.0,Eligible
1442,40.0,D,13,4,0.12,2000.0,REJECTED,0.0,< 6 vends,REJECTED,0.0,Eligible,REJECTED,0.0,Eligible
1443,43.3,D,9,4,0.07,1880.5,REJECTED,0.0,< 6 vends,REJECTED,0.0,Eligible,REJECTED,0.0,Eligible
1444,44.5,D,34,1,0.12,2000.0,REJECTED,0.0,< 6 vends; > 30 days dormant,REJECTED,0.0,< 4 vends,REJECTED,0.0,< 3 vends
1445,59.8,C,32,1,0.09,37500.0,REJECTED,0.0,< 6 vends; > 30 days dormant,REJECTED,0.0,< 4 vends,REJECTED,0.0,< 3 vends
1446,44.6,D,0,8,0.12,2000.0,REJECTED,0.0,Eligible,REJECTED,0.0,Eligible,REJECTED,0.0,Eligible
1447,63.7,C,5,4,0.14,40000.0,REJECTED,0.0,< 6 vends,APPROVED,20000.0,Eligible,APPROVED,20000.0,Eligible
1448,45.9,D,4,4,0.04,2000.0,REJECTED,0.0,< 6 vends,REJECTED,0.0,Eligible,REJECTED,0.0,Eligible
1449,38.6,D,4,8,0.03,1500.0,REJECTED,0.0,Eligible,REJECTED,0.0,Eligible,REJECTED,0.0,Eligible
1450,46.0,D,6,10,0.12,2016.5,REJECTED,0.0,Eligible,REJECTED,0.0,Eligible,REJECTED,0.0,Eligible
1451,29.7,D,2,1,0.0,1250.0,REJECTED,0.0,< 6 vends,REJECTED,0.0,< 4 vends,REJECTED,0.0,< 3 vends
1452,42.9,D,3,12,0.04,2000.0,REJECTED,0.0,Eligible,REJECTED,0.0,Eligible,REJECTED,0.0,Eligible
1453,43.8,D,1,8,0.08,2000.0,REJECTED,0.0,Eligible,REJECTED,0.0,Eligible,REJECTED,0.0,Eligible
1454,43.1,D,1,9,0.02,2000.0,REJECTED,0.0,Eligible,REJECTED,0.0,Eligible,REJECTED,0.0,Eligible
1455,49.1,D,1,11,0.0,2000.0,REJECTED,0.0,Eligible,REJECTED,0.0,Eligible,REJECTED,0.0,Eligible
1456,39.1,D,1,11,0.03,1500.0,REJECTED,0.0,Eligible,REJECTED,0.0,Eligible,REJECTED,0.0,Eligible
1457,48.5,D,2,15,0.05,1861.5,REJECTED,0.0,Eligible,REJECTED,0.0,Eligible,REJECTED,0.0,Eligible
1458,71.5,B,0,10,0.02,40000.0,APPROVED,7500.0,Eligible,APPROVED,20000.0,Eligible,APPROVED,20000.0,Eligible
1459,46.6,D,2,12,0.06,2250.0,REJECTED,0.0,Eligible,REJECTED,0.0,Eligible,REJECTED,0.0,Eligible
1460,41.8,D,1,8,0.05,1875.0,REJECTED,0.0,Eligible,REJECTED,0.0,Eligible,REJECTED,0.0,Eligible
1461,37.2,D,1,7,0.1,1750.0,REJECTED,0.0,Eligible,REJECTED,0.0,Eligible,REJECTED,0.0,Eligible
1462,39.9,D,0,8,0.03,2000.0,REJECTED,0.0,Eligible,REJECTED,0.0,Eligible,REJECTED,0.0,Eligible
1463,43.3,D,12,8,0.09,2000.0,REJECTED,0.0,Eligible,REJECTED,0.0,Eligible,REJECTED,0.0,Eligible
1464,44.3,D,1,7,0.02,1750.0,REJECTED,0.0,Eligible,REJECTED,0.0,Eligible,REJECTED,0.0,Eligible
1465,38.3,D,5,6,0.0,2000.0,REJECTED,0.0,Eligible,REJECTED,0.0,Eligible,REJECTED,0.0,Eligible
1466,70.5,B,2,7,0.09,67000.0,APPROVED,7500.0,Eligible,APPROVED,20000.0,Eligible,APPROVED,20000.0,Eligible
1467,43.9,D,2,9,0.04,1750.0,REJECTED,0.0,Eligible,REJECTED,0.0,Eligible,REJECTED,0.0,Eligible
1468,43.8,D,4,9,0.06,2000.0,REJECTED,0.0,Eligible,REJECTED,0.0,Eligible,REJECTED,0.0,Eligible
1469,33.3,D,8,2,0.0,1625.0,REJECTED,0.0,< 6 vends,REJECTED,0.0,< 4 vends,REJECTED,0.0,< 3 vends
1470,43.2,D,4,9,0.04,1750.0,REJECTED,0.0,Eligible,REJECTED,0.0,Eligible,REJECTED,0.0,Eligible
1471,38.0,D,7,2,0.08,2000.0,REJECTED,0.0,< 6 vends,REJECTED,0.0,< 4 vends,REJECTED,0.0,< 3 vends
1472,42.7,D,0,6,0.06,2000.0,REJECTED,0.0,Eligible,REJECTED,0.0,Eligible,REJECTED,0.0,Eligible
1473,66.9,B,3,3,0.12,49000.0,REJECTED,0.0,< 6 vends,REJECTED,0.0,< 4 vends,APPROVED,20000.0,Eligible
1474,41.2,D,2,8,0.02,1625.0,REJECTED,0.0,Eligible,REJECTED,0.0,Eligible,REJECTED,0.0,Eligible
1475,45.8,D,4,11,0.04,2000.0,REJECTED,0.0,Eligible,REJECTED,0.0,Eligible,REJECTED,0.0,Eligible
1476,75.4,B,3,8,0.0,188566.5,APPROVED,7500.0,Eligible,APPROVED,20000.0,Eligible,APPROVED,20000.0,Eligible
1477,41.7,D,0,8,0.07,1500.0,REJECTED,0.0,Eligible,REJECTED,0.0,Eligible,REJECTED,0.0,Eligible
1478,50.9,C,1,2,0.0,3375.0,REJECTED,0.0,< 6 vends,REJECTED,0.0,< 4 vends,REJECTED,0.0,< 3 vends
1479,72.6,B,2,7,0.03,180000.0,APPROVED,7500.0,Eligible,APPROVED,20000.0,Eligible,APPROVED,20000.0,Eligible
1480,43.6,D,3,10,0.02,1903.5,REJECTED,0.0,Eligible,REJECTED,0.0,Eligible,REJECTED,0.0,Eligible
1481,49.5,D,1,9,0.0,2000.0,REJECTED,0.0,Eligible,REJECTED,0.0,Eligible,REJECTED,0.0,Eligible
1482,52.1,C,3,9,0.0,2500.0,REJECTED,0.0,Below Min Loan Size,REJECTED,0.0,Below Min Loan Size,REJECTED,0.0,Below Min Loan Size
1483,40.0,D,0,5,0.08,1990.5,REJECTED,0.0,< 6 vends,REJECTED,0.0,Eligible,REJECTED,0.0,Eligible
1484,40.9,D,4,6,0.03,2000.0,REJECTED,0.0,Eligible,REJECTED,0.0,Eligible,REJECTED,0.0,Eligible
1485,46.1,D,2,3,0.15,3000.0,REJECTED,0.0,< 6 vends,REJECTED,0.0,< 4 vends,REJECTED,0.0,Eligible
1486,64.0,C,3,2,0.22,57000.0,REJECTED,0.0,< 6 vends; High Failure Rate (22%),REJECTED,0.0,< 4 vends,REJECTED,0.0,< 3 vends
1487,56.4,C,1,3,0.09,5000.0,REJECTED,0.0,< 6 vends,REJECTED,0.0,< 4 vends,APPROVED,3750.0,Eligible
1488,43.2,D,2,12,0.12,2000.0,REJECTED,0.0,Eligible,REJECTED,0.0,Eligible,REJECTED,0.0,Eligible
1489,73.0,B,3,11,0.02,63000.0,APPROVED,7500.0,Eligible,APPROVED,20000.0,Eligible,APPROVED,20000.0,Eligible
1490,41.4,D,9,4,0.14,1500.0,REJECTED,0.0,< 6 vends,REJECTED,0.0,Eligible,REJECTED,0.0,Eligible
1491,39.7,D,2,4,0.18,1835.0,REJECTED,0.0,< 6 vends,REJECTED,0.0,Eligible,REJECTED,0.0,Eligible
1492,46.1,D,1,13,0.11,2500.0,REJECTED,0.0,Eligible,REJECTED,0.0,Eligible,REJECTED,0.0,Eligible
1493,44.5,D,0,7,0.02,2000.0,REJECTED,0.0,Eligible,REJECTED,0.0,Eligible,REJECTED,0.0,Eligible
1494,42.8,D,3,11,0.07,1500.0,REJECTED,0.0,Eligible,REJECTED,0.0,Eligible,REJECTED,0.0,Eligible
1495,42.3,D,0,3,0.08,2000.0,REJECTED,0.0,< 6 vends,REJECTED,0.0,< 4 vends,REJECTED,0.0,Eligible
1496,67.7,B,0,6,0.07,180000.0,APPROVED,7500.0,Eligible,APPROVED,20000.0,Eligible,APPROVED,20000.0,Eligible
1497,44.2,D,3,11,0.06,1823.0,REJECTED,0.0,Eligible,REJECTED,0.0,Eligible,REJECTED,0.0,Eligible
1498,37.0,D,3,3,0.12,2000.0,REJECTED,0.0,< 6 vends,REJECTED,0.0,< 4 vends,REJECTED,0.0,Eligible
1499,55.2,C,0,11,0.04,3000.0,REJECTED,0.0,Below Min Loan Size,REJECTED,0.0,Below Min Loan Size,APPROVED,2250.0,Eligible
1500,39.3,D,2,3,0.07,3000.0,REJECTED,0.0,< 6 vends,REJECTED,0.0,< 4 vends,REJECTED,0.0,Eligible
1501,74.2,B,1,8,0.09,182655.0,APPROVED,7500.0,Eligible,APPROVED,20000.0,Eligible,APPROVED,20000.0,Eligible
1502,52.5,C,0,7,0.06,2000.0,REJECTED,0.0,Below Min Loan Size,REJECTED,0.0,Below Min Loan Size,REJECTED,0.0,Below Min Loan Size
1503,73.3,B,2,6,0.05,73500.0,APPROVED,7500.0,Eligible,APPROVED,20000.0,Eligible,APPROVED,20000.0,Eligible
1504,46.7,D,1,9,0.02,2000.0,REJECTED,0.0,Eligible,REJECTED,0.0,Eligible,REJECTED,0.0,Eligible
1505,73.7,B,0,5,0.05,150000.0,REJECTED,0.0,< 6 vends,APPROVED,20000.0,Eligible,APPROVED,20000.0,Eligible
1506,33.2,D,2,3,0.14,1500.0,REJECTED,0.0,< 6 vends,REJECTED,0.0,< 4 vends,REJECTED,0.0,Eligible
1507,44.9,D,21,5,0.09,2500.0,REJECTED,0.0,< 6 vends,REJECTED,0.0,Eligible,REJECTED,0.0,Eligible
1508,36.3,D,3,4,0.09,2000.0,REJECTED,0.0,< 6 vends,REJECTED,0.0,Eligible,REJECTED,0.0,Eligible
1509,47.2,D,2,9,0.03,2197.0,REJECTED,0.0,Eligible,REJECTED,0.0,Eligible,REJECTED,0.0,Eligible
1510,34.2,D,0,7,0.17,1625.0,REJECTED,0.0,Eligible,REJECTED,0.0,Eligible,REJECTED,0.0,Eligible
1511,31.3,D,50,1,0.14,1117.0,REJECTED,0.0,< 6 vends; > 30 days dormant,REJECTED,0.0,< 4 vends; > 45 days dormant,REJECTED,0.0,< 3 vends
1512,38.4,D,19,5,0.12,2196.0,REJECTED,0.0,< 6 vends,REJECTED,0.0,Eligible,REJECTED,0.0,Eligible
1513,62.9,C,31,1,0.18,152965.0,REJECTED,0.0,< 6 vends; > 30 days dormant,REJECTED,0.0,< 4 vends,REJECTED,0.0,< 3 vends
1514,42.9,D,16,5,0.04,2000.0,REJECTED,0.0,< 6 vends,REJECTED,0.0,Eligible,REJECTED,0.0,Eligible
1515,41.2,D,4,6,0.03,2000.0,REJECTED,0.0,Eligible,REJECTED,0.0,Eligible,REJECTED,0.0,Eligible
1516,44.3,D,19,9,0.02,2000.0,REJECTED,0.0,Eligible,REJECTED,0.0,Eligible,REJECTED,0.0,Eligible
1517,41.5,D,4,4,0.16,2000.0,REJECTED,0.0,< 6 vends,REJECTED,0.0,Eligible,REJECTED,0.0,Eligible
1518,44.9,D,4,4,0.06,2539.0,REJECTED,0.0,< 6 vends,REJECTED,0.0,Eligible,REJECTED,0.0,Eligible
1519,35.8,D,15,8,0.07,1500.0,REJECTED,0.0,Eligible,REJECTED,0.0,Eligible,REJECTED,0.0,Eligible
1520,78.4,B,0,9,0.02,73000.0,APPROVED,7500.0,Eligible,APPROVED,20000.0,Eligible,APPROVED,20000.0,Eligible
1521,43.4,D,7,11,0.0,1750.0,REJECTED,0.0,Eligible,REJECTED,0.0,Eligible,REJECTED,0.0,Eligible
1522,44.7,D,3,14,0.04,1625.0,REJECTED,0.0,Eligible,REJECTED,0.0,Eligible,REJECTED,0.0,Eligible
1523,37.7,D,1,7,0.22,1875.0,REJECTED,0.0,High Failure Rate (22%),REJECTED,0.0,Eligible,REJECTED,0.0,Eligible
1524,38.7,D,5,5,0.11,1875.0,REJECTED,0.0,< 6 vends,REJECTED,0.0,Eligible,REJECTED,0.0,Eligible
1525,40.5,D,14,6,0.05,2000.0,REJECTED,0.0,Eligible,REJECTED,0.0,Eligible,REJECTED,0.0,Eligible
1526,70.7,B,0,6,0.07,50000.0,APPROVED,7500.0,Eligible,APPROVED,20000.0,Eligible,APPROVED,20000.0,Eligible
1527,43.8,D,4,12,0.0,2000.0,REJECTED,0.0,Eligible,REJECTED,0.0,Eligible,REJECTED,0.0,Eligible
1528,45.8,D,1,9,0.0,2500.0,REJECTED,0.0,Eligible,REJECTED,0.0,Eligible,REJECTED,0.0,Eligible
1529,69.1,B,0,6,0.04,180000.0,APPROVED,7500.0,Eligible,APPROVED,20000.0,Eligible,APPROVED,20000.0,Eligible
1530,41.9,D,7,9,0.0,1750.0,REJECTED,0.0,Eligible,REJECTED,0.0,Eligible,REJECTED,0.0,Eligible
1531,34.7,D,5,4,0.08,1478.5,REJECTED,0.0,< 6 vends,REJECTED,0.0,Eligible,REJECTED,0.0,Eligible
1532,50.9,C,4,9,0.02,2000.0,REJECTED,0.0,Below Min Loan Size,REJECTED,0.0,Below Min Loan Size,REJECTED,0.0,Below Min Loan Size
1533,41.1,D,9,7,0.05,2000.0,REJECTED,0.0,Eligible,REJECTED,0.0,Eligible,REJECTED,0.0,Eligible
1534,45.6,D,1,7,0.04,2000.0,REJECTED,0.0,Eligible,REJECTED,0.0,Eligible,REJECTED,0.0,Eligible
1535,46.9,D,3,11,0.05,2008.0,REJECTED,0.0,Eligible,REJECTED,0.0,Eligible,REJECTED,0.0,Eligible
1536,38.4,D,31,2,0.2,2000.0,REJECTED,0.0,< 6 vends; > 30 days dormant,REJECTED,0.0,< 4 vends,REJECTED,0.0,< 3 vends
1537,44.0,D,2,4,0.08,2000.0,REJECTED,0.0,< 6 vends,REJECTED,0.0,Eligible,REJECTED,0.0,Eligible
1538,36.1,D,36,3,0.1,1625.0,REJECTED,0.0,< 6 vends; > 30 days dormant,REJECTED,0.0,< 4 vends,REJECTED,0.0,Eligible
1539,72.8,B,5,7,0.04,58000.0,APPROVED,7500.0,Eligible,APPROVED,20000.0,Eligible,APPROVED,20000.0,Eligible
1540,33.3,D,19,3,0.07,1750.0,REJECTED,0.0,< 6 vends,REJECTED,0.0,< 4 vends,REJECTED,0.0,Eligible
1541,46.7,D,3,14,0.05,2000.0,REJECTED,0.0,Eligible,REJECTED,0.0,Eligible,REJECTED,0.0,Eligible
1542,41.0,D,32,1,0.2,2000.0,REJECTED,0.0,< 6 vends; > 30 days dormant,REJECTED,0.0,< 4 vends,REJECTED,0.0,< 3 vends
1543,45.7,D,3,5,0.09,2000.0,REJECTED,0.0,< 6 vends,REJECTED,0.0,Eligible,REJECTED,0.0,Eligible
1544,36.3,D,1,2,0.0,2000.0,REJECTED,0.0,< 6 vends,REJECTED,0.0,< 4 vends,REJECTED,0.0,< 3 vends
1545,43.2,D,2,10,0.02,1616.0,REJECTED,0.0,Eligible,REJECTED,0.0,Eligible,REJECTED,0.0,Eligible
1546,42.6,D,5,8,0.07,2000.0,REJECTED,0.0,Eligible,REJECTED,0.0,Eligible,REJECTED,0.0,Eligible
1547,45.1,D,0,7,0.0,1500.0,REJECTED,0.0,Eligible,REJECTED,0.0,Eligible,REJECTED,0.0,Eligible
1548,42.0,D,0,11,0.0,2000.0,REJECTED,0.0,Eligible,REJECTED,0.0,Eligible,REJECTED,0.0,Eligible
1549,44.3,D,0,9,0.09,2000.0,REJECTED,0.0,Eligible,REJECTED,0.0,Eligible,REJECTED,0.0,Eligible
1550,60.3,C,4,2,0.22,50000.0,REJECTED,0.0,< 6 vends; High Failure Rate (22%),REJECTED,0.0,< 4 vends,REJECTED,0.0,< 3 vends
1551,49.5,D,3,14,0.06,2000.0,REJECTED,0.0,Eligible,REJECTED,0.0,Eligible,REJECTED,0.0,Eligible
1552,64.9,C,4,2,0.0,75000.0,REJECTED,0.0,< 6 vends,REJECTED,0.0,< 4 vends,REJECTED,0.0,< 3 vends
1553,41.6,D,0,9,0.08,2000.0,REJECTED,0.0,Eligible,REJECTED,0.0,Eligible,REJECTED,0.0,Eligible
1554,32.9,D,2,4,0.08,1250.0,REJECTED,0.0,< 6 vends,REJECTED,0.0,Eligible,REJECTED,0.0,Eligible
1555,44.9,D,4,10,0.06,2000.0,REJECTED,0.0,Eligible,REJECTED,0.0,Eligible,REJECTED,0.0,Eligible
1556,35.0,D,33,1,0.08,2000.0,REJECTED,0.0,< 6 vends; > 30 days dormant,REJECTED,0.0,< 4 vends,REJECTED,0.0,< 3 vends
1557,33.8,D,2,5,0.0,1250.0,REJECTED,0.0,< 6 vends,REJECTED,0.0,Eligible,REJECTED,0.0,Eligible
1558,30.8,D,61,0,0.0,1500.0,REJECTED,0.0,< 6 vends; > 30 days dormant,REJECTED,0.0,< 4 vends; > 45 days dormant,REJECTED,0.0,< 3 vends; > 60 days dormant
1559,44.5,D,5,9,0.05,2000.0,REJECTED,0.0,Eligible,REJECTED,0.0,Eligible,REJECTED,0.0,Eligible
1560,39.4,D,0,7,0.03,1500.0,REJECTED,0.0,Eligible,REJECTED,0.0,Eligible,REJECTED,0.0,Eligible
1561,43.0,D,2,6,0.04,2000.0,REJECTED,0.0,Eligible,REJECTED,0.0,Eligible,REJECTED,0.0,Eligible
1562,45.0,D,10,8,0.02,2000.0,REJECTED,0.0,Eligible,REJECTED,0.0,Eligible,REJECTED,0.0,Eligible
1563,45.2,D,1,9,0.06,2000.0,REJECTED,0.0,Eligible,REJECTED,0.0,Eligible,REJECTED,0.0,Eligible
1564,62.5,C,35,1,0.0,250000.0,REJECTED,0.0,< 6 vends; > 30 days dormant,REJECTED,0.0,< 4 vends,REJECTED,0.0,< 3 vends
1565,68.9,B,4,5,0.03,57000.0,REJECTED,0.0,< 6 vends,APPROVED,20000.0,Eligible,APPROVED,20000.0,Eligible
1566,44.9,D,0,11,0.0,2000.0,REJECTED,0.0,Eligible,REJECTED,0.0,Eligible,REJECTED,0.0,Eligible
1567,44.9,D,4,8,0.04,2088.0,REJECTED,0.0,Eligible,REJECTED,0.0,Eligible,REJECTED,0.0,Eligible
1568,34.7,D,1,2,0.07,1750.0,REJECTED,0.0,< 6 vends,REJECTED,0.0,< 4 vends,REJECTED,0.0,< 3 vends
1569,45.0,D,2,5,0.14,2000.0,REJECTED,0.0,< 6 vends,REJECTED,0.0,Eligible,REJECTED,0.0,Eligible
1570,61.8,C,33,1,0.0,53000.0,REJECTED,0.0,< 6 vends; > 30 days dormant,REJECTED,0.0,< 4 vends,REJECTED,0.0,< 3 vends
1571,71.5,B,7,4,0.03,59000.0,REJECTED,0.0,< 6 vends,APPROVED,20000.0,Eligible,APPROVED,20000.0,Eligible
1572,43.7,D,9,8,0.04,1763.5,REJECTED,0.0,Eligible,REJECTED,0.0,Eligible,REJECTED,0.0,Eligible
1573,42.9,D,2,11,0.05,2000.0,REJECTED,0.0,Eligible,REJECTED,0.0,Eligible,REJECTED,0.0,Eligible
1574,46.9,D,17,2,0.08,2000.0,REJECTED,0.0,< 6 vends,REJECTED,0.0,< 4 vends,REJECTED,0.0,< 3 vends
1575,44.1,D,4,7,0.05,2000.0,REJECTED,0.0,Eligible,REJECTED,0.0,Eligible,REJECTED,0.0,Eligible
1576,47.0,D,35,1,0.0,4000.0,REJECTED,0.0,< 6 vends; > 30 days dormant,REJECTED,0.0,< 4 vends,REJECTED,0.0,< 3 vends
1577,37.7,D,0,4,0.08,1500.0,REJECTED,0.0,< 6 vends,REJECTED,0.0,Eligible,REJECTED,0.0,Eligible
1578,73.8,B,0,12,0.02,57000.0,APPROVED,7500.0,Eligible,APPROVED,20000.0,Eligible,APPROVED,20000.0,Eligible
1579,43.8,D,2,3,0.0,2000.0,REJECTED,0.0,< 6 vends,REJECTED,0.0,< 4 vends,REJECTED,0.0,Eligible
1580,40.4,D,3,7,0.07,1500.0,REJECTED,0.0,Eligible,REJECTED,0.0,Eligible,REJECTED,0.0,Eligible
1581,45.8,D,0,7,0.06,2172.5,REJECTED,0.0,Eligible,REJECTED,0.0,Eligible,REJECTED,0.0,Eligible
1582,41.5,D,15,6,0.0,2000.0,REJECTED,0.0,Eligible,REJECTED,0.0,Eligible,REJECTED,0.0,Eligible
1583,38.6,D,1,6,0.2,2000.0,REJECTED,0.0,Eligible,REJECTED,0.0,Eligible,REJECTED,0.0,Eligible
1584,40.9,D,5,5,0.13,1875.0,REJECTED,0.0,< 6 vends,REJECTED,0.0,Eligible,REJECTED,0.0,Eligible
1585,34.3,D,26,4,0.22,1500.0,REJECTED,0.0,< 6 vends; High Failure Rate (22%),REJECTED,0.0,Eligible,REJECTED,0.0,Eligible
1586,41.8,D,0,8,0.03,2000.0,REJECTED,0.0,Eligible,REJECTED,0.0,Eligible,REJECTED,0.0,Eligible
1587,43.6,D,6,8,0.08,2000.0,REJECTED,0.0,Eligible,REJECTED,0.0,Eligible,REJECTED,0.0,Eligible
1588,70.4,B,3,7,0.09,56000.0,APPROVED,7500.0,Eligible,APPROVED,20000.0,Eligible,APPROVED,20000.0,Eligible
1589,45.7,D,4,11,0.04,1991.0,REJECTED,0.0,Eligible,REJECTED,0.0,Eligible,REJECTED,0.0,Eligible
1590,45.9,D,0,5,0.11,2000.0,REJECTED,0.0,< 6 vends,REJECTED,0.0,Eligible,REJECTED,0.0,Eligible
1591,41.2,D,1,8,0.03,2000.0,REJECTED,0.0,Eligible,REJECTED,0.0,Eligible,REJECTED,0.0,Eligible
1592,43.7,D,3,7,0.05,1874.0,REJECTED,0.0,Eligible,REJECTED,0.0,Eligible,REJECTED,0.0,Eligible
1593,42.5,D,4,3,0.17,2500.0,REJECTED,0.0,< 6 vends,REJECTED,0.0,< 4 vends,REJECTED,0.0,Eligible
1594,43.1,D,2,8,0.04,1750.0,REJECTED,0.0,Eligible,REJECTED,0.0,Eligible,REJECTED,0.0,Eligible
1595,42.9,D,3,7,0.0,2000.0,REJECTED,0.0,Eligible,REJECTED,0.0,Eligible,REJECTED,0.0,Eligible
1596,40.1,D,0,11,0.02,1500.0,REJECTED,0.0,Eligible,REJECTED,0.0,Eligible,REJECTED,0.0,Eligible
1597,43.3,D,3,9,0.1,2000.0,REJECTED,0.0,Eligible,REJECTED,0.0,Eligible,REJECTED,0.0,Eligible
1598,35.4,D,2,5,0.12,2000.0,REJECTED,0.0,< 6 vends,REJECTED,0.0,Eligible,REJECTED,0.0,Eligible
1599,47.0,D,3,12,0.0,1939.0,REJECTED,0.0,Eligible,REJECTED,0.0,Eligible,REJECTED,0.0,Eligible
1600,49.1,D,0,12,0.02,2000.0,REJECTED,0.0,Eligible,REJECTED,0.0,Eligible,REJECTED,0.0,Eligible
1601,72.1,B,0,8,0.03,180000.0,APPROVED,7500.0,Eligible,APPROVED,20000.0,Eligible,APPROVED,20000.0,Eligible
1602,69.9,B,3,9,0.03,55000.0,APPROVED,7500.0,Eligible,APPROVED,20000.0,Eligible,APPROVED,20000.0,Eligible
1603,36.0,D,5,4,0.08,1625.0,REJECTED,0.0,< 6 vends,REJECTED,0.0,Eligible,REJECTED,0.0,Eligible
1604,38.7,D,5,6,0.1,2000.0,REJECTED,0.0,Eligible,REJECTED,0.0,Eligible,REJECTED,0.0,Eligible
1605,45.4,D,2,14,0.06,2000.0,REJECTED,0.0,Eligible,REJECTED,0.0,Eligible,REJECTED,0.0,Eligible
1606,42.9,D,5,7,0.07,2000.0,REJECTED,0.0,Eligible,REJECTED,0.0,Eligible,REJECTED,0.0,Eligible
1607,61.6,C,65,0,0.3,185820.0,REJECTED,0.0,< 6 vends; > 30 days dormant; High Failure Rate (30%),REJECTED,0.0,< 4 vends; > 45 days dormant,REJECTED,0.0,< 3 vends; > 60 days dormant
1608,75.5,B,3,10,0.03,50000.0,APPROVED,7500.0,Eligible,APPROVED,20000.0,Eligible,APPROVED,20000.0,Eligible
1609,39.8,D,35,1,0.09,2422.5,REJECTED,0.0,< 6 vends; > 30 days dormant,REJECTED,0.0,< 4 vends,REJECTED,0.0,< 3 vends
1610,75.2,B,5,11,0.04,187748.0,APPROVED,7500.0,Eligible,APPROVED,20000.0,Eligible,APPROVED,20000.0,Eligible
1611,43.4,D,0,6,0.04,2000.0,REJECTED,0.0,Eligible,REJECTED,0.0,Eligible,REJECTED,0.0,Eligible
1612,45.9,D,0,6,0.06,2345.0,REJECTED,0.0,Eligible,REJECTED,0.0,Eligible,REJECTED,0.0,Eligible
1613,42.2,D,0,9,0.02,1804.0,REJECTED,0.0,Eligible,REJECTED,0.0,Eligible,REJECTED,0.0,Eligible
1614,42.7,D,0,6,0.02,2000.0,REJECTED,0.0,Eligible,REJECTED,0.0,Eligible,REJECTED,0.0,Eligible
1615,73.3,B,3,8,0.08,56000.0,APPROVED,7500.0,Eligible,APPROVED,20000.0,Eligible,APPROVED,20000.0,Eligible
1616,42.8,D,31,1,0.1,2500.0,REJECTED,0.0,< 6 vends; > 30 days dormant,REJECTED,0.0,< 4 vends,REJECTED,0.0,< 3 vends
1617,42.2,D,0,8,0.05,2000.0,REJECTED,0.0,Eligible,REJECTED,0.0,Eligible,REJECTED,0.0,Eligible
1618,39.6,D,2,9,0.16,1750.0,REJECTED,0.0,Eligible,REJECTED,0.0,Eligible,REJECTED,0.0,Eligible
1619,41.6,D,11,6,0.05,1750.0,REJECTED,0.0,Eligible,REJECTED,0.0,Eligible,REJECTED,0.0,Eligible
1620,49.6,D,1,14,0.09,2000.0,REJECTED,0.0,Eligible,REJECTED,0.0,Eligible,REJECTED,0.0,Eligible
1621,67.9,B,32,3,0.17,180000.0,REJECTED,0.0,< 6 vends; > 30 days dormant,REJECTED,0.0,< 4 vends,APPROVED,20000.0,Eligible
1622,45.5,D,10,11,0.05,2000.0,REJECTED,0.0,Eligible,REJECTED,0.0,Eligible,REJECTED,0.0,Eligible
1623,44.3,D,1,13,0.0,1750.0,REJECTED,0.0,Eligible,REJECTED,0.0,Eligible,REJECTED,0.0,Eligible
1624,71.8,B,5,7,0.02,50000.0,APPROVED,7500.0,Eligible,APPROVED,20000.0,Eligible,APPROVED,20000.0,Eligible
1625,69.6,B,0,6,0.03,62000.0,APPROVED,7500.0,Eligible,APPROVED,20000.0,Eligible,APPROVED,20000.0,Eligible
1626,31.2,D,13,3,0.14,1000.0,REJECTED,0.0,< 6 vends,REJECTED,0.0,< 4 vends,REJECTED,0.0,Eligible
1627,39.5,D,3,3,0.0,3000.0,REJECTED,0.0,< 6 vends,REJECTED,0.0,< 4 vends,REJECTED,0.0,Eligible
1628,44.9,D,1,9,0.02,1500.0,REJECTED,0.0,Eligible,REJECTED,0.0,Eligible,REJECTED,0.0,Eligible
1629,40.3,D,8,2,0.07,3000.0,REJECTED,0.0,< 6 vends,REJECTED,0.0,< 4 vends,REJECTED,0.0,< 3 vends
1630,47.0,D,5,9,0.0,2000.0,REJECTED,0.0,Eligible,REJECTED,0.0,Eligible,REJECTED,0.0,Eligible
1631,42.2,D,2,14,0.06,1750.0,REJECTED,0.0,Eligible,REJECTED,0.0,Eligible,REJECTED,0.0,Eligible
1632,72.5,B,4,8,0.05,71500.0,APPROVED,7500.0,Eligible,APPROVED,20000.0,Eligible,APPROVED,20000.0,Eligible
1633,47.2,D,2,15,0.02,1750.0,REJECTED,0.0,Eligible,REJECTED,0.0,Eligible,REJECTED,0.0,Eligible
1634,68.0,B,7,4,0.17,57500.0,REJECTED,0.0,< 6 vends,APPROVED,20000.0,Eligible,APPROVED,20000.0,Eligible
1635,39.5,D,1,6,0.16,2000.0,REJECTED,0.0,Eligible,REJECTED,0.0,Eligible,REJECTED,0.0,Eligible
1636,65.2,B,5,6,0.09,59000.0,APPROVED,7500.0,Eligible,APPROVED,20000.0,Eligible,APPROVED,20000.0,Eligible
1637,44.5,D,2,6,0.02,2000.0,REJECTED,0.0,Eligible,REJECTED,0.0,Eligible,REJECTED,0.0,Eligible
1638,34.3,D,3,3,0.12,2000.0,REJECTED,0.0,< 6 vends,REJECTED,0.0,< 4 vends,REJECTED,0.0,Eligible
1639,38.1,D,0,8,0.11,1500.0,REJECTED,0.0,Eligible,REJECTED,0.0,Eligible,REJECTED,0.0,Eligible
1640,48.6,D,3,14,0.02,2000.0,REJECTED,0.0,Eligible,REJECTED,0.0,Eligible,REJECTED,0.0,Eligible
1641,39.5,D,0,5,0.12,2000.0,REJECTED,0.0,< 6 vends,REJECTED,0.0,Eligible,REJECTED,0.0,Eligible
1642,49.3,D,22,3,0.17,2250.0,REJECTED,0.0,< 6 vends,REJECTED,0.0,< 4 vends,REJECTED,0.0,Eligible
1643,39.8,D,3,8,0.07,1750.0,REJECTED,0.0,Eligible,REJECTED,0.0,Eligible,REJECTED,0.0,Eligible
1644,42.2,D,2,5,0.08,1500.0,REJECTED,0.0,< 6 vends,REJECTED,0.0,Eligible,REJECTED,0.0,Eligible
1645,72.6,B,0,8,0.12,50500.0,APPROVED,7500.0,Eligible,APPROVED,20000.0,Eligible,APPROVED,20000.0,Eligible
1646,30.2,D,27,3,0.07,1125.0,REJECTED,0.0,< 6 vends,REJECTED,0.0,< 4 vends,REJECTED,0.0,Eligible
1647,38.4,D,3,9,0.0,1500.0,REJECTED,0.0,Eligible,REJECTED,0.0,Eligible,REJECTED,0.0,Eligible
1648,44.6,D,1,13,0.0,1500.0,REJECTED,0.0,Eligible,REJECTED,0.0,Eligible,REJECTED,0.0,Eligible
1649,43.0,D,0,8,0.09,2000.0,REJECTED,0.0,Eligible,REJECTED,0.0,Eligible,REJECTED,0.0,Eligible
1650,41.2,D,2,3,0.12,2000.0,REJECTED,0.0,< 6 vends,REJECTED,0.0,< 4 vends,REJECTED,0.0,Eligible
1651,42.6,D,9,10,0.02,1511.0,REJECTED,0.0,Eligible,REJECTED,0.0,Eligible,REJECTED,0.0,Eligible
1652,43.8,D,17,10,0.04,1905.0,REJECTED,0.0,Eligible,REJECTED,0.0,Eligible,REJECTED,0.0,Eligible
1653,33.4,D,32,1,0.1,2000.0,REJECTED,0.0,< 6 vends; > 30 days dormant,REJECTED,0.0,< 4 vends,REJECTED,0.0,< 3 vends
1654,46.1,D,6,5,0.08,2000.0,REJECTED,0.0,< 6 vends,REJECTED,0.0,Eligible,REJECTED,0.0,Eligible
1655,45.7,D,12,8,0.04,2000.0,REJECTED,0.0,Eligible,REJECTED,0.0,Eligible,REJECTED,0.0,Eligible
1656,63.0,C,26,4,0.05,50000.0,REJECTED,0.0,< 6 vends,APPROVED,20000.0,Eligible,APPROVED,20000.0,Eligible
1657,50.4,C,6,10,0.05,2000.0,REJECTED,0.0,Below Min Loan Size,REJECTED,0.0,Below Min Loan Size,REJECTED,0.0,Below Min Loan Size
1658,40.2,D,3,7,0.08,1875.0,REJECTED,0.0,Eligible,REJECTED,0.0,Eligible,REJECTED,0.0,Eligible
1659,35.1,D,2,3,0.18,2000.0,REJECTED,0.0,< 6 vends,REJECTED,0.0,< 4 vends,REJECTED,0.0,Eligible
1660,42.4,D,1,6,0.06,2500.0,REJECTED,0.0,Eligible,REJECTED,0.0,Eligible,REJECTED,0.0,Eligible
1661,38.7,D,1,5,0.06,1750.0,REJECTED,0.0,< 6 vends,REJECTED,0.0,Eligible,REJECTED,0.0,Eligible
1662,43.4,D,1,7,0.05,2000.0,REJECTED,0.0,Eligible,REJECTED,0.0,Eligible,REJECTED,0.0,Eligible
1663,45.0,D,2,12,0.02,1875.0,REJECTED,0.0,Eligible,REJECTED,0.0,Eligible,REJECTED,0.0,Eligible
1664,48.4,D,2,5,0.07,1500.0,REJECTED,0.0,< 6 vends,REJECTED,0.0,Eligible,REJECTED,0.0,Eligible
1665,36.6,D,0,5,0.07,1646.0,REJECTED,0.0,< 6 vends,REJECTED,0.0,Eligible,REJECTED,0.0,Eligible
1666,63.6,C,0,3,0.11,65000.0,REJECTED,0.0,< 6 vends,REJECTED,0.0,< 4 vends,APPROVED,20000.0,Eligible
1667,42.1,D,1,5,0.06,2000.0,REJECTED,0.0,< 6 vends,REJECTED,0.0,Eligible,REJECTED,0.0,Eligible
1668,45.6,D,0,8,0.02,1750.0,REJECTED,0.0,Eligible,REJECTED,0.0,Eligible,REJECTED,0.0,Eligible
1669,36.6,D,3,7,0.12,1625.0,REJECTED,0.0,Eligible,REJECTED,0.0,Eligible,REJECTED,0.0,Eligible
1670,41.5,D,2,10,0.05,2000.0,REJECTED,0.0,Eligible,REJECTED,0.0,Eligible,REJECTED,0.0,Eligible
1671,65.4,B,3,3,0.1,150000.0,REJECTED,0.0,< 6 vends,REJECTED,0.0,< 4 vends,APPROVED,20000.0,Eligible
1672,32.7,D,3,3,0.14,1750.0,REJECTED,0.0,< 6 vends,REJECTED,0.0,< 4 vends,REJECTED,0.0,Eligible
1673,42.6,D,0,10,0.07,2000.0,REJECTED,0.0,Eligible,REJECTED,0.0,Eligible,REJECTED,0.0,Eligible
1674,68.1,B,6,3,0.04,63500.0,REJECTED,0.0,< 6 vends,REJECTED,0.0,< 4 vends,APPROVED,20000.0,Eligible
1675,38.7,D,11,2,0.0,2500.0,REJECTED,0.0,< 6 vends,REJECTED,0.0,< 4 vends,REJECTED,0.0,< 3 vends
1676,33.9,D,21,3,0.08,1875.0,REJECTED,0.0,< 6 vends,REJECTED,0.0,< 4 vends,REJECTED,0.0,Eligible
1677,42.1,D,5,8,0.07,2000.0,REJECTED,0.0,Eligible,REJECTED,0.0,Eligible,REJECTED,0.0,Eligible
1678,47.3,D,0,11,0.04,1789.0,REJECTED,0.0,Eligible,REJECTED,0.0,Eligible,REJECTED,0.0,Eligible
1679,44.6,D,1,13,0.04,2000.0,REJECTED,0.0,Eligible,REJECTED,0.0,Eligible,REJECTED,0.0,Eligible
1680,37.4,D,4,4,0.17,1750.0,REJECTED,0.0,< 6 vends,REJECTED,0.0,Eligible,REJECTED,0.0,Eligible
1681,43.1,D,0,4,0.0,2000.0,REJECTED,0.0,< 6 vends,REJECTED,0.0,Eligible,REJECTED,0.0,Eligible
1682,73.1,B,0,11,0.02,47500.0,APPROVED,7500.0,Eligible,APPROVED,20000.0,Eligible,APPROVED,20000.0,Eligible
1683,32.1,D,5,1,0.08,1625.0,REJECTED,0.0,< 6 vends,REJECTED,0.0,< 4 vends,REJECTED,0.0,< 3 vends
1684,65.7,B,0,5,0.0,55000.0,REJECTED,0.0,< 6 vends,APPROVED,20000.0,Eligible,APPROVED,20000.0,Eligible
1685,43.3,D,4,8,0.06,1750.0,REJECTED,0.0,Eligible,REJECTED,0.0,Eligible,REJECTED,0.0,Eligible
1686,76.8,B,3,6,0.02,180000.0,APPROVED,7500.0,Eligible,APPROVED,20000.0,Eligible,APPROVED,20000.0,Eligible
1687,36.6,D,0,7,0.03,1625.0,REJECTED,0.0,Eligible,REJECTED,0.0,Eligible,REJECTED,0.0,Eligible
1688,73.6,B,4,7,0.04,150000.0,APPROVED,7500.0,Eligible,APPROVED,20000.0,Eligible,APPROVED,20000.0,Eligible
1689,38.7,D,0,6,0.06,1500.0,REJECTED,0.0,Eligible,REJECTED,0.0,Eligible,REJECTED,0.0,Eligible
1690,42.6,D,2,9,0.02,1500.0,REJECTED,0.0,Eligible,REJECTED,0.0,Eligible,REJECTED,0.0,Eligible
1691,46.4,D,1,3,0.15,2000.0,REJECTED,0.0,< 6 vends,REJECTED,0.0,< 4 vends,REJECTED,0.0,Eligible
1692,42.5,D,23,3,0.0,2728.0,REJECTED,0.0,< 6 vends,REJECTED,0.0,< 4 vends,REJECTED,0.0,Eligible
1693,35.7,D,11,6,0.09,1937.5,REJECTED,0.0,Eligible,REJECTED,0.0,Eligible,REJECTED,0.0,Eligible
1694,30.1,D,5,2,0.06,1000.0,REJECTED,0.0,< 6 vends,REJECTED,0.0,< 4 vends,REJECTED,0.0,< 3 vends
1695,37.5,D,3,4,0.12,2000.0,REJECTED,0.0,< 6 vends,REJECTED,0.0,Eligible,REJECTED,0.0,Eligible
1696,64.1,C,9,5,0.05,48000.0,REJECTED,0.0,< 6 vends,APPROVED,20000.0,Eligible,APPROVED,20000.0,Eligible
1697,34.1,D,25,2,0.0,1937.5,REJECTED,0.0,< 6 vends,REJECTED,0.0,< 4 vends,REJECTED,0.0,< 3 vends
1698,47.1,D,4,5,0.0,3000.0,REJECTED,0.0,< 6 vends,REJECTED,0.0,Eligible,REJECTED,0.0,Eligible
1699,40.5,D,14,4,0.08,2071.0,REJECTED,0.0,< 6 vends,REJECTED,0.0,Eligible,REJECTED,0.0,Eligible
1700,51.3,C,2,17,0.05,2000.0,REJECTED,0.0,Below Min Loan Size,REJECTED,0.0,Below Min Loan Size,REJECTED,0.0,Below Min Loan Size
1701,43.4,D,3,6,0.02,1922.0,REJECTED,0.0,Eligible,REJECTED,0.0,Eligible,REJECTED,0.0,Eligible
1702,40.6,D,1,3,0.1,2000.0,REJECTED,0.0,< 6 vends,REJECTED,0.0,< 4 vends,REJECTED,0.0,Eligible
1703,40.2,D,3,3,0.06,1500.0,REJECTED,0.0,< 6 vends,REJECTED,0.0,< 4 vends,REJECTED,0.0,Eligible
1704,66.1,B,3,3,0.19,80000.0,REJECTED,0.0,< 6 vends,REJECTED,0.0,< 4 vends,APPROVED,20000.0,Eligible
1705,44.2,D,3,13,0.1,2000.0,REJECTED,0.0,Eligible,REJECTED,0.0,Eligible,REJECTED,0.0,Eligible
1706,38.7,D,2,2,0.09,1750.0,REJECTED,0.0,< 6 vends,REJECTED,0.0,< 4 vends,REJECTED,0.0,< 3 vends
1707,36.4,D,3,2,0.14,2500.0,REJECTED,0.0,< 6 vends,REJECTED,0.0,< 4 vends,REJECTED,0.0,< 3 vends
1708,43.2,D,2,11,0.0,2000.0,REJECTED,0.0,Eligible,REJECTED,0.0,Eligible,REJECTED,0.0,Eligible
1709,39.7,D,0,5,0.11,2000.0,REJECTED,0.0,< 6 vends,REJECTED,0.0,Eligible,REJECTED,0.0,Eligible
1710,48.9,D,9,15,0.04,2000.0,REJECTED,0.0,Eligible,REJECTED,0.0,Eligible,REJECTED,0.0,Eligible
1711,70.7,B,0,6,0.02,50000.0,APPROVED,7500.0,Eligible,APPROVED,20000.0,Eligible,APPROVED,20000.0,Eligible
1712,32.3,D,32,1,0.0,1750.0,REJECTED,0.0,< 6 vends; > 30 days dormant,REJECTED,0.0,< 4 vends,REJECTED,0.0,< 3 vends
1713,31.3,D,20,2,0.08,1500.0,REJECTED,0.0,< 6 vends,REJECTED,0.0,< 4 vends,REJECTED,0.0,< 3 vends
1714,39.3,D,1,4,0.0,2000.0,REJECTED,0.0,< 6 vends,REJECTED,0.0,Eligible,REJECTED,0.0,Eligible
1715,42.0,D,4,7,0.05,2000.0,REJECTED,0.0,Eligible,REJECTED,0.0,Eligible,REJECTED,0.0,Eligible
1716,45.9,D,4,11,0.04,2000.0,REJECTED,0.0,Eligible,REJECTED,0.0,Eligible,REJECTED,0.0,Eligible
1717,40.3,D,22,1,0.15,1000.0,REJECTED,0.0,< 6 vends,REJECTED,0.0,< 4 vends,REJECTED,0.0,< 3 vends
1718,46.6,D,7,10,0.02,2000.0,REJECTED,0.0,Eligible,REJECTED,0.0,Eligible,REJECTED,0.0,Eligible
1719,45.4,D,3,4,0.14,3603.0,REJECTED,0.0,< 6 vends,REJECTED,0.0,Eligible,REJECTED,0.0,Eligible
1720,66.4,B,0,5,0.12,75000.0,REJECTED,0.0,< 6 vends,APPROVED,20000.0,Eligible,APPROVED,20000.0,Eligible
1721,45.0,D,2,5,0.04,2000.0,REJECTED,0.0,< 6 vends,REJECTED,0.0,Eligible,REJECTED,0.0,Eligible
1722,47.3,D,3,5,0.02,2000.0,REJECTED,0.0,< 6 vends,REJECTED,0.0,Eligible,REJECTED,0.0,Eligible
1723,41.0,D,0,5,0.0,1500.0,REJECTED,0.0,< 6 vends,REJECTED,0.0,Eligible,REJECTED,0.0,Eligible
1724,45.3,D,4,10,0.0,2250.0,REJECTED,0.0,Eligible,REJECTED,0.0,Eligible,REJECTED,0.0,Eligible
1725,75.0,B,3,8,0.0,72500.0,APPROVED,7500.0,Eligible,APPROVED,20000.0,Eligible,APPROVED,20000.0,Eligible
1726,41.7,D,3,8,0.14,2000.0,REJECTED,0.0,Eligible,REJECTED,0.0,Eligible,REJECTED,0.0,Eligible
1727,39.3,D,1,3,0.15,1750.0,REJECTED,0.0,< 6 vends,REJECTED,0.0,< 4 vends,REJECTED,0.0,Eligible
1728,51.0,C,0,12,0.04,2000.0,REJECTED,0.0,Below Min Loan Size,REJECTED,0.0,Below Min Loan Size,REJECTED,0.0,Below Min Loan Size
1729,41.9,D,0,5,0.05,2250.0,REJECTED,0.0,< 6 vends,REJECTED,0.0,Eligible,REJECTED,0.0,Eligible
1730,41.8,D,2,7,0.03,2000.0,REJECTED,0.0,Eligible,REJECTED,0.0,Eligible,REJECTED,0.0,Eligible
1731,46.2,D,1,13,0.04,2000.0,REJECTED,0.0,Eligible,REJECTED,0.0,Eligible,REJECTED,0.0,Eligible
1732,72.5,B,2,5,0.02,54500.0,REJECTED,0.0,< 6 vends,APPROVED,20000.0,Eligible,APPROVED,20000.0,Eligible
1733,42.5,D,0,6,0.09,2000.0,REJECTED,0.0,Eligible,REJECTED,0.0,Eligible,REJECTED,0.0,Eligible
1734,41.6,D,2,9,0.12,2000.0,REJECTED,0.0,Eligible,REJECTED,0.0,Eligible,REJECTED,0.0,Eligible
1735,33.6,D,1,1,0.08,2000.0,REJECTED,0.0,< 6 vends,REJECTED,0.0,< 4 vends,REJECTED,0.0,< 3 vends
1736,42.9,D,23,6,0.02,2000.0,REJECTED,0.0,Eligible,REJECTED,0.0,Eligible,REJECTED,0.0,Eligible
1737,47.2,D,4,7,0.02,2345.0,REJECTED,0.0,Eligible,REJECTED,0.0,Eligible,REJECTED,0.0,Eligible
1738,43.6,D,3,9,0.1,2000.0,REJECTED,0.0,Eligible,REJECTED,0.0,Eligible,REJECTED,0.0,Eligible
1739,46.3,D,0,7,0.0,2172.5,REJECTED,0.0,Eligible,REJECTED,0.0,Eligible,REJECTED,0.0,Eligible
1740,30.1,D,3,3,0.08,1250.0,REJECTED,0.0,< 6 vends,REJECTED,0.0,< 4 vends,REJECTED,0.0,Eligible
1741,39.1,D,4,5,0.1,2000.0,REJECTED,0.0,< 6 vends,REJECTED,0.0,Eligible,REJECTED,0.0,Eligible
1742,61.9,C,0,2,0.0,120000.0,REJECTED,0.0,< 6 vends,REJECTED,0.0,< 4 vends,REJECTED,0.0,< 3 vends
1743,64.0,C,0,2,0.07,75000.0,REJECTED,0.0,< 6 vends,REJECTED,0.0,< 4 vends,REJECTED,0.0,< 3 vends
1744,40.9,D,2,8,0.16,2000.0,REJECTED,0.0,Eligible,REJECTED,0.0,Eligible,REJECTED,0.0,Eligible
1745,46.7,D,0,9,0.0,1750.0,REJECTED,0.0,Eligible,REJECTED,0.0,Eligible,REJECTED,0.0,Eligible
1746,36.0,D,1,6,0.07,1250.0,REJECTED,0.0,Eligible,REJECTED,0.0,Eligible,REJECTED,0.0,Eligible
1747,66.5,B,7,5,0.11,69000.0,REJECTED,0.0,< 6 vends,APPROVED,20000.0,Eligible,APPROVED,20000.0,Eligible
1748,46.7,D,1,6,0.04,1941.0,REJECTED,0.0,Eligible,REJECTED,0.0,Eligible,REJECTED,0.0,Eligible
1749,48.6,D,0,15,0.0,2000.0,REJECTED,0.0,Eligible,REJECTED,0.0,Eligible,REJECTED,0.0,Eligible
1750,49.4,D,14,9,0.06,2000.0,REJECTED,0.0,Eligible,REJECTED,0.0,Eligible,REJECTED,0.0,Eligible
1751,41.8,D,1,4,0.0,3056.0,REJECTED,0.0,< 6 vends,REJECTED,0.0,Eligible,REJECTED,0.0,Eligible
1752,46.7,D,1,8,0.04,2000.0,REJECTED,0.0,Eligible,REJECTED,0.0,Eligible,REJECTED,0.0,Eligible
1753,36.1,D,3,5,0.0,2000.0,REJECTED,0.0,< 6 vends,REJECTED,0.0,Eligible,REJECTED,0.0,Eligible
1754,49.7,D,2,9,0.04,2522.5,REJECTED,0.0,Eligible,REJECTED,0.0,Eligible,REJECTED,0.0,Eligible
1755,69.7,B,1,4,0.04,250000.0,REJECTED,0.0,< 6 vends,APPROVED,20000.0,Eligible,APPROVED,20000.0,Eligible
1756,73.4,B,2,6,0.0,192429.0,APPROVED,7500.0,Eligible,APPROVED,20000.0,Eligible,APPROVED,20000.0,Eligible
1757,41.9,D,1,10,0.03,1750.0,REJECTED,0.0,Eligible,REJECTED,0.0,Eligible,REJECTED,0.0,Eligible
1758,43.6,D,5,9,0.04,2000.0,REJECTED,0.0,Eligible,REJECTED,0.0,Eligible,REJECTED,0.0,Eligible
1759,41.0,D,0,9,0.0,1750.0,REJECTED,0.0,Eligible,REJECTED,0.0,Eligible,REJECTED,0.0,Eligible
1760,40.1,D,5,6,0.15,1979.0,REJECTED,0.0,Eligible,REJECTED,0.0,Eligible,REJECTED,0.0,Eligible
1761,42.6,D,14,4,0.07,1875.0,REJECTED,0.0,< 6 vends,REJECTED,0.0,Eligible,REJECTED,0.0,Eligible
1762,69.4,B,2,8,0.14,75000.0,APPROVED,7500.0,Eligible,APPROVED,20000.0,Eligible,APPROVED,20000.0,Eligible
1763,42.0,D,2,6,0.06,2000.0,REJECTED,0.0,Eligible,REJECTED,0.0,Eligible,REJECTED,0.0,Eligible
1764,44.7,D,0,9,0.08,3000.0,REJECTED,0.0,Eligible,REJECTED,0.0,Eligible,REJECTED,0.0,Eligible
1765,40.4,D,5,3,0.17,2000.0,REJECTED,0.0,< 6 vends,REJECTED,0.0,< 4 vends,REJECTED,0.0,Eligible
1766,44.3,D,66,0,0.15,2000.0,REJECTED,0.0,< 6 vends; > 30 days dormant,REJECTED,0.0,< 4 vends; > 45 days dormant,REJECTED,0.0,< 3 vends; > 60 days dormant
1767,41.8,D,109,0,0.17,1500.0,REJECTED,0.0,< 6 vends; > 30 days dormant,REJECTED,0.0,< 4 vends; > 45 days dormant,REJECTED,0.0,< 3 vends; > 60 days dormant
1768,42.3,D,0,6,0.03,2000.0,REJECTED,0.0,Eligible,REJECTED,0.0,Eligible,REJECTED,0.0,Eligible
1769,66.7,B,11,3,0.05,66500.0,REJECTED,0.0,< 6 vends,REJECTED,0.0,< 4 vends,APPROVED,20000.0,Eligible
1770,43.5,D,13,11,0.1,2000.0,REJECTED,0.0,Eligible,REJECTED,0.0,Eligible,REJECTED,0.0,Eligible
1771,45.8,D,4,12,0.02,2000.0,REJECTED,0.0,Eligible,REJECTED,0.0,Eligible,REJECTED,0.0,Eligible
1772,66.3,B,20,4,0.12,58500.0,REJECTED,0.0,< 6 vends,APPROVED,20000.0,Eligible,APPROVED,20000.0,Eligible
1773,45.8,D,7,9,0.07,1663.5,REJECTED,0.0,Eligible,REJECTED,0.0,Eligible,REJECTED,0.0,Eligible
1774,45.8,D,1,7,0.07,2000.0,REJECTED,0.0,Eligible,REJECTED,0.0,Eligible,REJECTED,0.0,Eligible
1775,40.1,D,1,7,0.05,1500.0,REJECTED,0.0,Eligible,REJECTED,0.0,Eligible,REJECTED,0.0,Eligible
1776,39.4,D,0,4,0.1,2000.0,REJECTED,0.0,< 6 vends,REJECTED,0.0,Eligible,REJECTED,0.0,Eligible
1777,44.8,D,2,6,0.09,2000.0,REJECTED,0.0,Eligible,REJECTED,0.0,Eligible,REJECTED,0.0,Eligible
1778,45.1,D,2,9,0.02,2000.0,REJECTED,0.0,Eligible,REJECTED,0.0,Eligible,REJECTED,0.0,Eligible
1779,73.5,B,5,6,0.03,180000.0,APPROVED,7500.0,Eligible,APPROVED,20000.0,Eligible,APPROVED,20000.0,Eligible
1780,47.5,D,1,9,0.07,2500.0,REJECTED,0.0,Eligible,REJECTED,0.0,Eligible,REJECTED,0.0,Eligible
1781,71.8,B,1,9,0.06,57500.0,APPROVED,7500.0,Eligible,APPROVED,20000.0,Eligible,APPROVED,20000.0,Eligible
1782,43.7,D,4,7,0.13,2000.0,REJECTED,0.0,Eligible,REJECTED,0.0,Eligible,REJECTED,0.0,Eligible
1783,45.7,D,2,12,0.02,2000.0,REJECTED,0.0,Eligible,REJECTED,0.0,Eligible,REJECTED,0.0,Eligible
1784,45.3,D,1,10,0.06,2000.0,REJECTED,0.0,Eligible,REJECTED,0.0,Eligible,REJECTED,0.0,Eligible
1785,47.7,D,13,2,0.08,1500.0,REJECTED,0.0,< 6 vends,REJECTED,0.0,< 4 vends,REJECTED,0.0,< 3 vends
1786,41.5,D,1,12,0.05,1500.0,REJECTED,0.0,Eligible,REJECTED,0.0,Eligible,REJECTED,0.0,Eligible
1787,41.8,D,3,8,0.05,1938.5,REJECTED,0.0,Eligible,REJECTED,0.0,Eligible,REJECTED,0.0,Eligible
1788,48.0,D,0,6,0.03,3000.0,REJECTED,0.0,Eligible,REJECTED,0.0,Eligible,REJECTED,0.0,Eligible
1789,39.1,D,2,4,0.0,1500.0,REJECTED,0.0,< 6 vends,REJECTED,0.0,Eligible,REJECTED,0.0,Eligible
1790,34.6,D,3,3,0.18,2000.0,REJECTED,0.0,< 6 vends,REJECTED,0.0,< 4 vends,REJECTED,0.0,Eligible
1791,72.7,B,1,5,0.0,180000.0,REJECTED,0.0,< 6 vends,APPROVED,20000.0,Eligible,APPROVED,20000.0,Eligible
1792,65.8,B,1,2,0.16,165000.0,REJECTED,0.0,< 6 vends,REJECTED,0.0,< 4 vends,REJECTED,0.0,< 3 vends
1793,47.5,D,2,9,0.04,2000.0,REJECTED,0.0,Eligible,REJECTED,0.0,Eligible,REJECTED,0.0,Eligible
1794,38.7,D,10,2,0.0,2250.0,REJECTED,0.0,< 6 vends,REJECTED,0.0,< 4 vends,REJECTED,0.0,< 3 vends
1795,39.1,D,4,6,0.04,1950.0,REJECTED,0.0,Eligible,REJECTED,0.0,Eligible,REJECTED,0.0,Eligible
1796,34.8,D,0,5,0.15,1848.0,REJECTED,0.0,< 6 vends,REJECTED,0.0,Eligible,REJECTED,0.0,Eligible
1797,36.7,D,0,4,0.12,1875.0,REJECTED,0.0,< 6 vends,REJECTED,0.0,Eligible,REJECTED,0.0,Eligible
1798,63.4,C,23,2,0.14,44000.0,REJECTED,0.0,< 6 vends,REJECTED,0.0,< 4 vends,REJECTED,0.0,< 3 vends
1799,48.5,D,4,10,0.05,1945.0,REJECTED,0.0,Eligible,REJECTED,0.0,Eligible,REJECTED,0.0,Eligible
1800,35.0,D,1,5,0.08,1500.0,REJECTED,0.0,< 6 vends,REJECTED,0.0,Eligible,REJECTED,0.0,Eligible
1801,46.8,D,9,12,0.02,2000.0,REJECTED,0.0,Eligible,REJECTED,0.0,Eligible,REJECTED,0.0,Eligible
1802,42.0,D,4,8,0.09,2000.0,REJECTED,0.0,Eligible,REJECTED,0.0,Eligible,REJECTED,0.0,Eligible
1803,41.8,D,4,6,0.07,1885.5,REJECTED,0.0,Eligible,REJECTED,0.0,Eligible,REJECTED,0.0,Eligible
1804,71.5,B,1,11,0.0,52500.0,APPROVED,7500.0,Eligible,APPROVED,20000.0,Eligible,APPROVED,20000.0,Eligible
1805,37.2,D,3,6,0.13,1500.0,REJECTED,0.0,Eligible,REJECTED,0.0,Eligible,REJECTED,0.0,Eligible
1806,74.8,B,7,7,0.02,50000.0,APPROVED,7500.0,Eligible,APPROVED,20000.0,Eligible,APPROVED,20000.0,Eligible
1807,44.9,D,0,9,0.0,2000.0,REJECTED,0.0,Eligible,REJECTED,0.0,Eligible,REJECTED,0.0,Eligible
1808,45.0,D,2,12,0.04,1750.0,REJECTED,0.0,Eligible,REJECTED,0.0,Eligible,REJECTED,0.0,Eligible
1809,43.0,D,2,3,0.06,2571.0,REJECTED,0.0,< 6 vends,REJECTED,0.0,< 4 vends,REJECTED,0.0,Eligible
1810,41.7,D,0,7,0.06,1750.0,REJECTED,0.0,Eligible,REJECTED,0.0,Eligible,REJECTED,0.0,Eligible
1811,67.6,B,0,5,0.03,53000.0,REJECTED,0.0,< 6 vends,APPROVED,20000.0,Eligible,APPROVED,20000.0,Eligible
1812,44.4,D,0,10,0.0,2000.0,REJECTED,0.0,Eligible,REJECTED,0.0,Eligible,REJECTED,0.0,Eligible
1813,43.6,D,3,9,0.03,2000.0,REJECTED,0.0,Eligible,REJECTED,0.0,Eligible,REJECTED,0.0,Eligible
1814,62.3,C,34,2,0.0,65500.0,REJECTED,0.0,< 6 vends; > 30 days dormant,REJECTED,0.0,< 4 vends,REJECTED,0.0,< 3 vends
1815,38.8,D,1,3,0.05,2000.0,REJECTED,0.0,< 6 vends,REJECTED,0.0,< 4 vends,REJECTED,0.0,Eligible
1816,71.6,B,5,11,0.02,40000.0,APPROVED,7500.0,Eligible,APPROVED,20000.0,Eligible,APPROVED,20000.0,Eligible
1817,36.8,D,0,10,0.03,1500.0,REJECTED,0.0,Eligible,REJECTED,0.0,Eligible,REJECTED,0.0,Eligible
1818,46.5,D,1,9,0.0,1948.5,REJECTED,0.0,Eligible,REJECTED,0.0,Eligible,REJECTED,0.0,Eligible
1819,46.3,D,13,4,0.09,2000.0,REJECTED,0.0,< 6 vends,REJECTED,0.0,Eligible,REJECTED,0.0,Eligible
1820,43.9,D,0,14,0.04,1500.0,REJECTED,0.0,Eligible,REJECTED,0.0,Eligible,REJECTED,0.0,Eligible
1821,37.3,D,4,4,0.21,1750.0,REJECTED,0.0,< 6 vends; High Failure Rate (21%),REJECTED,0.0,Eligible,REJECTED,0.0,Eligible
1822,36.4,D,8,6,0.14,1750.0,REJECTED,0.0,Eligible,REJECTED,0.0,Eligible,REJECTED,0.0,Eligible
1823,34.3,D,26,2,0.09,1500.0,REJECTED,0.0,< 6 vends,REJECTED,0.0,< 4 vends,REJECTED,0.0,< 3 vends
1824,41.9,D,0,9,0.05,2000.0,REJECTED,0.0,Eligible,REJECTED,0.0,Eligible,REJECTED,0.0,Eligible
1825,41.8,D,0,9,0.06,2000.0,REJECTED,0.0,Eligible,REJECTED,0.0,Eligible,REJECTED,0.0,Eligible
1826,47.1,D,0,10,0.0,1500.0,REJECTED,0.0,Eligible,REJECTED,0.0,Eligible,REJECTED,0.0,Eligible
1827,38.8,D,3,7,0.07,1250.0,REJECTED,0.0,Eligible,REJECTED,0.0,Eligible,REJECTED,0.0,Eligible
1828,70.9,B,1,5,0.0,63500.0,REJECTED,0.0,< 6 vends,APPROVED,20000.0,Eligible,APPROVED,20000.0,Eligible
1829,67.8,B,34,5,0.0,180000.0,REJECTED,0.0,< 6 vends; > 30 days dormant,APPROVED,20000.0,Eligible,APPROVED,20000.0,Eligible
1830,69.8,B,3,6,0.02,46000.0,APPROVED,7500.0,Eligible,APPROVED,20000.0,Eligible,APPROVED,20000.0,Eligible
1831,46.7,D,5,11,0.04,2000.0,REJECTED,0.0,Eligible,REJECTED,0.0,Eligible,REJECTED,0.0,Eligible
1832,69.9,B,0,8,0.0,41000.0,APPROVED,7500.0,Eligible,APPROVED,20000.0,Eligible,APPROVED,20000.0,Eligible
1833,41.1,D,1,6,0.07,2000.0,REJECTED,0.0,Eligible,REJECTED,0.0,Eligible,REJECTED,0.0,Eligible
1834,71.5,B,0,7,0.11,53000.0,APPROVED,7500.0,Eligible,APPROVED,20000.0,Eligible,APPROVED,20000.0,Eligible
1835,40.6,D,0,10,0.03,1831.0,REJECTED,0.0,Eligible,REJECTED,0.0,Eligible,REJECTED,0.0,Eligible
1836,43.4,D,2,4,0.12,2500.0,REJECTED,0.0,< 6 vends,REJECTED,0.0,Eligible,REJECTED,0.0,Eligible
1837,42.5,D,0,9,0.0,2000.0,REJECTED,0.0,Eligible,REJECTED,0.0,Eligible,REJECTED,0.0,Eligible
1838,34.2,D,23,3,0.07,2000.0,REJECTED,0.0,< 6 vends,REJECTED,0.0,< 4 vends,REJECTED,0.0,Eligible
1839,72.1,B,2,14,0.0,49000.0,APPROVED,7500.0,Eligible,APPROVED,20000.0,Eligible,APPROVED,20000.0,Eligible
1840,40.1,D,1,5,0.06,1750.0,REJECTED,0.0,< 6 vends,REJECTED,0.0,Eligible,REJECTED,0.0,Eligible
1841,45.9,D,4,6,0.07,2000.0,REJECTED,0.0,Eligible,REJECTED,0.0,Eligible,REJECTED,0.0,Eligible
1842,69.0,B,0,8,0.09,58000.0,APPROVED,7500.0,Eligible,APPROVED,20000.0,Eligible,APPROVED,20000.0,Eligible
1843,39.1,D,0,4,0.09,2000.0,REJECTED,0.0,< 6 vends,REJECTED,0.0,Eligible,REJECTED,0.0,Eligible
1844,45.6,D,2,11,0.02,2000.0,REJECTED,0.0,Eligible,REJECTED,0.0,Eligible,REJECTED,0.0,Eligible
1845,41.1,D,13,4,0.09,2000.0,REJECTED,0.0,< 6 vends,REJECTED,0.0,Eligible,REJECTED,0.0,Eligible
1846,45.4,D,3,7,0.16,2000.0,REJECTED,0.0,Eligible,REJECTED,0.0,Eligible,REJECTED,0.0,Eligible
1847,39.0,D,12,4,0.0,2000.0,REJECTED,0.0,< 6 vends,REJECTED,0.0,Eligible,REJECTED,0.0,Eligible
1848,44.9,D,0,5,0.04,3000.0,REJECTED,0.0,< 6 vends,REJECTED,0.0,Eligible,REJECTED,0.0,Eligible
1849,75.9,B,3,8,0.02,60000.0,APPROVED,7500.0,Eligible,APPROVED,20000.0,Eligible,APPROVED,20000.0,Eligible
1850,45.1,D,2,10,0.02,2000.0,REJECTED,0.0,Eligible,REJECTED,0.0,Eligible,REJECTED,0.0,Eligible
1851,51.2,C,2,3,0.0,3750.0,REJECTED,0.0,< 6 vends,REJECTED,0.0,< 4 vends,APPROVED,2812.0,Eligible
1852,48.0,D,0,2,0.05,1966.5,REJECTED,0.0,< 6 vends,REJECTED,0.0,< 4 vends,REJECTED,0.0,< 3 vends
1853,69.5,B,3,5,0.03,59000.0,REJECTED,0.0,< 6 vends,APPROVED,20000.0,Eligible,APPROVED,20000.0,Eligible
1854,37.7,D,13,2,0.11,1500.0,REJECTED,0.0,< 6 vends,REJECTED,0.0,< 4 vends,REJECTED,0.0,< 3 vends
1855,41.8,D,0,7,0.05,2000.0,REJECTED,0.0,Eligible,REJECTED,0.0,Eligible,REJECTED,0.0,Eligible
1856,62.1,C,5,3,0.0,50000.0,REJECTED,0.0,< 6 vends,REJECTED,0.0,< 4 vends,APPROVED,20000.0,Eligible
1857,73.2,B,4,10,0.1,194669.0,APPROVED,7500.0,Eligible,APPROVED,20000.0,Eligible,APPROVED,20000.0,Eligible
1858,40.4,D,29,4,0.08,2000.0,REJECTED,0.0,< 6 vends,REJECTED,0.0,Eligible,REJECTED,0.0,Eligible
1859,44.9,D,2,11,0.05,1750.0,REJECTED,0.0,Eligible,REJECTED,0.0,Eligible,REJECTED,0.0,Eligible
1860,33.0,D,4,2,0.06,1500.0,REJECTED,0.0,< 6 vends,REJECTED,0.0,< 4 vends,REJECTED,0.0,< 3 vends
1861,68.3,B,1,8,0.06,67000.0,APPROVED,7500.0,Eligible,APPROVED,20000.0,Eligible,APPROVED,20000.0,Eligible
1862,39.7,D,10,10,0.06,2000.0,REJECTED,0.0,Eligible,REJECTED,0.0,Eligible,REJECTED,0.0,Eligible
1863,44.2,D,1,10,0.06,2000.0,REJECTED,0.0,Eligible,REJECTED,0.0,Eligible,REJECTED,0.0,Eligible
1864,45.6,D,7,8,0.02,1750.0,REJECTED,0.0,Eligible,REJECTED,0.0,Eligible,REJECTED,0.0,Eligible
1865,44.5,D,1,15,0.04,1750.0,REJECTED,0.0,Eligible,REJECTED,0.0,Eligible,REJECTED,0.0,Eligible
1866,62.4,C,0,4,0.16,50000.0,REJECTED,0.0,< 6 vends,APPROVED,20000.0,Eligible,APPROVED,20000.0,Eligible
1867,47.8,D,2,11,0.02,2000.0,REJECTED,0.0,Eligible,REJECTED,0.0,Eligible,REJECTED,0.0,Eligible
1868,59.3,C,31,1,0.0,40000.0,REJECTED,0.0,< 6 vends; > 30 days dormant,REJECTED,0.0,< 4 vends,REJECTED,0.0,< 3 vends
1869,37.9,D,0,3,0.1,2000.0,REJECTED,0.0,< 6 vends,REJECTED,0.0,< 4 vends,REJECTED,0.0,Eligible
1870,32.3,D,1,2,0.06,1500.0,REJECTED,0.0,< 6 vends,REJECTED,0.0,< 4 vends,REJECTED,0.0,< 3 vends
1871,70.2,B,1,14,0.05,50000.0,APPROVED,7500.0,Eligible,APPROVED,20000.0,Eligible,APPROVED,20000.0,Eligible
1872,40.8,D,3,6,0.14,1812.5,REJECTED,0.0,Eligible,REJECTED,0.0,Eligible,REJECTED,0.0,Eligible
1873,40.8,D,3,7,0.16,2000.0,REJECTED,0.0,Eligible,REJECTED,0.0,Eligible,REJECTED,0.0,Eligible
1874,43.9,D,13,4,0.13,2000.0,REJECTED,0.0,< 6 vends,REJECTED,0.0,Eligible,REJECTED,0.0,Eligible
1875,46.3,D,0,7,0.02,2000.0,REJECTED,0.0,Eligible,REJECTED,0.0,Eligible,REJECTED,0.0,Eligible
1876,68.6,B,4,7,0.03,66000.0,APPROVED,7500.0,Eligible,APPROVED,20000.0,Eligible,APPROVED,20000.0,Eligible
1877,31.6,D,3,5,0.0,1000.0,REJECTED,0.0,< 6 vends,REJECTED,0.0,Eligible,REJECTED,0.0,Eligible
1878,73.6,B,0,9,0.02,180000.0,APPROVED,7500.0,Eligible,APPROVED,20000.0,Eligible,APPROVED,20000.0,Eligible
1879,53.1,C,27,2,0.07,5000.0,REJECTED,0.0,< 6 vends,REJECTED,0.0,< 4 vends,REJECTED,0.0,< 3 vends
1880,42.2,D,1,10,0.08,2114.0,REJECTED,0.0,Eligible,REJECTED,0.0,Eligible,REJECTED,0.0,Eligible
1881,37.9,D,65,0,0.0,2000.0,REJECTED,0.0,< 6 vends; > 30 days dormant,REJECTED,0.0,< 4 vends; > 45 days dormant,REJECTED,0.0,< 3 vends; > 60 days dormant
1882,43.6,D,3,12,0.02,2250.0,REJECTED,0.0,Eligible,REJECTED,0.0,Eligible,REJECTED,0.0,Eligible
1883,37.7,D,0,7,0.06,1750.0,REJECTED,0.0,Eligible,REJECTED,0.0,Eligible,REJECTED,0.0,Eligible
1884,42.1,D,0,6,0.03,2000.0,REJECTED,0.0,Eligible,REJECTED,0.0,Eligible,REJECTED,0.0,Eligible
1885,72.9,B,3,11,0.04,44000.0,APPROVED,7500.0,Eligible,APPROVED,20000.0,Eligible,APPROVED,20000.0,Eligible
1886,43.6,D,5,2,0.0,2000.0,REJECTED,0.0,< 6 vends,REJECTED,0.0,< 4 vends,REJECTED,0.0,< 3 vends
1887,40.6,D,1,5,0.07,2000.0,REJECTED,0.0,< 6 vends,REJECTED,0.0,Eligible,REJECTED,0.0,Eligible
1888,43.8,D,12,8,0.02,2000.0,REJECTED,0.0,Eligible,REJECTED,0.0,Eligible,REJECTED,0.0,Eligible
1889,64.5,C,2,3,0.16,73500.0,REJECTED,0.0,< 6 vends,REJECTED,0.0,< 4 vends,APPROVED,20000.0,Eligible
1890,70.7,B,3,12,0.02,48000.0,APPROVED,7500.0,Eligible,APPROVED,20000.0,Eligible,APPROVED,20000.0,Eligible
1891,34.4,D,3,3,0.08,1500.0,REJECTED,0.0,< 6 vends,REJECTED,0.0,< 4 vends,REJECTED,0.0,Eligible
1892,51.2,C,1,10,0.0,2250.0,REJECTED,0.0,Below Min Loan Size,REJECTED,0.0,Below Min Loan Size,REJECTED,0.0,Below Min Loan Size
1893,40.0,D,0,7,0.03,2000.0,REJECTED,0.0,Eligible,REJECTED,0.0,Eligible,REJECTED,0.0,Eligible
1894,45.3,D,3,7,0.02,1500.0,REJECTED,0.0,Eligible,REJECTED,0.0,Eligible,REJECTED,0.0,Eligible
1895,36.4,D,5,3,0.13,2000.0,REJECTED,0.0,< 6 vends,REJECTED,0.0,< 4 vends,REJECTED,0.0,Eligible
1896,33.3,D,4,3,0.0,1250.0,REJECTED,0.0,< 6 vends,REJECTED,0.0,< 4 vends,REJECTED,0.0,Eligible
1897,43.3,D,2,7,0.0,1995.5,REJECTED,0.0,Eligible,REJECTED,0.0,Eligible,REJECTED,0.0,Eligible
1898,38.6,D,0,6,0.07,2000.0,REJECTED,0.0,Eligible,REJECTED,0.0,Eligible,REJECTED,0.0,Eligible
1899,37.5,D,6,7,0.0,1500.0,REJECTED,0.0,Eligible,REJECTED,0.0,Eligible,REJECTED,0.0,Eligible
1900,47.2,D,8,8,0.02,2000.0,REJECTED,0.0,Eligible,REJECTED,0.0,Eligible,REJECTED,0.0,Eligible
1901,43.2,D,1,8,0.1,2000.0,REJECTED,0.0,Eligible,REJECTED,0.0,Eligible,REJECTED,0.0,Eligible
1902,44.8,D,4,6,0.04,2000.0,REJECTED,0.0,Eligible,REJECTED,0.0,Eligible,REJECTED,0.0,Eligible
1903,61.7,C,1,2,0.07,75000.0,REJECTED,0.0,< 6 vends,REJECTED,0.0,< 4 vends,REJECTED,0.0,< 3 vends
1904,44.5,D,0,7,0.03,2000.0,REJECTED,0.0,Eligible,REJECTED,0.0,Eligible,REJECTED,0.0,Eligible
1905,46.2,D,0,9,0.02,1500.0,REJECTED,0.0,Eligible,REJECTED,0.0,Eligible,REJECTED,0.0,Eligible
1906,43.2,D,8,7,0.02,1750.0,REJECTED,0.0,Eligible,REJECTED,0.0,Eligible,REJECTED,0.0,Eligible
1907,43.4,D,3,15,0.04,1750.0,REJECTED,0.0,Eligible,REJECTED,0.0,Eligible,REJECTED,0.0,Eligible
1908,43.9,D,0,5,0.0,2000.0,REJECTED,0.0,< 6 vends,REJECTED,0.0,Eligible,REJECTED,0.0,Eligible
1909,64.6,C,32,1,0.0,215000.0,REJECTED,0.0,< 6 vends; > 30 days dormant,REJECTED,0.0,< 4 vends,REJECTED,0.0,< 3 vends
1910,31.8,D,1,3,0.07,1500.0,REJECTED,0.0,< 6 vends,REJECTED,0.0,< 4 vends,REJECTED,0.0,Eligible
1911,43.8,D,3,10,0.05,1500.0,REJECTED,0.0,Eligible,REJECTED,0.0,Eligible,REJECTED,0.0,Eligible
1912,37.4,D,4,4,0.09,2000.0,REJECTED,0.0,< 6 vends,REJECTED,0.0,Eligible,REJECTED,0.0,Eligible
1913,45.9,D,0,9,0.04,2000.0,REJECTED,0.0,Eligible,REJECTED,0.0,Eligible,REJECTED,0.0,Eligible
1914,42.7,D,4,9,0.07,2000.0,REJECTED,0.0,Eligible,REJECTED,0.0,Eligible,REJECTED,0.0,Eligible
1915,39.4,D,3,9,0.05,1500.0,REJECTED,0.0,Eligible,REJECTED,0.0,Eligible,REJECTED,0.0,Eligible
1916,41.3,D,4,4,0.07,2000.0,REJECTED,0.0,< 6 vends,REJECTED,0.0,Eligible,REJECTED,0.0,Eligible
1917,34.4,D,21,4,0.0,2000.0,REJECTED,0.0,< 6 vends,REJECTED,0.0,Eligible,REJECTED,0.0,Eligible
1918,69.5,B,1,9,0.1,52000.0,APPROVED,7500.0,Eligible,APPROVED,20000.0,Eligible,APPROVED,20000.0,Eligible
1919,50.5,C,17,9,0.0,1985.0,REJECTED,0.0,Below Min Loan Size,REJECTED,0.0,Below Min Loan Size,REJECTED,0.0,Below Min Loan Size
1920,42.3,D,0,12,0.02,1862.0,REJECTED,0.0,Eligible,REJECTED,0.0,Eligible,REJECTED,0.0,Eligible
1921,61.0,C,21,2,0.15,66000.0,REJECTED,0.0,< 6 vends,REJECTED,0.0,< 4 vends,REJECTED,0.0,< 3 vends
1922,70.0,B,1,6,0.0,50000.0,APPROVED,7500.0,Eligible,APPROVED,20000.0,Eligible,APPROVED,20000.0,Eligible
1923,72.8,B,0,9,0.03,150000.0,APPROVED,7500.0,Eligible,APPROVED,20000.0,Eligible,APPROVED,20000.0,Eligible
1924,40.7,D,1,2,0.14,1500.0,REJECTED,0.0,< 6 vends,REJECTED,0.0,< 4 vends,REJECTED,0.0,< 3 vends
1925,66.0,B,2,3,0.13,56000.0,REJECTED,0.0,< 6 vends,REJECTED,0.0,< 4 vends,APPROVED,20000.0,Eligible
1926,46.3,D,0,10,0.02,2000.0,REJECTED,0.0,Eligible,REJECTED,0.0,Eligible,REJECTED,0.0,Eligible
1927,40.8,D,32,6,0.12,1500.0,REJECTED,0.0,> 30 days dormant,REJECTED,0.0,Eligible,REJECTED,0.0,Eligible
1928,35.8,D,0,4,0.08,1500.0,REJECTED,0.0,< 6 vends,REJECTED,0.0,Eligible,REJECTED,0.0,Eligible
1929,49.4,D,1,10,0.0,2422.5,REJECTED,0.0,Eligible,REJECTED,0.0,Eligible,REJECTED,0.0,Eligible
1930,40.4,D,2,7,0.16,2000.0,REJECTED,0.0,Eligible,REJECTED,0.0,Eligible,REJECTED,0.0,Eligible
1931,39.7,D,4,4,0.04,2000.0,REJECTED,0.0,< 6 vends,REJECTED,0.0,Eligible,REJECTED,0.0,Eligible
1932,36.5,D,0,3,0.08,1750.0,REJECTED,0.0,< 6 vends,REJECTED,0.0,< 4 vends,REJECTED,0.0,Eligible
1933,46.1,D,3,9,0.02,1750.0,REJECTED,0.0,Eligible,REJECTED,0.0,Eligible,REJECTED,0.0,Eligible
1934,51.3,C,4,11,0.04,1750.0,REJECTED,0.0,Below Min Loan Size,REJECTED,0.0,Below Min Loan Size,REJECTED,0.0,Below Min Loan Size
1935,44.8,D,14,9,0.02,2000.0,REJECTED,0.0,Eligible,REJECTED,0.0,Eligible,REJECTED,0.0,Eligible
1936,70.9,B,0,8,0.02,50000.0,APPROVED,7500.0,Eligible,APPROVED,20000.0,Eligible,APPROVED,20000.0,Eligible
1937,39.4,D,4,3,0.12,2000.0,REJECTED,0.0,< 6 vends,REJECTED,0.0,< 4 vends,REJECTED,0.0,Eligible
1938,68.9,B,0,7,0.03,48500.0,APPROVED,7500.0,Eligible,APPROVED,20000.0,Eligible,APPROVED,20000.0,Eligible
1939,39.5,D,2,6,0.08,1750.0,REJECTED,0.0,Eligible,REJECTED,0.0,Eligible,REJECTED,0.0,Eligible
1940,33.8,D,2,6,0.11,1500.0,REJECTED,0.0,Eligible,REJECTED,0.0,Eligible,REJECTED,0.0,Eligible
1941,42.4,D,1,9,0.08,1500.0,REJECTED,0.0,Eligible,REJECTED,0.0,Eligible,REJECTED,0.0,Eligible
1942,41.2,D,0,12,0.1,2000.0,REJECTED,0.0,Eligible,REJECTED,0.0,Eligible,REJECTED,0.0,Eligible
1943,74.4,B,1,12,0.02,41000.0,APPROVED,7500.0,Eligible,APPROVED,20000.0,Eligible,APPROVED,20000.0,Eligible
1944,31.1,D,0,3,0.2,1500.0,REJECTED,0.0,< 6 vends,REJECTED,0.0,< 4 vends,REJECTED,0.0,Eligible
1945,37.7,D,1,7,0.19,2000.0,REJECTED,0.0,Eligible,REJECTED,0.0,Eligible,REJECTED,0.0,Eligible
1946,70.6,B,46,3,0.03,180000.0,REJECTED,0.0,< 6 vends; > 30 days dormant,REJECTED,0.0,< 4 vends; > 45 days dormant,APPROVED,20000.0,Eligible
1947,44.4,D,0,7,0.02,2000.0,REJECTED,0.0,Eligible,REJECTED,0.0,Eligible,REJECTED,0.0,Eligible
1948,59.6,C,3,2,0.25,40000.0,REJECTED,0.0,< 6 vends; High Failure Rate (25%),REJECTED,0.0,< 4 vends,REJECTED,0.0,< 3 vends
1949,41.9,D,3,5,0.0,2094.0,REJECTED,0.0,< 6 vends,REJECTED,0.0,Eligible,REJECTED,0.0,Eligible
1950,44.5,D,4,9,0.03,2000.0,REJECTED,0.0,Eligible,REJECTED,0.0,Eligible,REJECTED,0.0,Eligible
1951,42.4,D,5,6,0.09,1875.0,REJECTED,0.0,Eligible,REJECTED,0.0,Eligible,REJECTED,0.0,Eligible
1952,40.5,D,2,2,0.11,2000.0,REJECTED,0.0,< 6 vends,REJECTED,0.0,< 4 vends,REJECTED,0.0,< 3 vends
1953,34.4,D,0,2,0.09,1750.0,REJECTED,0.0,< 6 vends,REJECTED,0.0,< 4 vends,REJECTED,0.0,< 3 vends
1954,64.7,C,33,1,0.0,73000.0,REJECTED,0.0,< 6 vends; > 30 days dormant,REJECTED,0.0,< 4 vends,REJECTED,0.0,< 3 vends
1955,48.4,D,0,7,0.04,2797.0,REJECTED,0.0,Eligible,REJECTED,0.0,Eligible,REJECTED,0.0,Eligible
1956,33.4,D,53,1,0.3,1000.0,REJECTED,0.0,< 6 vends; > 30 days dormant; High Failure Rate (30%),REJECTED,0.0,< 4 vends; > 45 days dormant,REJECTED,0.0,< 3 vends
1957,43.2,D,5,7,0.13,2000.0,REJECTED,0.0,Eligible,REJECTED,0.0,Eligible,REJECTED,0.0,Eligible
1958,37.4,D,3,3,0.0,1875.0,REJECTED,0.0,< 6 vends,REJECTED,0.0,< 4 vends,REJECTED,0.0,Eligible
1959,47.6,D,3,11,0.02,2000.0,REJECTED,0.0,Eligible,REJECTED,0.0,Eligible,REJECTED,0.0,Eligible
1960,43.1,D,18,7,0.05,2000.0,REJECTED,0.0,Eligible,REJECTED,0.0,Eligible,REJECTED,0.0,Eligible
1961,41.0,D,10,8,0.02,1812.5,REJECTED,0.0,Eligible,REJECTED,0.0,Eligible,REJECTED,0.0,Eligible
1962,33.4,D,3,6,0.12,1250.0,REJECTED,0.0,Eligible,REJECTED,0.0,Eligible,REJECTED,0.0,Eligible
1963,41.7,D,0,8,0.07,2000.0,REJECTED,0.0,Eligible,REJECTED,0.0,Eligible,REJECTED,0.0,Eligible
1964,32.9,D,65,0,0.18,1500.0,REJECTED,0.0,< 6 vends; > 30 days dormant,REJECTED,0.0,< 4 vends; > 45 days dormant,REJECTED,0.0,< 3 vends; > 60 days dormant
1965,29.6,D,31,1,0.15,1250.0,REJECTED,0.0,< 6 vends; > 30 days dormant,REJECTED,0.0,< 4 vends,REJECTED,0.0,< 3 vends
1966,47.0,D,3,8,0.06,2000.0,REJECTED,0.0,Eligible,REJECTED,0.0,Eligible,REJECTED,0.0,Eligible
1967,45.1,D,1,10,0.06,1995.5,REJECTED,0.0,Eligible,REJECTED,0.0,Eligible,REJECTED,0.0,Eligible
1968,43.6,D,5,5,0.08,2000.0,REJECTED,0.0,< 6 vends,REJECTED,0.0,Eligible,REJECTED,0.0,Eligible
1969,70.3,B,2,7,0.0,50000.0,APPROVED,7500.0,Eligible,APPROVED,20000.0,Eligible,APPROVED,20000.0,Eligible
1970,43.6,D,26,4,0.0,2500.0,REJECTED,0.0,< 6 vends,REJECTED,0.0,Eligible,REJECTED,0.0,Eligible
1971,43.1,D,5,2,0.21,3000.0,REJECTED,0.0,< 6 vends; High Failure Rate (21%),REJECTED,0.0,< 4 vends,REJECTED,0.0,< 3 vends
1972,45.1,D,8,4,0.0,2687.5,REJECTED,0.0,< 6 vends,REJECTED,0.0,Eligible,REJECTED,0.0,Eligible
1973,41.7,D,3,5,0.09,2000.0,REJECTED,0.0,< 6 vends,REJECTED,0.0,Eligible,REJECTED,0.0,Eligible
1974,41.4,D,4,6,0.05,2000.0,REJECTED,0.0,Eligible,REJECTED,0.0,Eligible,REJECTED,0.0,Eligible
1975,64.7,C,33,2,0.04,54000.0,REJECTED,0.0,< 6 vends; > 30 days dormant,REJECTED,0.0,< 4 vends,REJECTED,0.0,< 3 vends
1976,39.3,D,0,8,0.14,2000.0,REJECTED,0.0,Eligible,REJECTED,0.0,Eligible,REJECTED,0.0,Eligible
1977,48.3,D,3,2,0.21,3750.0,REJECTED,0.0,< 6 vends; High Failure Rate (21%),REJECTED,0.0,< 4 vends,REJECTED,0.0,< 3 vends
1978,69.6,B,2,6,0.0,67500.0,APPROVED,7500.0,Eligible,APPROVED,20000.0,Eligible,APPROVED,20000.0,Eligible
1979,73.9,B,18,6,0.02,50000.0,APPROVED,7500.0,Eligible,APPROVED,20000.0,Eligible,APPROVED,20000.0,Eligible
1980,34.2,D,4,4,0.19,1500.0,REJECTED,0.0,< 6 vends,REJECTED,0.0,Eligible,REJECTED,0.0,Eligible
1981,39.4,D,0,6,0.07,1500.0,REJECTED,0.0,Eligible,REJECTED,0.0,Eligible,REJECTED,0.0,Eligible
1982,43.6,D,1,11,0.06,2000.0,REJECTED,0.0,Eligible,REJECTED,0.0,Eligible,REJECTED,0.0,Eligible
1983,40.7,D,0,3,0.05,1750.0,REJECTED,0.0,< 6 vends,REJECTED,0.0,< 4 vends,REJECTED,0.0,Eligible
1984,78.1,B,0,10,0.06,190000.0,APPROVED,7500.0,Eligible,APPROVED,20000.0,Eligible,APPROVED,20000.0,Eligible
1985,44.4,D,4,8,0.04,2000.0,REJECTED,0.0,Eligible,REJECTED,0.0,Eligible,REJECTED,0.0,Eligible
1986,42.8,D,18,4,0.0,1625.0,REJECTED,0.0,< 6 vends,REJECTED,0.0,Eligible,REJECTED,0.0,Eligible
1987,72.4,B,9,9,0.06,55000.0,APPROVED,7500.0,Eligible,APPROVED,20000.0,Eligible,APPROVED,20000.0,Eligible
1988,47.3,D,1,12,0.04,2000.0,REJECTED,0.0,Eligible,REJECTED,0.0,Eligible,REJECTED,0.0,Eligible
1989,77.0,B,1,5,0.02,180000.0,REJECTED,0.0,< 6 vends,APPROVED,20000.0,Eligible,APPROVED,20000.0,Eligible
1990,63.4,C,5,1,0.0,66000.0,REJECTED,0.0,< 6 vends,REJECTED,0.0,< 4 vends,REJECTED,0.0,< 3 vends
1991,41.9,D,2,10,0.13,2000.0,REJECTED,0.0,Eligible,REJECTED,0.0,Eligible,REJECTED,0.0,Eligible
1992,49.7,D,0,16,0.03,2000.0,REJECTED,0.0,Eligible,REJECTED,0.0,Eligible,REJECTED,0.0,Eligible
1993,41.1,D,7,9,0.07,2000.0,REJECTED,0.0,Eligible,REJECTED,0.0,Eligible,REJECTED,0.0,Eligible
1994,49.5,D,2,2,0.0,2000.0,REJECTED,0.0,< 6 vends,REJECTED,0.0,< 4 vends,REJECTED,0.0,< 3 vends
1995,39.9,D,4,6,0.0,1500.0,REJECTED,0.0,Eligible,REJECTED,0.0,Eligible,REJECTED,0.0,Eligible
1996,37.6,D,1,6,0.04,1500.0,REJECTED,0.0,Eligible,REJECTED,0.0,Eligible,REJECTED,0.0,Eligible
1997,42.9,D,7,8,0.12,1750.0,REJECTED,0.0,Eligible,REJECTED,0.0,Eligible,REJECTED,0.0,Eligible
1998,62.5,C,5,1,0.0,68000.0,REJECTED,0.0,< 6 vends,REJECTED,0.0,< 4 vends,REJECTED,0.0,< 3 vends
1999,35.5,D,18,2,0.18,2000.0,REJECTED,0.0,< 6 vends,REJECTED,0.0,< 4 vends,REJECTED,0.0,< 3 vends
2000,52.5,C,0,13,0.0,2250.0,REJECTED,0.0,Below Min Loan Size,REJECTED,0.0,Below Min Loan Size,REJECTED,0.0,Below Min Loan Size
2001,41.7,D,4,5,0.07,2000.0,REJECTED,0.0,< 6 vends,REJECTED,0.0,Eligible,REJECTED,0.0,Eligible
2002,43.4,D,17,6,0.02,1750.0,REJECTED,0.0,Eligible,REJECTED,0.0,Eligible,REJECTED,0.0,Eligible
2003,35.5,D,4,4,0.08,2000.0,REJECTED,0.0,< 6 vends,REJECTED,0.0,Eligible,REJECTED,0.0,Eligible
2004,74.0,B,1,8,0.04,56000.0,APPROVED,7500.0,Eligible,APPROVED,20000.0,Eligible,APPROVED,20000.0,Eligible
2005,49.2,D,1,12,0.06,2500.0,REJECTED,0.0,Eligible,REJECTED,0.0,Eligible,REJECTED,0.0,Eligible
2006,43.4,D,31,7,0.03,2000.0,REJECTED,0.0,> 30 days dormant,REJECTED,0.0,Eligible,REJECTED,0.0,Eligible
2007,43.4,D,5,12,0.0,1750.0,REJECTED,0.0,Eligible,REJECTED,0.0,Eligible,REJECTED,0.0,Eligible
2008,65.5,B,51,2,0.14,67500.0,REJECTED,0.0,< 6 vends; > 30 days dormant,REJECTED,0.0,< 4 vends; > 45 days dormant,REJECTED,0.0,< 3 vends
2009,47.0,D,0,3,0.04,3000.0,REJECTED,0.0,< 6 vends,REJECTED,0.0,< 4 vends,REJECTED,0.0,Eligible
2010,65.9,B,4,2,0.0,75000.0,REJECTED,0.0,< 6 vends,REJECTED,0.0,< 4 vends,REJECTED,0.0,< 3 vends
2011,41.0,D,1,5,0.07,1750.0,REJECTED,0.0,< 6 vends,REJECTED,0.0,Eligible,REJECTED,0.0,Eligible
2012,45.9,D,4,4,0.07,3750.0,REJECTED,0.0,< 6 vends,REJECTED,0.0,Eligible,REJECTED,0.0,Eligible
2013,40.7,D,12,5,0.13,2000.0,REJECTED,0.0,< 6 vends,REJECTED,0.0,Eligible,REJECTED,0.0,Eligible
2014,45.7,D,4,10,0.0,1796.5,REJECTED,0.0,Eligible,REJECTED,0.0,Eligible,REJECTED,0.0,Eligible
2015,38.8,D,4,7,0.04,1887.0,REJECTED,0.0,Eligible,REJECTED,0.0,Eligible,REJECTED,0.0,Eligible
2016,46.7,D,4,6,0.04,2000.0,REJECTED,0.0,Eligible,REJECTED,0.0,Eligible,REJECTED,0.0,Eligible
2017,61.8,C,29,4,0.0,50000.0,REJECTED,0.0,< 6 vends,APPROVED,20000.0,Eligible,APPROVED,20000.0,Eligible
2018,46.5,D,6,10,0.02,1919.0,REJECTED,0.0,Eligible,REJECTED,0.0,Eligible,REJECTED,0.0,Eligible
2019,42.7,D,0,8,0.1,2500.0,REJECTED,0.0,Eligible,REJECTED,0.0,Eligible,REJECTED,0.0,Eligible
2020,67.3,B,5,2,0.1,180000.0,REJECTED,0.0,< 6 vends,REJECTED,0.0,< 4 vends,REJECTED,0.0,< 3 vends
2021,35.6,D,1,5,0.14,1662.5,REJECTED,0.0,< 6 vends,REJECTED,0.0,Eligible,REJECTED,0.0,Eligible
2022,36.9,D,2,5,0.06,2345.0,REJECTED,0.0,< 6 vends,REJECTED,0.0,Eligible,REJECTED,0.0,Eligible
2023,44.7,D,3,9,0.05,2000.0,REJECTED,0.0,Eligible,REJECTED,0.0,Eligible,REJECTED,0.0,Eligible
2024,72.3,B,3,7,0.05,53000.0,APPROVED,7500.0,Eligible,APPROVED,20000.0,Eligible,APPROVED,20000.0,Eligible
2025,71.2,B,4,3,0.13,186646.0,REJECTED,0.0,< 6 vends,REJECTED,0.0,< 4 vends,APPROVED,20000.0,Eligible
2026,41.2,D,2,8,0.03,1625.0,REJECTED,0.0,Eligible,REJECTED,0.0,Eligible,REJECTED,0.0,Eligible
2027,71.4,B,1,7,0.08,52500.0,APPROVED,7500.0,Eligible,APPROVED,20000.0,Eligible,APPROVED,20000.0,Eligible
2028,70.9,B,0,10,0.03,50000.0,APPROVED,7500.0,Eligible,APPROVED,20000.0,Eligible,APPROVED,20000.0,Eligible
2029,72.7,B,2,9,0.05,75000.0,APPROVED,7500.0,Eligible,APPROVED,20000.0,Eligible,APPROVED,20000.0,Eligible
2030,72.3,B,0,12,0.07,59000.0,APPROVED,7500.0,Eligible,APPROVED,20000.0,Eligible,APPROVED,20000.0,Eligible
2031,61.6,C,64,0,0.17,192348.0,REJECTED,0.0,< 6 vends; > 30 days dormant,REJECTED,0.0,< 4 vends; > 45 days dormant,REJECTED,0.0,< 3 vends; > 60 days dormant
2032,72.8,B,3,8,0.07,180000.0,APPROVED,7500.0,Eligible,APPROVED,20000.0,Eligible,APPROVED,20000.0,Eligible
2033,45.2,D,14,5,0.03,2000.0,REJECTED,0.0,< 6 vends,REJECTED,0.0,Eligible,REJECTED,0.0,Eligible
2034,42.2,D,51,1,0.07,2000.0,REJECTED,0.0,< 6 vends; > 30 days dormant,REJECTED,0.0,< 4 vends; > 45 days dormant,REJECTED,0.0,< 3 vends
2035,39.9,D,1,3,0.13,2000.0,REJECTED,0.0,< 6 vends,REJECTED,0.0,< 4 vends,REJECTED,0.0,Eligible
2036,45.3,D,4,11,0.04,2000.0,REJECTED,0.0,Eligible,REJECTED,0.0,Eligible,REJECTED,0.0,Eligible
2037,73.8,B,7,6,0.05,200000.0,APPROVED,7500.0,Eligible,APPROVED,20000.0,Eligible,APPROVED,20000.0,Eligible
2038,40.8,D,2,6,0.08,2000.0,REJECTED,0.0,Eligible,REJECTED,0.0,Eligible,REJECTED,0.0,Eligible
2039,43.3,D,24,7,0.08,2000.0,REJECTED,0.0,Eligible,REJECTED,0.0,Eligible,REJECTED,0.0,Eligible
2040,39.4,D,13,4,0.09,1125.0,REJECTED,0.0,< 6 vends,REJECTED,0.0,Eligible,REJECTED,0.0,Eligible
2041,46.4,D,0,7,0.02,2000.0,REJECTED,0.0,Eligible,REJECTED,0.0,Eligible,REJECTED,0.0,Eligible
2042,69.5,B,3,7,0.07,50000.0,APPROVED,7500.0,Eligible,APPROVED,20000.0,Eligible,APPROVED,20000.0,Eligible
2043,44.0,D,1,9,0.04,2000.0,REJECTED,0.0,Eligible,REJECTED,0.0,Eligible,REJECTED,0.0,Eligible
2044,46.3,D,4,11,0.04,2000.0,REJECTED,0.0,Eligible,REJECTED,0.0,Eligible,REJECTED,0.0,Eligible
2045,48.9,D,3,6,0.02,2000.0,REJECTED,0.0,Eligible,REJECTED,0.0,Eligible,REJECTED,0.0,Eligible
2046,44.8,D,3,5,0.04,1500.0,REJECTED,0.0,< 6 vends,REJECTED,0.0,Eligible,REJECTED,0.0,Eligible
2047,31.8,D,63,0,0.0,1750.0,REJECTED,0.0,< 6 vends; > 30 days dormant,REJECTED,0.0,< 4 vends; > 45 days dormant,REJECTED,0.0,< 3 vends; > 60 days dormant
2048,47.4,D,2,12,0.02,2000.0,REJECTED,0.0,Eligible,REJECTED,0.0,Eligible,REJECTED,0.0,Eligible
2049,43.5,D,0,11,0.05,2000.0,REJECTED,0.0,Eligible,REJECTED,0.0,Eligible,REJECTED,0.0,Eligible
2050,39.6,D,2,11,0.12,1594.0,REJECTED,0.0,Eligible,REJECTED,0.0,Eligible,REJECTED,0.0,Eligible
2051,46.6,D,5,8,0.15,1875.0,REJECTED,0.0,Eligible,REJECTED,0.0,Eligible,REJECTED,0.0,Eligible
2052,45.2,D,1,8,0.04,2000.0,REJECTED,0.0,Eligible,REJECTED,0.0,Eligible,REJECTED,0.0,Eligible
2053,40.6,D,1,2,0.05,2000.0,REJECTED,0.0,< 6 vends,REJECTED,0.0,< 4 vends,REJECTED,0.0,< 3 vends
2054,68.9,B,2,13,0.03,50000.0,APPROVED,7500.0,Eligible,APPROVED,20000.0,Eligible,APPROVED,20000.0,Eligible
2055,48.1,D,16,7,0.0,2000.0,REJECTED,0.0,Eligible,REJECTED,0.0,Eligible,REJECTED,0.0,Eligible
2056,34.5,D,20,1,0.08,2000.0,REJECTED,0.0,< 6 vends,REJECTED,0.0,< 4 vends,REJECTED,0.0,< 3 vends
2057,45.0,D,5,11,0.04,1750.0,REJECTED,0.0,Eligible,REJECTED,0.0,Eligible,REJECTED,0.0,Eligible
2058,43.6,D,4,8,0.02,1750.0,REJECTED,0.0,Eligible,REJECTED,0.0,Eligible,REJECTED,0.0,Eligible
2059,50.1,C,0,13,0.03,2000.0,REJECTED,0.0,Below Min Loan Size,REJECTED,0.0,Below Min Loan Size,REJECTED,0.0,Below Min Loan Size
2060,41.1,D,0,8,0.06,2000.0,REJECTED,0.0,Eligible,REJECTED,0.0,Eligible,REJECTED,0.0,Eligible
2061,69.0,B,9,8,0.14,75000.0,APPROVED,7500.0,Eligible,APPROVED,20000.0,Eligible,APPROVED,20000.0,Eligible
2062,38.3,D,7,6,0.03,1534.5,REJECTED,0.0,Eligible,REJECTED,0.0,Eligible,REJECTED,0.0,Eligible
2063,35.2,D,2,2,0.14,2250.0,REJECTED,0.0,< 6 vends,REJECTED,0.0,< 4 vends,REJECTED,0.0,< 3 vends
2064,46.3,D,0,10,0.04,2000.0,REJECTED,0.0,Eligible,REJECTED,0.0,Eligible,REJECTED,0.0,Eligible
2065,42.0,D,0,11,0.04,1750.0,REJECTED,0.0,Eligible,REJECTED,0.0,Eligible,REJECTED,0.0,Eligible
2066,75.2,B,2,7,0.0,59000.0,APPROVED,7500.0,Eligible,APPROVED,20000.0,Eligible,APPROVED,20000.0,Eligible
2067,43.0,D,1,7,0.02,1500.0,REJECTED,0.0,Eligible,REJECTED,0.0,Eligible,REJECTED,0.0,Eligible
2068,51.5,C,5,6,0.09,2345.0,REJECTED,0.0,Below Min Loan Size,REJECTED,0.0,Below Min Loan Size,REJECTED,0.0,Below Min Loan Size
2069,39.1,D,6,6,0.0,2000.0,REJECTED,0.0,Eligible,REJECTED,0.0,Eligible,REJECTED,0.0,Eligible
2070,42.0,D,0,6,0.05,2000.0,REJECTED,0.0,Eligible,REJECTED,0.0,Eligible,REJECTED,0.0,Eligible
2071,49.5,D,4,8,0.0,2000.0,REJECTED,0.0,Eligible,REJECTED,0.0,Eligible,REJECTED,0.0,Eligible
2072,55.2,C,5,11,0.08,2000.0,REJECTED,0.0,Below Min Loan Size,REJECTED,0.0,Below Min Loan Size,REJECTED,0.0,Below Min Loan Size
2073,46.6,D,16,11,0.03,2000.0,REJECTED,0.0,Eligible,REJECTED,0.0,Eligible,REJECTED,0.0,Eligible
2074,32.9,D,3,1,0.11,1562.5,REJECTED,0.0,< 6 vends,REJECTED,0.0,< 4 vends,REJECTED,0.0,< 3 vends
2075,48.0,D,2,13,0.08,2000.0,REJECTED,0.0,Eligible,REJECTED,0.0,Eligible,REJECTED,0.0,Eligible
2076,63.2,C,0,2,0.14,135000.0,REJECTED,0.0,< 6 vends,REJECTED,0.0,< 4 vends,REJECTED,0.0,< 3 vends
2077,38.8,D,1,8,0.1,2000.0,REJECTED,0.0,Eligible,REJECTED,0.0,Eligible,REJECTED,0.0,Eligible
2078,37.4,D,7,5,0.15,1500.0,REJECTED,0.0,< 6 vends,REJECTED,0.0,Eligible,REJECTED,0.0,Eligible
2079,46.8,D,7,10,0.02,2345.0,REJECTED,0.0,Eligible,REJECTED,0.0,Eligible,REJECTED,0.0,Eligible
2080,70.5,B,2,6,0.0,67000.0,APPROVED,7500.0,Eligible,APPROVED,20000.0,Eligible,APPROVED,20000.0,Eligible
2081,38.7,D,2,4,0.0,2000.0,REJECTED,0.0,< 6 vends,REJECTED,0.0,Eligible,REJECTED,0.0,Eligible
2082,48.9,D,0,13,0.0,2086.0,REJECTED,0.0,Eligible,REJECTED,0.0,Eligible,REJECTED,0.0,Eligible
2083,36.0,D,3,5,0.05,2000.0,REJECTED,0.0,< 6 vends,REJECTED,0.0,Eligible,REJECTED,0.0,Eligible
2084,43.8,D,2,7,0.04,2000.0,REJECTED,0.0,Eligible,REJECTED,0.0,Eligible,REJECTED,0.0,Eligible
2085,44.1,D,0,11,0.04,1750.0,REJECTED,0.0,Eligible,REJECTED,0.0,Eligible,REJECTED,0.0,Eligible
2086,41.2,D,2,9,0.05,1750.0,REJECTED,0.0,Eligible,REJECTED,0.0,Eligible,REJECTED,0.0,Eligible
2087,36.3,D,22,5,0.09,2000.0,REJECTED,0.0,< 6 vends,REJECTED,0.0,Eligible,REJECTED,0.0,Eligible
2088,46.7,D,4,10,0.02,2000.0,REJECTED,0.0,Eligible,REJECTED,0.0,Eligible,REJECTED,0.0,Eligible
2089,47.2,D,3,14,0.06,2000.0,REJECTED,0.0,Eligible,REJECTED,0.0,Eligible,REJECTED,0.0,Eligible
2090,46.3,D,5,7,0.02,2000.0,REJECTED,0.0,Eligible,REJECTED,0.0,Eligible,REJECTED,0.0,Eligible
2091,31.0,D,0,3,0.07,1258.5,REJECTED,0.0,< 6 vends,REJECTED,0.0,< 4 vends,REJECTED,0.0,Eligible
2092,43.6,D,0,4,0.02,2000.0,REJECTED,0.0,< 6 vends,REJECTED,0.0,Eligible,REJECTED,0.0,Eligible
2093,38.2,D,7,6,0.03,1500.0,REJECTED,0.0,Eligible,REJECTED,0.0,Eligible,REJECTED,0.0,Eligible
2094,45.7,D,4,5,0.02,2000.0,REJECTED,0.0,< 6 vends,REJECTED,0.0,Eligible,REJECTED,0.0,Eligible
2095,39.1,D,3,9,0.05,1500.0,REJECTED,0.0,Eligible,REJECTED,0.0,Eligible,REJECTED,0.0,Eligible
2096,47.9,D,0,11,0.09,2000.0,REJECTED,0.0,Eligible,REJECTED,0.0,Eligible,REJECTED,0.0,Eligible
2097,43.7,D,1,8,0.12,2000.0,REJECTED,0.0,Eligible,REJECTED,0.0,Eligible,REJECTED,0.0,Eligible
2098,48.9,D,3,14,0.0,2000.0,REJECTED,0.0,Eligible,REJECTED,0.0,Eligible,REJECTED,0.0,Eligible
2099,48.9,D,3,11,0.02,2000.0,REJECTED,0.0,Eligible,REJECTED,0.0,Eligible,REJECTED,0.0,Eligible
2100,42.3,D,4,7,0.07,2000.0,REJECTED,0.0,Eligible,REJECTED,0.0,Eligible,REJECTED,0.0,Eligible
2101,71.6,B,1,6,0.02,68500.0,APPROVED,7500.0,Eligible,APPROVED,20000.0,Eligible,APPROVED,20000.0,Eligible
2102,44.7,D,5,2,0.07,2000.0,REJECTED,0.0,< 6 vends,REJECTED,0.0,< 4 vends,REJECTED,0.0,< 3 vends
2103,43.6,D,2,4,0.16,2000.0,REJECTED,0.0,< 6 vends,REJECTED,0.0,Eligible,REJECTED,0.0,Eligible
2104,42.9,D,8,6,0.07,2000.0,REJECTED,0.0,Eligible,REJECTED,0.0,Eligible,REJECTED,0.0,Eligible
2105,75.5,B,8,8,0.0,180000.0,APPROVED,7500.0,Eligible,APPROVED,20000.0,Eligible,APPROVED,20000.0,Eligible
2106,33.5,D,0,2,0.0,1375.0,REJECTED,0.0,< 6 vends,REJECTED,0.0,< 4 vends,REJECTED,0.0,< 3 vends
2107,75.4,B,2,13,0.0,180000.0,APPROVED,7500.0,Eligible,APPROVED,20000.0,Eligible,APPROVED,20000.0,Eligible
2108,70.4,B,3,11,0.0,50000.0,APPROVED,7500.0,Eligible,APPROVED,20000.0,Eligible,APPROVED,20000.0,Eligible
2109,62.4,C,0,2,0.08,40000.0,REJECTED,0.0,< 6 vends,REJECTED,0.0,< 4 vends,REJECTED,0.0,< 3 vends
2110,36.8,D,1,4,0.0,1500.0,REJECTED,0.0,< 6 vends,REJECTED,0.0,Eligible,REJECTED,0.0,Eligible
2111,40.8,D,0,7,0.05,1621.5,REJECTED,0.0,Eligible,REJECTED,0.0,Eligible,REJECTED,0.0,Eligible
2112,59.6,C,0,3,0.11,5000.0,REJECTED,0.0,< 6 vends,REJECTED,0.0,< 4 vends,APPROVED,3750.0,Eligible
2113,69.5,B,1,8,0.0,190000.0,APPROVED,7500.0,Eligible,APPROVED,20000.0,Eligible,APPROVED,20000.0,Eligible
2114,46.6,D,8,10,0.04,2250.0,REJECTED,0.0,Eligible,REJECTED,0.0,Eligible,REJECTED,0.0,Eligible
2115,39.1,D,3,2,0.14,1250.0,REJECTED,0.0,< 6 vends,REJECTED,0.0,< 4 vends,REJECTED,0.0,< 3 vends
2116,42.9,D,4,14,0.04,1750.0,REJECTED,0.0,Eligible,REJECTED,0.0,Eligible,REJECTED,0.0,Eligible
2117,41.4,D,2,8,0.12,2500.0,REJECTED,0.0,Eligible,REJECTED,0.0,Eligible,REJECTED,0.0,Eligible
2118,33.3,D,0,3,0.15,2000.0,REJECTED,0.0,< 6 vends,REJECTED,0.0,< 4 vends,REJECTED,0.0,Eligible
2119,45.4,D,0,5,0.03,2750.0,REJECTED,0.0,< 6 vends,REJECTED,0.0,Eligible,REJECTED,0.0,Eligible
2120,43.3,D,0,6,0.07,2000.0,REJECTED,0.0,Eligible,REJECTED,0.0,Eligible,REJECTED,0.0,Eligible
2121,66.5,B,33,1,0.14,200000.0,REJECTED,0.0,< 6 vends; > 30 days dormant,REJECTED,0.0,< 4 vends,REJECTED,0.0,< 3 vends
2122,66.9,B,32,1,0.17,300000.0,REJECTED,0.0,< 6 vends; > 30 days dormant,REJECTED,0.0,< 4 vends,REJECTED,0.0,< 3 vends
2123,65.4,B,5,7,0.07,55000.0,APPROVED,7500.0,Eligible,APPROVED,20000.0,Eligible,APPROVED,20000.0,Eligible
2124,45.2,D,3,7,0.08,2250.0,REJECTED,0.0,Eligible,REJECTED,0.0,Eligible,REJECTED,0.0,Eligible
2125,37.9,D,3,9,0.11,1672.5,REJECTED,0.0,Eligible,REJECTED,0.0,Eligible,REJECTED,0.0,Eligible
2126,50.0,C,21,3,0.0,2000.0,REJECTED,0.0,< 6 vends,REJECTED,0.0,< 4 vends,REJECTED,0.0,Below Min Loan Size
2127,42.7,D,42,2,0.14,2000.0,REJECTED,0.0,< 6 vends; > 30 days dormant,REJECTED,0.0,< 4 vends,REJECTED,0.0,< 3 vends
2128,40.3,D,10,6,0.12,2000.0,REJECTED,0.0,Eligible,REJECTED,0.0,Eligible,REJECTED,0.0,Eligible
2129,60.9,C,5,1,0.0,160000.0,REJECTED,0.0,< 6 vends,REJECTED,0.0,< 4 vends,REJECTED,0.0,< 3 vends
2130,44.4,D,0,7,0.04,2000.0,REJECTED,0.0,Eligible,REJECTED,0.0,Eligible,REJECTED,0.0,Eligible
2131,43.9,D,1,11,0.05,2000.0,REJECTED,0.0,Eligible,REJECTED,0.0,Eligible,REJECTED,0.0,Eligible
2132,48.8,D,1,4,0.06,1500.0,REJECTED,0.0,< 6 vends,REJECTED,0.0,Eligible,REJECTED,0.0,Eligible
2133,48.2,D,5,15,0.05,2000.0,REJECTED,0.0,Eligible,REJECTED,0.0,Eligible,REJECTED,0.0,Eligible
2134,74.5,B,1,16,0.02,73000.0,APPROVED,7500.0,Eligible,APPROVED,20000.0,Eligible,APPROVED,20000.0,Eligible
2135,41.6,D,3,6,0.11,2000.0,REJECTED,0.0,Eligible,REJECTED,0.0,Eligible,REJECTED,0.0,Eligible
2136,31.5,D,19,2,0.08,1500.0,REJECTED,0.0,< 6 vends,REJECTED,0.0,< 4 vends,REJECTED,0.0,< 3 vends
2137,43.6,D,3,5,0.03,2000.0,REJECTED,0.0,< 6 vends,REJECTED,0.0,Eligible,REJECTED,0.0,Eligible
2138,41.6,D,10,5,0.06,2000.0,REJECTED,0.0,< 6 vends,REJECTED,0.0,Eligible,REJECTED,0.0,Eligible
2139,43.0,D,2,9,0.03,2000.0,REJECTED,0.0,Eligible,REJECTED,0.0,Eligible,REJECTED,0.0,Eligible
2140,49.4,D,1,6,0.03,3000.0,REJECTED,0.0,Eligible,REJECTED,0.0,Eligible,REJECTED,0.0,Eligible
2141,42.6,D,8,7,0.03,1875.0,REJECTED,0.0,Eligible,REJECTED,0.0,Eligible,REJECTED,0.0,Eligible
2142,31.8,D,79,0,0.08,1500.0,REJECTED,0.0,< 6 vends; > 30 days dormant,REJECTED,0.0,< 4 vends; > 45 days dormant,REJECTED,0.0,< 3 vends; > 60 days dormant
2143,41.1,D,8,7,0.12,2000.0,REJECTED,0.0,Eligible,REJECTED,0.0,Eligible,REJECTED,0.0,Eligible
2144,64.2,C,0,3,0.0,47000.0,REJECTED,0.0,< 6 vends,REJECTED,0.0,< 4 vends,APPROVED,20000.0,Eligible
2145,51.0,C,3,4,0.06,2500.0,REJECTED,0.0,< 6 vends,REJECTED,0.0,Below Min Loan Size,REJECTED,0.0,Below Min Loan Size
2146,45.1,D,1,9,0.0,2500.0,REJECTED,0.0,Eligible,REJECTED,0.0,Eligible,REJECTED,0.0,Eligible
2147,41.5,D,0,9,0.06,1500.0,REJECTED,0.0,Eligible,REJECTED,0.0,Eligible,REJECTED,0.0,Eligible
2148,46.9,D,0,7,0.07,2000.0,REJECTED,0.0,Eligible,REJECTED,0.0,Eligible,REJECTED,0.0,Eligible
2149,62.3,C,14,3,0.2,53500.0,REJECTED,0.0,< 6 vends,REJECTED,0.0,< 4 vends,APPROVED,20000.0,Eligible
2150,46.5,D,5,7,0.06,2500.0,REJECTED,0.0,Eligible,REJECTED,0.0,Eligible,REJECTED,0.0,Eligible
2151,32.3,D,2,4,0.18,1375.0,REJECTED,0.0,< 6 vends,REJECTED,0.0,Eligible,REJECTED,0.0,Eligible
2152,43.3,D,0,8,0.05,2500.0,REJECTED,0.0,Eligible,REJECTED,0.0,Eligible,REJECTED,0.0,Eligible
2153,46.2,D,10,9,0.07,2000.0,REJECTED,0.0,Eligible,REJECTED,0.0,Eligible,REJECTED,0.0,Eligible
2154,49.8,D,8,12,0.05,2000.0,REJECTED,0.0,Eligible,REJECTED,0.0,Eligible,REJECTED,0.0,Eligible
2155,37.8,D,7,4,0.1,2000.0,REJECTED,0.0,< 6 vends,REJECTED,0.0,Eligible,REJECTED,0.0,Eligible
2156,42.3,D,1,8,0.02,2000.0,REJECTED,0.0,Eligible,REJECTED,0.0,Eligible,REJECTED,0.0,Eligible
2157,40.8,D,4,10,0.09,1937.5,REJECTED,0.0,Eligible,REJECTED,0.0,Eligible,REJECTED,0.0,Eligible
2158,70.4,B,4,5,0.07,55000.0,REJECTED,0.0,< 6 vends,APPROVED,20000.0,Eligible,APPROVED,20000.0,Eligible
2159,42.3,D,11,10,0.07,2000.0,REJECTED,0.0,Eligible,REJECTED,0.0,Eligible,REJECTED,0.0,Eligible
2160,41.5,D,2,4,0.05,2000.0,REJECTED,0.0,< 6 vends,REJECTED,0.0,Eligible,REJECTED,0.0,Eligible
2161,69.8,B,1,6,0.06,56500.0,APPROVED,7500.0,Eligible,APPROVED,20000.0,Eligible,APPROVED,20000.0,Eligible
2162,45.5,D,4,7,0.09,2000.0,REJECTED,0.0,Eligible,REJECTED,0.0,Eligible,REJECTED,0.0,Eligible
2163,40.7,D,15,2,0.17,1875.0,REJECTED,0.0,< 6 vends,REJECTED,0.0,< 4 vends,REJECTED,0.0,< 3 vends
2164,34.8,D,36,3,0.12,2000.0,REJECTED,0.0,< 6 vends; > 30 days dormant,REJECTED,0.0,< 4 vends,REJECTED,0.0,Eligible
2165,38.8,D,0,8,0.05,1486.5,REJECTED,0.0,Eligible,REJECTED,0.0,Eligible,REJECTED,0.0,Eligible
2166,36.6,D,1,5,0.08,1500.0,REJECTED,0.0,< 6 vends,REJECTED,0.0,Eligible,REJECTED,0.0,Eligible
2167,70.2,B,2,9,0.1,50000.0,APPROVED,7500.0,Eligible,APPROVED,20000.0,Eligible,APPROVED,20000.0,Eligible
2168,34.8,D,66,0,0.23,2125.0,REJECTED,0.0,< 6 vends; > 30 days dormant; High Failure Rate (23%),REJECTED,0.0,< 4 vends; > 45 days dormant,REJECTED,0.0,< 3 vends; > 60 days dormant
2169,41.7,D,2,9,0.02,1937.5,REJECTED,0.0,Eligible,REJECTED,0.0,Eligible,REJECTED,0.0,Eligible
2170,74.3,B,2,14,0.02,50000.0,APPROVED,7500.0,Eligible,APPROVED,20000.0,Eligible,APPROVED,20000.0,Eligible
2171,71.4,B,0,12,0.02,48000.0,APPROVED,7500.0,Eligible,APPROVED,20000.0,Eligible,APPROVED,20000.0,Eligible
2172,44.2,D,21,2,0.14,1153.5,REJECTED,0.0,< 6 vends,REJECTED,0.0,< 4 vends,REJECTED,0.0,< 3 vends
2173,39.0,D,11,3,0.1,2000.0,REJECTED,0.0,< 6 vends,REJECTED,0.0,< 4 vends,REJECTED,0.0,Eligible
2174,40.7,D,5,9,0.03,1500.0,REJECTED,0.0,Eligible,REJECTED,0.0,Eligible,REJECTED,0.0,Eligible
2175,49.8,D,1,9,0.04,2000.0,REJECTED,0.0,Eligible,REJECTED,0.0,Eligible,REJECTED,0.0,Eligible
2176,73.9,B,5,4,0.05,73500.0,REJECTED,0.0,< 6 vends,APPROVED,20000.0,Eligible,APPROVED,20000.0,Eligible
2177,42.6,D,1,2,0.0,2750.0,REJECTED,0.0,< 6 vends,REJECTED,0.0,< 4 vends,REJECTED,0.0,< 3 vends
2178,38.5,D,2,8,0.1,1875.0,REJECTED,0.0,Eligible,REJECTED,0.0,Eligible,REJECTED,0.0,Eligible
2179,45.2,D,14,5,0.05,1997.0,REJECTED,0.0,< 6 vends,REJECTED,0.0,Eligible,REJECTED,0.0,Eligible
2180,41.6,D,8,5,0.09,2000.0,REJECTED,0.0,< 6 vends,REJECTED,0.0,Eligible,REJECTED,0.0,Eligible
2181,28.9,D,29,3,0.14,1000.0,REJECTED,0.0,< 6 vends,REJECTED,0.0,< 4 vends,REJECTED,0.0,Eligible
2182,40.4,D,4,7,0.06,1375.0,REJECTED,0.0,Eligible,REJECTED,0.0,Eligible,REJECTED,0.0,Eligible
2183,36.9,D,1,9,0.06,1500.0,REJECTED,0.0,Eligible,REJECTED,0.0,Eligible,REJECTED,0.0,Eligible
2184,46.6,D,36,2,0.0,1500.0,REJECTED,0.0,< 6 vends; > 30 days dormant,REJECTED,0.0,< 4 vends,REJECTED,0.0,< 3 vends
2185,34.2,D,3,5,0.13,2000.0,REJECTED,0.0,< 6 vends,REJECTED,0.0,Eligible,REJECTED,0.0,Eligible
2186,46.8,D,2,8,0.08,1875.0,REJECTED,0.0,Eligible,REJECTED,0.0,Eligible,REJECTED,0.0,Eligible
2187,41.3,D,9,6,0.06,2000.0,REJECTED,0.0,Eligible,REJECTED,0.0,Eligible,REJECTED,0.0,Eligible
2188,39.9,D,11,2,0.09,2672.5,REJECTED,0.0,< 6 vends,REJECTED,0.0,< 4 vends,REJECTED,0.0,< 3 vends
2189,67.4,B,4,10,0.06,50000.0,APPROVED,7500.0,Eligible,APPROVED,20000.0,Eligible,APPROVED,20000.0,Eligible
2190,43.5,D,3,2,0.05,2345.0,REJECTED,0.0,< 6 vends,REJECTED,0.0,< 4 vends,REJECTED,0.0,< 3 vends
2191,45.5,D,16,8,0.03,2500.0,REJECTED,0.0,Eligible,REJECTED,0.0,Eligible,REJECTED,0.0,Eligible
2192,36.6,D,2,2,0.06,2000.0,REJECTED,0.0,< 6 vends,REJECTED,0.0,< 4 vends,REJECTED,0.0,< 3 vends
2193,43.1,D,0,8,0.0,2000.0,REJECTED,0.0,Eligible,REJECTED,0.0,Eligible,REJECTED,0.0,Eligible
2194,42.1,D,0,6,0.07,2000.0,REJECTED,0.0,Eligible,REJECTED,0.0,Eligible,REJECTED,0.0,Eligible
2195,43.5,D,1,6,0.04,2000.0,REJECTED,0.0,Eligible,REJECTED,0.0,Eligible,REJECTED,0.0,Eligible
2196,44.5,D,10,12,0.04,2000.0,REJECTED,0.0,Eligible,REJECTED,0.0,Eligible,REJECTED,0.0,Eligible
2197,42.6,D,1,3,0.0,2000.0,REJECTED,0.0,< 6 vends,REJECTED,0.0,< 4 vends,REJECTED,0.0,Eligible
2198,44.6,D,5,2,0.08,3456.0,REJECTED,0.0,< 6 vends,REJECTED,0.0,< 4 vends,REJECTED,0.0,< 3 vends
2199,46.8,D,4,7,0.0,2000.0,REJECTED,0.0,Eligible,REJECTED,0.0,Eligible,REJECTED,0.0,Eligible
2200,33.2,D,0,3,0.09,2000.0,REJECTED,0.0,< 6 vends,REJECTED,0.0,< 4 vends,REJECTED,0.0,Eligible
2201,33.6,D,91,0,0.08,2000.0,REJECTED,0.0,< 6 vends; > 30 days dormant,REJECTED,0.0,< 4 vends; > 45 days dormant,REJECTED,0.0,< 3 vends; > 60 days dormant
2202,46.5,D,6,12,0.04,2000.0,REJECTED,0.0,Eligible,REJECTED,0.0,Eligible,REJECTED,0.0,Eligible
2203,76.8,B,0,11,0.04,180000.0,APPROVED,7500.0,Eligible,APPROVED,20000.0,Eligible,APPROVED,20000.0,Eligible
2204,43.8,D,29,1,0.0,1875.0,REJECTED,0.0,< 6 vends,REJECTED,0.0,< 4 vends,REJECTED,0.0,< 3 vends
2205,45.5,D,0,8,0.03,1750.0,REJECTED,0.0,Eligible,REJECTED,0.0,Eligible,REJECTED,0.0,Eligible
2206,44.2,D,7,4,0.03,2000.0,REJECTED,0.0,< 6 vends,REJECTED,0.0,Eligible,REJECTED,0.0,Eligible
2207,45.2,D,3,9,0.0,1500.0,REJECTED,0.0,Eligible,REJECTED,0.0,Eligible,REJECTED,0.0,Eligible
2208,61.4,C,2,2,0.08,68000.0,REJECTED,0.0,< 6 vends,REJECTED,0.0,< 4 vends,REJECTED,0.0,< 3 vends
2209,44.0,D,2,12,0.0,1875.0,REJECTED,0.0,Eligible,REJECTED,0.0,Eligible,REJECTED,0.0,Eligible
2210,41.6,D,93,0,0.09,3500.0,REJECTED,0.0,< 6 vends; > 30 days dormant,REJECTED,0.0,< 4 vends; > 45 days dormant,REJECTED,0.0,< 3 vends; > 60 days dormant
2211,39.6,D,2,9,0.05,1518.5,REJECTED,0.0,Eligible,REJECTED,0.0,Eligible,REJECTED,0.0,Eligible
2212,42.7,D,1,9,0.0,1500.0,REJECTED,0.0,Eligible,REJECTED,0.0,Eligible,REJECTED,0.0,Eligible
2213,32.7,D,61,0,0.08,1819.0,REJECTED,0.0,< 6 vends; > 30 days dormant,REJECTED,0.0,< 4 vends; > 45 days dormant,REJECTED,0.0,< 3 vends; > 60 days dormant
2214,47.7,D,3,15,0.04,2000.0,REJECTED,0.0,Eligible,REJECTED,0.0,Eligible,REJECTED,0.0,Eligible
2215,45.6,D,3,15,0.04,2000.0,REJECTED,0.0,Eligible,REJECTED,0.0,Eligible,REJECTED,0.0,Eligible
2216,42.2,D,0,7,0.02,1500.0,REJECTED,0.0,Eligible,REJECTED,0.0,Eligible,REJECTED,0.0,Eligible
2217,75.0,B,4,9,0.05,51000.0,APPROVED,7500.0,Eligible,APPROVED,20000.0,Eligible,APPROVED,20000.0,Eligible
2218,33.8,D,4,4,0.15,1500.0,REJECTED,0.0,< 6 vends,REJECTED,0.0,Eligible,REJECTED,0.0,Eligible
2219,35.5,D,0,4,0.0,2000.0,REJECTED,0.0,< 6 vends,REJECTED,0.0,Eligible,REJECTED,0.0,Eligible
2220,45.3,D,12,14,0.1,2000.0,REJECTED,0.0,Eligible,REJECTED,0.0,Eligible,REJECTED,0.0,Eligible
2221,42.3,D,2,13,0.05,2000.0,REJECTED,0.0,Eligible,REJECTED,0.0,Eligible,REJECTED,0.0,Eligible
2222,31.5,D,1,2,0.17,1250.0,REJECTED,0.0,< 6 vends,REJECTED,0.0,< 4 vends,REJECTED,0.0,< 3 vends
2223,72.3,B,0,8,0.07,68000.0,APPROVED,7500.0,Eligible,APPROVED,20000.0,Eligible,APPROVED,20000.0,Eligible
2224,73.8,B,0,15,0.07,53500.0,APPROVED,7500.0,Eligible,APPROVED,20000.0,Eligible,APPROVED,20000.0,Eligible
2225,46.1,D,0,11,0.06,1875.0,REJECTED,0.0,Eligible,REJECTED,0.0,Eligible,REJECTED,0.0,Eligible
2226,34.3,D,0,4,0.12,1500.0,REJECTED,0.0,< 6 vends,REJECTED,0.0,Eligible,REJECTED,0.0,Eligible
2227,32.7,D,18,3,0.11,1484.0,REJECTED,0.0,< 6 vends,REJECTED,0.0,< 4 vends,REJECTED,0.0,Eligible
2228,46.8,D,0,6,0.0,2000.0,REJECTED,0.0,Eligible,REJECTED,0.0,Eligible,REJECTED,0.0,Eligible
2229,45.4,D,14,3,0.1,1625.0,REJECTED,0.0,< 6 vends,REJECTED,0.0,< 4 vends,REJECTED,0.0,Eligible
2230,39.8,D,11,3,0.04,1849.0,REJECTED,0.0,< 6 vends,REJECTED,0.0,< 4 vends,REJECTED,0.0,Eligible
2231,43.7,D,7,14,0.0,2000.0,REJECTED,0.0,Eligible,REJECTED,0.0,Eligible,REJECTED,0.0,Eligible
2232,77.0,B,5,13,0.02,56500.0,APPROVED,7500.0,Eligible,APPROVED,20000.0,Eligible,APPROVED,20000.0,Eligible
2233,42.5,D,18,5,0.0,2000.0,REJECTED,0.0,< 6 vends,REJECTED,0.0,Eligible,REJECTED,0.0,Eligible
2234,44.0,D,0,11,0.1,2000.0,REJECTED,0.0,Eligible,REJECTED,0.0,Eligible,REJECTED,0.0,Eligible
2235,41.1,D,1,8,0.03,1812.5,REJECTED,0.0,Eligible,REJECTED,0.0,Eligible,REJECTED,0.0,Eligible
2236,38.9,D,5,2,0.22,2000.0,REJECTED,0.0,< 6 vends; High Failure Rate (22%),REJECTED,0.0,< 4 vends,REJECTED,0.0,< 3 vends
2237,39.2,D,15,9,0.05,1500.0,REJECTED,0.0,Eligible,REJECTED,0.0,Eligible,REJECTED,0.0,Eligible
2238,42.8,D,3,10,0.02,2000.0,REJECTED,0.0,Eligible,REJECTED,0.0,Eligible,REJECTED,0.0,Eligible
2239,45.6,D,8,6,0.07,1500.0,REJECTED,0.0,Eligible,REJECTED,0.0,Eligible,REJECTED,0.0,Eligible
2240,33.9,D,23,3,0.14,2000.0,REJECTED,0.0,< 6 vends,REJECTED,0.0,< 4 vends,REJECTED,0.0,Eligible
2241,44.6,D,4,9,0.06,1500.0,REJECTED,0.0,Eligible,REJECTED,0.0,Eligible,REJECTED,0.0,Eligible
2242,41.8,D,3,9,0.07,2000.0,REJECTED,0.0,Eligible,REJECTED,0.0,Eligible,REJECTED,0.0,Eligible
2243,46.2,D,1,10,0.05,2000.0,REJECTED,0.0,Eligible,REJECTED,0.0,Eligible,REJECTED,0.0,Eligible
2244,44.6,D,2,9,0.06,2000.0,REJECTED,0.0,Eligible,REJECTED,0.0,Eligible,REJECTED,0.0,Eligible
2245,72.4,B,0,12,0.06,50000.0,APPROVED,7500.0,Eligible,APPROVED,20000.0,Eligible,APPROVED,20000.0,Eligible
2246,46.2,D,0,7,0.05,1999.5,REJECTED,0.0,Eligible,REJECTED,0.0,Eligible,REJECTED,0.0,Eligible
2247,44.8,D,5,10,0.06,2000.0,REJECTED,0.0,Eligible,REJECTED,0.0,Eligible,REJECTED,0.0,Eligible
2248,32.9,D,1,3,0.2,1364.5,REJECTED,0.0,< 6 vends,REJECTED,0.0,< 4 vends,REJECTED,0.0,Eligible
2249,49.4,D,1,14,0.06,2422.5,REJECTED,0.0,Eligible,REJECTED,0.0,Eligible,REJECTED,0.0,Eligible
2250,42.2,D,42,1,0.0,2500.0,REJECTED,0.0,< 6 vends; > 30 days dormant,REJECTED,0.0,< 4 vends,REJECTED,0.0,< 3 vends
2251,39.3,D,0,8,0.05,1500.0,REJECTED,0.0,Eligible,REJECTED,0.0,Eligible,REJECTED,0.0,Eligible
2252,69.4,B,4,4,0.03,171133.0,REJECTED,0.0,< 6 vends,APPROVED,20000.0,Eligible,APPROVED,20000.0,Eligible
2253,68.2,B,3,7,0.03,54000.0,APPROVED,7500.0,Eligible,APPROVED,20000.0,Eligible,APPROVED,20000.0,Eligible
2254,49.5,D,7,9,0.05,3000.0,REJECTED,0.0,Eligible,REJECTED,0.0,Eligible,REJECTED,0.0,Eligible
2255,44.8,D,1,11,0.06,1750.0,REJECTED,0.0,Eligible,REJECTED,0.0,Eligible,REJECTED,0.0,Eligible
2256,38.3,D,0,3,0.15,1687.5,REJECTED,0.0,< 6 vends,REJECTED,0.0,< 4 vends,REJECTED,0.0,Eligible
2257,47.2,D,2,3,0.25,2495.5,REJECTED,0.0,< 6 vends; High Failure Rate (25%),REJECTED,0.0,< 4 vends,REJECTED,0.0,Eligible
2258,31.4,D,0,2,0.0,1500.0,REJECTED,0.0,< 6 vends,REJECTED,0.0,< 4 vends,REJECTED,0.0,< 3 vends
2259,62.1,C,0,1,0.18,41500.0,REJECTED,0.0,< 6 vends,REJECTED,0.0,< 4 vends,REJECTED,0.0,< 3 vends
2260,41.7,D,21,3,0.0,2500.0,REJECTED,0.0,< 6 vends,REJECTED,0.0,< 4 vends,REJECTED,0.0,Eligible
2261,44.7,D,16,6,0.02,2000.0,REJECTED,0.0,Eligible,REJECTED,0.0,Eligible,REJECTED,0.0,Eligible
2262,44.6,D,0,10,0.05,2000.0,REJECTED,0.0,Eligible,REJECTED,0.0,Eligible,REJECTED,0.0,Eligible
2263,40.8,D,25,3,0.0,2000.0,REJECTED,0.0,< 6 vends,REJECTED,0.0,< 4 vends,REJECTED,0.0,Eligible
2264,39.8,D,1,8,0.05,1493.0,REJECTED,0.0,Eligible,REJECTED,0.0,Eligible,REJECTED,0.0,Eligible
2265,43.1,D,1,5,0.07,2000.0,REJECTED,0.0,< 6 vends,REJECTED,0.0,Eligible,REJECTED,0.0,Eligible
2266,44.7,D,10,4,0.0,2000.0,REJECTED,0.0,< 6 vends,REJECTED,0.0,Eligible,REJECTED,0.0,Eligible
2267,43.2,D,0,16,0.02,1634.5,REJECTED,0.0,Eligible,REJECTED,0.0,Eligible,REJECTED,0.0,Eligible
2268,49.0,D,2,5,0.0,2000.0,REJECTED,0.0,< 6 vends,REJECTED,0.0,Eligible,REJECTED,0.0,Eligible
2269,48.1,D,0,8,0.06,2000.0,REJECTED,0.0,Eligible,REJECTED,0.0,Eligible,REJECTED,0.0,Eligible
2270,49.0,D,18,7,0.04,2017.5,REJECTED,0.0,Eligible,REJECTED,0.0,Eligible,REJECTED,0.0,Eligible
2271,33.2,D,2,5,0.14,1500.0,REJECTED,0.0,< 6 vends,REJECTED,0.0,Eligible,REJECTED,0.0,Eligible
2272,64.8,C,16,2,0.1,180000.0,REJECTED,0.0,< 6 vends,REJECTED,0.0,< 4 vends,REJECTED,0.0,< 3 vends
2273,45.9,D,4,15,0.02,2000.0,REJECTED,0.0,Eligible,REJECTED,0.0,Eligible,REJECTED,0.0,Eligible
2274,32.6,D,72,0,0.2,2000.0,REJECTED,0.0,< 6 vends; > 30 days dormant,REJECTED,0.0,< 4 vends; > 45 days dormant,REJECTED,0.0,< 3 vends; > 60 days dormant
2275,41.1,D,16,7,0.07,2500.0,REJECTED,0.0,Eligible,REJECTED,0.0,Eligible,REJECTED,0.0,Eligible
2276,40.7,D,7,7,0.08,2000.0,REJECTED,0.0,Eligible,REJECTED,0.0,Eligible,REJECTED,0.0,Eligible
2277,38.1,D,2,7,0.09,1750.0,REJECTED,0.0,Eligible,REJECTED,0.0,Eligible,REJECTED,0.0,Eligible
2278,43.6,D,4,7,0.06,2000.0,REJECTED,0.0,Eligible,REJECTED,0.0,Eligible,REJECTED,0.0,Eligible
2279,44.1,D,64,0,0.08,3000.0,REJECTED,0.0,< 6 vends; > 30 days dormant,REJECTED,0.0,< 4 vends; > 45 days dormant,REJECTED,0.0,< 3 vends; > 60 days dormant
2280,36.1,D,2,6,0.05,2000.0,REJECTED,0.0,Eligible,REJECTED,0.0,Eligible,REJECTED,0.0,Eligible
2281,69.5,B,12,8,0.07,40000.0,APPROVED,7500.0,Eligible,APPROVED,20000.0,Eligible,APPROVED,20000.0,Eligible
2282,42.9,D,8,2,0.08,1750.0,REJECTED,0.0,< 6 vends,REJECTED,0.0,< 4 vends,REJECTED,0.0,< 3 vends
2283,46.3,D,3,12,0.02,2000.0,REJECTED,0.0,Eligible,REJECTED,0.0,Eligible,REJECTED,0.0,Eligible
2284,40.2,D,13,6,0.05,1875.0,REJECTED,0.0,Eligible,REJECTED,0.0,Eligible,REJECTED,0.0,Eligible
2285,42.0,D,11,4,0.0,2000.0,REJECTED,0.0,< 6 vends,REJECTED,0.0,Eligible,REJECTED,0.0,Eligible
2286,43.4,D,2,7,0.09,2000.0,REJECTED,0.0,Eligible,REJECTED,0.0,Eligible,REJECTED,0.0,Eligible
2287,47.4,D,3,6,0.04,2000.0,REJECTED,0.0,Eligible,REJECTED,0.0,Eligible,REJECTED,0.0,Eligible
2288,46.4,D,5,8,0.02,2000.0,REJECTED,0.0,Eligible,REJECTED,0.0,Eligible,REJECTED,0.0,Eligible
2289,43.1,D,1,5,0.05,2000.0,REJECTED,0.0,< 6 vends,REJECTED,0.0,Eligible,REJECTED,0.0,Eligible
2290,68.6,B,0,7,0.08,48500.0,APPROVED,7500.0,Eligible,APPROVED,20000.0,Eligible,APPROVED,20000.0,Eligible
2291,32.7,D,4,3,0.0,1750.0,REJECTED,0.0,< 6 vends,REJECTED,0.0,< 4 vends,REJECTED,0.0,Eligible
2292,43.0,D,0,12,0.12,1500.0,REJECTED,0.0,Eligible,REJECTED,0.0,Eligible,REJECTED,0.0,Eligible
2293,44.5,D,2,9,0.06,2750.0,REJECTED,0.0,Eligible,REJECTED,0.0,Eligible,REJECTED,0.0,Eligible
2294,62.4,C,9,3,0.14,59000.0,REJECTED,0.0,< 6 vends,REJECTED,0.0,< 4 vends,APPROVED,20000.0,Eligible
2295,39.5,D,0,7,0.06,2000.0,REJECTED,0.0,Eligible,REJECTED,0.0,Eligible,REJECTED,0.0,Eligible
2296,45.5,D,2,13,0.04,1915.0,REJECTED,0.0,Eligible,REJECTED,0.0,Eligible,REJECTED,0.0,Eligible
2297,47.2,D,4,12,0.06,2000.0,REJECTED,0.0,Eligible,REJECTED,0.0,Eligible,REJECTED,0.0,Eligible
2298,70.8,B,5,6,0.0,180000.0,APPROVED,7500.0,Eligible,APPROVED,20000.0,Eligible,APPROVED,20000.0,Eligible
2299,48.4,D,5,5,0.02,2000.0,REJECTED,0.0,< 6 vends,REJECTED,0.0,Eligible,REJECTED,0.0,Eligible
2300,70.4,B,5,6,0.1,78000.0,APPROVED,7500.0,Eligible,APPROVED,20000.0,Eligible,APPROVED,20000.0,Eligible
2301,32.4,D,2,4,0.06,1500.0,REJECTED,0.0,< 6 vends,REJECTED,0.0,Eligible,REJECTED,0.0,Eligible
2302,45.7,D,25,5,0.04,2000.0,REJECTED,0.0,< 6 vends,REJECTED,0.0,Eligible,REJECTED,0.0,Eligible
2303,41.7,D,2,7,0.06,2245.5,REJECTED,0.0,Eligible,REJECTED,0.0,Eligible,REJECTED,0.0,Eligible
2304,45.9,D,0,9,0.02,2000.0,REJECTED,0.0,Eligible,REJECTED,0.0,Eligible,REJECTED,0.0,Eligible
2305,38.1,D,11,3,0.15,1971.5,REJECTED,0.0,< 6 vends,REJECTED,0.0,< 4 vends,REJECTED,0.0,Eligible
2306,32.4,D,4,4,0.0,1500.0,REJECTED,0.0,< 6 vends,REJECTED,0.0,Eligible,REJECTED,0.0,Eligible
2307,37.1,D,0,7,0.15,1750.0,REJECTED,0.0,Eligible,REJECTED,0.0,Eligible,REJECTED,0.0,Eligible
2308,47.1,D,0,11,0.04,2000.0,REJECTED,0.0,Eligible,REJECTED,0.0,Eligible,REJECTED,0.0,Eligible
2309,69.5,B,0,6,0.18,180000.0,APPROVED,7500.0,Eligible,APPROVED,20000.0,Eligible,APPROVED,20000.0,Eligible
2310,43.8,D,3,6,0.04,2500.0,REJECTED,0.0,Eligible,REJECTED,0.0,Eligible,REJECTED,0.0,Eligible
2311,44.0,D,0,11,0.07,1500.0,REJECTED,0.0,Eligible,REJECTED,0.0,Eligible,REJECTED,0.0,Eligible
2312,32.4,D,2,6,0.15,1005.0,REJECTED,0.0,Eligible,REJECTED,0.0,Eligible,REJECTED,0.0,Eligible
2313,45.9,D,5,14,0.0,2000.0,REJECTED,0.0,Eligible,REJECTED,0.0,Eligible,REJECTED,0.0,Eligible
2314,43.8,D,8,12,0.02,1500.0,REJECTED,0.0,Eligible,REJECTED,0.0,Eligible,REJECTED,0.0,Eligible
2315,67.3,B,3,7,0.0,74000.0,APPROVED,7500.0,Eligible,APPROVED,20000.0,Eligible,APPROVED,20000.0,Eligible
2316,46.4,D,4,11,0.05,1937.5,REJECTED,0.0,Eligible,REJECTED,0.0,Eligible,REJECTED,0.0,Eligible
2317,45.5,D,4,5,0.1,2000.0,REJECTED,0.0,< 6 vends,REJECTED,0.0,Eligible,REJECTED,0.0,Eligible
2318,36.4,D,6,3,0.12,2000.0,REJECTED,0.0,< 6 vends,REJECTED,0.0,< 4 vends,REJECTED,0.0,Eligible
2319,73.6,B,1,5,0.06,50000.0,REJECTED,0.0,< 6 vends,APPROVED,20000.0,Eligible,APPROVED,20000.0,Eligible
2320,49.2,D,1,12,0.02,2000.0,REJECTED,0.0,Eligible,REJECTED,0.0,Eligible,REJECTED,0.0,Eligible
2321,44.2,D,0,15,0.02,1500.0,REJECTED,0.0,Eligible,REJECTED,0.0,Eligible,REJECTED,0.0,Eligible
2322,39.0,D,18,3,0.06,2000.0,REJECTED,0.0,< 6 vends,REJECTED,0.0,< 4 vends,REJECTED,0.0,Eligible
2323,38.1,D,9,2,0.13,1937.5,REJECTED,0.0,< 6 vends,REJECTED,0.0,< 4 vends,REJECTED,0.0,< 3 vends
2324,32.1,D,0,2,0.08,1500.0,REJECTED,0.0,< 6 vends,REJECTED,0.0,< 4 vends,REJECTED,0.0,< 3 vends
2325,42.9,D,1,7,0.03,2047.5,REJECTED,0.0,Eligible,REJECTED,0.0,Eligible,REJECTED,0.0,Eligible
2326,40.4,D,0,3,0.18,1878.0,REJECTED,0.0,< 6 vends,REJECTED,0.0,< 4 vends,REJECTED,0.0,Eligible
2327,46.9,D,0,11,0.0,2000.0,REJECTED,0.0,Eligible,REJECTED,0.0,Eligible,REJECTED,0.0,Eligible
2328,46.5,D,2,11,0.03,2000.0,REJECTED,0.0,Eligible,REJECTED,0.0,Eligible,REJECTED,0.0,Eligible
2329,46.7,D,1,13,0.04,2000.0,REJECTED,0.0,Eligible,REJECTED,0.0,Eligible,REJECTED,0.0,Eligible
2330,43.8,D,2,4,0.05,2529.0,REJECTED,0.0,< 6 vends,REJECTED,0.0,Eligible,REJECTED,0.0,Eligible
2331,46.2,D,0,7,0.03,2000.0,REJECTED,0.0,Eligible,REJECTED,0.0,Eligible,REJECTED,0.0,Eligible
2332,46.7,D,3,7,0.04,2000.0,REJECTED,0.0,Eligible,REJECTED,0.0,Eligible,REJECTED,0.0,Eligible
2333,28.3,D,0,2,0.18,1079.0,REJECTED,0.0,< 6 vends,REJECTED,0.0,< 4 vends,REJECTED,0.0,< 3 vends
2334,41.8,D,2,5,0.03,2000.0,REJECTED,0.0,< 6 vends,REJECTED,0.0,Eligible,REJECTED,0.0,Eligible
2335,38.0,D,35,4,0.23,2345.0,REJECTED,0.0,< 6 vends; > 30 days dormant; High Failure Rate (23%),REJECTED,0.0,Eligible,REJECTED,0.0,Eligible
2336,46.7,D,1,3,0.0,2720.5,REJECTED,0.0,< 6 vends,REJECTED,0.0,< 4 vends,REJECTED,0.0,Eligible
2337,73.1,B,4,8,0.02,50000.0,APPROVED,7500.0,Eligible,APPROVED,20000.0,Eligible,APPROVED,20000.0,Eligible
2338,45.4,D,18,5,0.08,2000.0,REJECTED,0.0,< 6 vends,REJECTED,0.0,Eligible,REJECTED,0.0,Eligible
2339,38.4,D,1,9,0.11,1750.0,REJECTED,0.0,Eligible,REJECTED,0.0,Eligible,REJECTED,0.0,Eligible
2340,31.1,D,4,1,0.08,1500.0,REJECTED,0.0,< 6 vends,REJECTED,0.0,< 4 vends,REJECTED,0.0,< 3 vends
2341,71.3,B,0,7,0.03,74000.0,APPROVED,7500.0,Eligible,APPROVED,20000.0,Eligible,APPROVED,20000.0,Eligible
2342,72.8,B,3,7,0.07,180000.0,APPROVED,7500.0,Eligible,APPROVED,20000.0,Eligible,APPROVED,20000.0,Eligible
2343,73.4,B,2,8,0.04,40000.0,APPROVED,7500.0,Eligible,APPROVED,20000.0,Eligible,APPROVED,20000.0,Eligible
2344,47.1,D,1,10,0.13,2500.0,REJECTED,0.0,Eligible,REJECTED,0.0,Eligible,REJECTED,0.0,Eligible
2345,38.8,D,4,8,0.03,1500.0,REJECTED,0.0,Eligible,REJECTED,0.0,Eligible,REJECTED,0.0,Eligible
2346,40.5,D,26,5,0.06,2000.0,REJECTED,0.0,< 6 vends,REJECTED,0.0,Eligible,REJECTED,0.0,Eligible
2347,71.0,B,1,9,0.0,50000.0,APPROVED,7500.0,Eligible,APPROVED,20000.0,Eligible,APPROVED,20000.0,Eligible
2348,64.6,C,18,3,0.11,70000.0,REJECTED,0.0,< 6 vends,REJECTED,0.0,< 4 vends,APPROVED,20000.0,Eligible
2349,68.2,B,4,4,0.07,152733.0,REJECTED,0.0,< 6 vends,APPROVED,20000.0,Eligible,APPROVED,20000.0,Eligible
2350,53.8,C,16,5,0.09,2875.0,REJECTED,0.0,< 6 vends,REJECTED,0.0,Below Min Loan Size,APPROVED,2156.0,Eligible
2351,50.1,C,5,10,0.02,2254.5,REJECTED,0.0,Below Min Loan Size,REJECTED,0.0,Below Min Loan Size,REJECTED,0.0,Below Min Loan Size
2352,40.4,D,1,7,0.04,1500.0,REJECTED,0.0,Eligible,REJECTED,0.0,Eligible,REJECTED,0.0,Eligible
2353,37.2,D,0,3,0.17,1987.0,REJECTED,0.0,< 6 vends,REJECTED,0.0,< 4 vends,REJECTED,0.0,Eligible
2354,42.5,D,2,7,0.07,2000.0,REJECTED,0.0,Eligible,REJECTED,0.0,Eligible,REJECTED,0.0,Eligible
2355,45.7,D,4,1,0.15,3000.0,REJECTED,0.0,< 6 vends,REJECTED,0.0,< 4 vends,REJECTED,0.0,< 3 vends
2356,38.4,D,9,2,0.0,2062.0,REJECTED,0.0,< 6 vends,REJECTED,0.0,< 4 vends,REJECTED,0.0,< 3 vends
2357,44.2,D,2,5,0.02,2000.0,REJECTED,0.0,< 6 vends,REJECTED,0.0,Eligible,REJECTED,0.0,Eligible
2358,39.4,D,0,7,0.05,1500.0,REJECTED,0.0,Eligible,REJECTED,0.0,Eligible,REJECTED,0.0,Eligible
2359,31.7,D,26,2,0.19,1500.0,REJECTED,0.0,< 6 vends,REJECTED,0.0,< 4 vends,REJECTED,0.0,< 3 vends
2360,51.7,C,3,13,0.04,2000.0,REJECTED,0.0,Below Min Loan Size,REJECTED,0.0,Below Min Loan Size,REJECTED,0.0,Below Min Loan Size
2361,51.7,C,0,10,0.07,2750.0,REJECTED,0.0,Below Min Loan Size,REJECTED,0.0,Below Min Loan Size,APPROVED,2062.0,Eligible
2362,40.9,D,4,8,0.1,1500.0,REJECTED,0.0,Eligible,REJECTED,0.0,Eligible,REJECTED,0.0,Eligible
2363,44.4,D,3,21,0.06,2000.0,REJECTED,0.0,Eligible,REJECTED,0.0,Eligible,REJECTED,0.0,Eligible
2364,42.6,D,4,9,0.0,2000.0,REJECTED,0.0,Eligible,REJECTED,0.0,Eligible,REJECTED,0.0,Eligible
2365,45.8,D,2,10,0.07,1992.0,REJECTED,0.0,Eligible,REJECTED,0.0,Eligible,REJECTED,0.0,Eligible
2366,45.0,D,1,4,0.11,2000.0,REJECTED,0.0,< 6 vends,REJECTED,0.0,Eligible,REJECTED,0.0,Eligible
2367,66.6,B,18,4,0.04,61000.0,REJECTED,0.0,< 6 vends,APPROVED,20000.0,Eligible,APPROVED,20000.0,Eligible
2368,44.4,D,1,13,0.02,2000.0,REJECTED,0.0,Eligible,REJECTED,0.0,Eligible,REJECTED,0.0,Eligible
2369,42.4,D,12,7,0.08,2000.0,REJECTED,0.0,Eligible,REJECTED,0.0,Eligible,REJECTED,0.0,Eligible
2370,30.5,D,22,2,0.15,1250.0,REJECTED,0.0,< 6 vends,REJECTED,0.0,< 4 vends,REJECTED,0.0,< 3 vends
2371,47.5,D,2,9,0.0,2327.0,REJECTED,0.0,Eligible,REJECTED,0.0,Eligible,REJECTED,0.0,Eligible
2372,58.9,C,35,1,0.08,34000.0,REJECTED,0.0,< 6 vends; > 30 days dormant,REJECTED,0.0,< 4 vends,REJECTED,0.0,< 3 vends
2373,33.4,D,7,1,0.18,1625.0,REJECTED,0.0,< 6 vends,REJECTED,0.0,< 4 vends,REJECTED,0.0,< 3 vends
2374,38.8,D,3,2,0.0,1500.0,REJECTED,0.0,< 6 vends,REJECTED,0.0,< 4 vends,REJECTED,0.0,< 3 vends
2375,34.8,D,47,1,0.09,1234.0,REJECTED,0.0,< 6 vends; > 30 days dormant,REJECTED,0.0,< 4 vends; > 45 days dormant,REJECTED,0.0,< 3 vends
2376,35.8,D,15,1,0.07,1750.0,REJECTED,0.0,< 6 vends,REJECTED,0.0,< 4 vends,REJECTED,0.0,< 3 vends
2377,50.0,C,6,10,0.02,2346.0,REJECTED,0.0,Below Min Loan Size,REJECTED,0.0,Below Min Loan Size,REJECTED,0.0,Below Min Loan Size
2378,49.5,D,0,6,0.0,2398.0,REJECTED,0.0,Eligible,REJECTED,0.0,Eligible,REJECTED,0.0,Eligible
2379,40.5,D,0,4,0.04,1638.0,REJECTED,0.0,< 6 vends,REJECTED,0.0,Eligible,REJECTED,0.0,Eligible
2380,33.7,D,3,2,0.0,1750.0,REJECTED,0.0,< 6 vends,REJECTED,0.0,< 4 vends,REJECTED,0.0,< 3 vends
2381,47.7,D,2,7,0.06,2072.5,REJECTED,0.0,Eligible,REJECTED,0.0,Eligible,REJECTED,0.0,Eligible
2382,71.1,B,0,3,0.05,58000.0,REJECTED,0.0,< 6 vends,REJECTED,0.0,< 4 vends,APPROVED,20000.0,Eligible
2383,35.3,D,5,2,0.13,1000.0,REJECTED,0.0,< 6 vends,REJECTED,0.0,< 4 vends,REJECTED,0.0,< 3 vends
2384,47.6,D,1,12,0.04,2000.0,REJECTED,0.0,Eligible,REJECTED,0.0,Eligible,REJECTED,0.0,Eligible
2385,69.0,B,3,9,0.07,49000.0,APPROVED,7500.0,Eligible,APPROVED,20000.0,Eligible,APPROVED,20000.0,Eligible
2386,36.5,D,18,3,0.14,1375.0,REJECTED,0.0,< 6 vends,REJECTED,0.0,< 4 vends,REJECTED,0.0,Eligible
2387,39.9,D,31,3,0.05,1500.0,REJECTED,0.0,< 6 vends; > 30 days dormant,REJECTED,0.0,< 4 vends,REJECTED,0.0,Eligible
2388,45.2,D,3,7,0.09,1875.0,REJECTED,0.0,Eligible,REJECTED,0.0,Eligible,REJECTED,0.0,Eligible
2389,45.2,D,3,9,0.04,2000.0,REJECTED,0.0,Eligible,REJECTED,0.0,Eligible,REJECTED,0.0,Eligible
2390,71.5,B,3,7,0.0,49000.0,APPROVED,7500.0,Eligible,APPROVED,20000.0,Eligible,APPROVED,20000.0,Eligible
2391,33.1,D,123,0,0.17,2000.0,REJECTED,0.0,< 6 vends; > 30 days dormant,REJECTED,0.0,< 4 vends; > 45 days dormant,REJECTED,0.0,< 3 vends; > 60 days dormant
2392,47.4,D,0,6,0.13,2000.0,REJECTED,0.0,Eligible,REJECTED,0.0,Eligible,REJECTED,0.0,Eligible
2393,66.1,B,3,6,0.08,50500.0,APPROVED,7500.0,Eligible,APPROVED,20000.0,Eligible,APPROVED,20000.0,Eligible
2394,44.0,D,0,5,0.1,1875.0,REJECTED,0.0,< 6 vends,REJECTED,0.0,Eligible,REJECTED,0.0,Eligible
2395,39.3,D,6,6,0.11,1875.0,REJECTED,0.0,Eligible,REJECTED,0.0,Eligible,REJECTED,0.0,Eligible
2396,45.4,D,26,3,0.04,2500.0,REJECTED,0.0,< 6 vends,REJECTED,0.0,< 4 vends,REJECTED,0.0,Eligible
2397,34.8,D,50,1,0.12,2000.0,REJECTED,0.0,< 6 vends; > 30 days dormant,REJECTED,0.0,< 4 vends; > 45 days dormant,REJECTED,0.0,< 3 vends
2398,37.5,D,2,2,0.09,1500.0,REJECTED,0.0,< 6 vends,REJECTED,0.0,< 4 vends,REJECTED,0.0,< 3 vends
2399,39.0,D,5,6,0.12,2000.0,REJECTED,0.0,Eligible,REJECTED,0.0,Eligible,REJECTED,0.0,Eligible
2400,62.4,C,24,3,0.07,64000.0,REJECTED,0.0,< 6 vends,REJECTED,0.0,< 4 vends,APPROVED,20000.0,Eligible
2401,38.5,D,2,6,0.02,1250.0,REJECTED,0.0,Eligible,REJECTED,0.0,Eligible,REJECTED,0.0,Eligible
2402,44.0,D,9,8,0.07,2000.0,REJECTED,0.0,Eligible,REJECTED,0.0,Eligible,REJECTED,0.0,Eligible
2403,45.3,D,0,5,0.07,2000.0,REJECTED,0.0,< 6 vends,REJECTED,0.0,Eligible,REJECTED,0.0,Eligible
2404,41.9,D,0,4,0.08,2000.0,REJECTED,0.0,< 6 vends,REJECTED,0.0,Eligible,REJECTED,0.0,Eligible
2405,74.4,B,0,11,0.04,55000.0,APPROVED,7500.0,Eligible,APPROVED,20000.0,Eligible,APPROVED,20000.0,Eligible
2406,41.2,D,3,8,0.07,1500.0,REJECTED,0.0,Eligible,REJECTED,0.0,Eligible,REJECTED,0.0,Eligible
2407,40.6,D,0,6,0.02,1500.0,REJECTED,0.0,Eligible,REJECTED,0.0,Eligible,REJECTED,0.0,Eligible
2408,34.4,D,0,3,0.07,2000.0,REJECTED,0.0,< 6 vends,REJECTED,0.0,< 4 vends,REJECTED,0.0,Eligible
2409,40.3,D,4,2,0.08,2000.0,REJECTED,0.0,< 6 vends,REJECTED,0.0,< 4 vends,REJECTED,0.0,< 3 vends
2410,49.7,D,3,13,0.04,2000.0,REJECTED,0.0,Eligible,REJECTED,0.0,Eligible,REJECTED,0.0,Eligible
2411,65.1,B,2,5,0.14,50000.0,REJECTED,0.0,< 6 vends,APPROVED,20000.0,Eligible,APPROVED,20000.0,Eligible
2412,34.6,D,3,5,0.09,1625.0,REJECTED,0.0,< 6 vends,REJECTED,0.0,Eligible,REJECTED,0.0,Eligible
2413,41.6,D,22,4,0.14,2000.0,REJECTED,0.0,< 6 vends,REJECTED,0.0,Eligible,REJECTED,0.0,Eligible
2414,71.4,B,0,9,0.05,59000.0,APPROVED,7500.0,Eligible,APPROVED,20000.0,Eligible,APPROVED,20000.0,Eligible
2415,48.2,D,3,9,0.07,2000.0,REJECTED,0.0,Eligible,REJECTED,0.0,Eligible,REJECTED,0.0,Eligible
2416,41.9,D,3,9,0.0,2000.0,REJECTED,0.0,Eligible,REJECTED,0.0,Eligible,REJECTED,0.0,Eligible
2417,35.7,D,5,4,0.0,2000.0,REJECTED,0.0,< 6 vends,REJECTED,0.0,Eligible,REJECTED,0.0,Eligible
2418,73.3,B,5,11,0.04,60000.0,APPROVED,7500.0,Eligible,APPROVED,20000.0,Eligible,APPROVED,20000.0,Eligible
2419,76.7,B,1,8,0.0,180000.0,APPROVED,7500.0,Eligible,APPROVED,20000.0,Eligible,APPROVED,20000.0,Eligible
2420,42.4,D,2,10,0.02,1625.0,REJECTED,0.0,Eligible,REJECTED,0.0,Eligible,REJECTED,0.0,Eligible
2421,75.3,B,4,12,0.02,180000.0,APPROVED,7500.0,Eligible,APPROVED,20000.0,Eligible,APPROVED,20000.0,Eligible
2422,43.1,D,3,4,0.09,2500.0,REJECTED,0.0,< 6 vends,REJECTED,0.0,Eligible,REJECTED,0.0,Eligible
2423,39.4,D,1,10,0.05,1488.0,REJECTED,0.0,Eligible,REJECTED,0.0,Eligible,REJECTED,0.0,Eligible
2424,47.4,D,4,13,0.0,1750.0,REJECTED,0.0,Eligible,REJECTED,0.0,Eligible,REJECTED,0.0,Eligible
2425,44.3,D,2,7,0.02,2000.0,REJECTED,0.0,Eligible,REJECTED,0.0,Eligible,REJECTED,0.0,Eligible
2426,58.2,C,61,0,0.0,55000.0,REJECTED,0.0,< 6 vends; > 30 days dormant,REJECTED,0.0,< 4 vends; > 45 days dormant,REJECTED,0.0,< 3 vends; > 60 days dormant
2427,43.8,D,3,2,0.14,1367.0,REJECTED,0.0,< 6 vends,REJECTED,0.0,< 4 vends,REJECTED,0.0,< 3 vends
2428,70.3,B,17,2,0.1,74000.0,REJECTED,0.0,< 6 vends,REJECTED,0.0,< 4 vends,REJECTED,0.0,< 3 vends
2429,66.4,B,11,4,0.12,50000.0,REJECTED,0.0,< 6 vends,APPROVED,20000.0,Eligible,APPROVED,20000.0,Eligible
2430,36.5,D,0,4,0.06,1375.0,REJECTED,0.0,< 6 vends,REJECTED,0.0,Eligible,REJECTED,0.0,Eligible
2431,66.2,B,2,5,0.07,45000.0,REJECTED,0.0,< 6 vends,APPROVED,20000.0,Eligible,APPROVED,20000.0,Eligible
2432,71.0,B,2,7,0.07,60000.0,APPROVED,7500.0,Eligible,APPROVED,20000.0,Eligible,APPROVED,20000.0,Eligible
2433,44.9,D,1,17,0.02,1500.0,REJECTED,0.0,Eligible,REJECTED,0.0,Eligible,REJECTED,0.0,Eligible
2434,46.8,D,0,17,0.07,1875.0,REJECTED,0.0,Eligible,REJECTED,0.0,Eligible,REJECTED,0.0,Eligible
2435,37.0,D,0,5,0.15,2000.0,REJECTED,0.0,< 6 vends,REJECTED,0.0,Eligible,REJECTED,0.0,Eligible
2436,38.9,D,5,4,0.0,3000.0,REJECTED,0.0,< 6 vends,REJECTED,0.0,Eligible,REJECTED,0.0,Eligible
2437,71.1,B,0,6,0.03,50000.0,APPROVED,7500.0,Eligible,APPROVED,20000.0,Eligible,APPROVED,20000.0,Eligible
2438,28.9,D,12,3,0.0,1000.0,REJECTED,0.0,< 6 vends,REJECTED,0.0,< 4 vends,REJECTED,0.0,Eligible
2439,38.4,D,4,1,0.0,2000.0,REJECTED,0.0,< 6 vends,REJECTED,0.0,< 4 vends,REJECTED,0.0,< 3 vends
2440,36.7,D,4,6,0.12,1888.0,REJECTED,0.0,Eligible,REJECTED,0.0,Eligible,REJECTED,0.0,Eligible
2441,76.5,B,0,11,0.02,200000.0,APPROVED,7500.0,Eligible,APPROVED,20000.0,Eligible,APPROVED,20000.0,Eligible
2442,65.2,B,34,3,0.0,50500.0,REJECTED,0.0,< 6 vends; > 30 days dormant,REJECTED,0.0,< 4 vends,APPROVED,20000.0,Eligible
2443,42.9,D,6,12,0.05,2000.0,REJECTED,0.0,Eligible,REJECTED,0.0,Eligible,REJECTED,0.0,Eligible
2444,44.7,D,3,4,0.03,2000.0,REJECTED,0.0,< 6 vends,REJECTED,0.0,Eligible,REJECTED,0.0,Eligible
2445,41.9,D,21,4,0.05,2000.0,REJECTED,0.0,< 6 vends,REJECTED,0.0,Eligible,REJECTED,0.0,Eligible
2446,71.4,B,1,9,0.07,73000.0,APPROVED,7500.0,Eligible,APPROVED,20000.0,Eligible,APPROVED,20000.0,Eligible
2447,62.8,C,3,3,0.09,42500.0,REJECTED,0.0,< 6 vends,REJECTED,0.0,< 4 vends,APPROVED,20000.0,Eligible
2448,69.8,B,4,6,0.02,50000.0,APPROVED,7500.0,Eligible,APPROVED,20000.0,Eligible,APPROVED,20000.0,Eligible
2449,44.7,D,1,9,0.07,1500.0,REJECTED,0.0,Eligible,REJECTED,0.0,Eligible,REJECTED,0.0,Eligible
2450,63.5,C,3,4,0.12,46000.0,REJECTED,0.0,< 6 vends,APPROVED,20000.0,Eligible,APPROVED,20000.0,Eligible
2451,73.3,B,10,5,0.02,50500.0,REJECTED,0.0,< 6 vends,APPROVED,20000.0,Eligible,APPROVED,20000.0,Eligible
2452,64.4,C,2,2,0.0,60000.0,REJECTED,0.0,< 6 vends,REJECTED,0.0,< 4 vends,REJECTED,0.0,< 3 vends
2453,44.8,D,17,6,0.0,2000.0,REJECTED,0.0,Eligible,REJECTED,0.0,Eligible,REJECTED,0.0,Eligible
2454,38.6,D,3,7,0.1,1875.0,REJECTED,0.0,Eligible,REJECTED,0.0,Eligible,REJECTED,0.0,Eligible
2455,39.8,D,5,8,0.1,1783.0,REJECTED,0.0,Eligible,REJECTED,0.0,Eligible,REJECTED,0.0,Eligible
2456,39.2,D,2,10,0.11,1500.0,REJECTED,0.0,Eligible,REJECTED,0.0,Eligible,REJECTED,0.0,Eligible
2457,45.0,D,6,9,0.04,2000.0,REJECTED,0.0,Eligible,REJECTED,0.0,Eligible,REJECTED,0.0,Eligible
2458,46.2,D,2,4,0.11,1852.0,REJECTED,0.0,< 6 vends,REJECTED,0.0,Eligible,REJECTED,0.0,Eligible
2459,65.1,B,2,2,0.0,71000.0,REJECTED,0.0,< 6 vends,REJECTED,0.0,< 4 vends,REJECTED,0.0,< 3 vends
2460,68.4,B,5,4,0.15,50000.0,REJECTED,0.0,< 6 vends,APPROVED,20000.0,Eligible,APPROVED,20000.0,Eligible
2461,39.6,D,29,3,0.14,2000.0,REJECTED,0.0,< 6 vends,REJECTED,0.0,< 4 vends,REJECTED,0.0,Eligible
2462,72.6,B,14,9,0.0,64500.0,APPROVED,7500.0,Eligible,APPROVED,20000.0,Eligible,APPROVED,20000.0,Eligible
2463,48.4,D,0,8,0.02,2000.0,REJECTED,0.0,Eligible,REJECTED,0.0,Eligible,REJECTED,0.0,Eligible
2464,45.9,D,2,10,0.03,1875.0,REJECTED,0.0,Eligible,REJECTED,0.0,Eligible,REJECTED,0.0,Eligible
2465,73.2,B,0,10,0.04,165000.0,APPROVED,7500.0,Eligible,APPROVED,20000.0,Eligible,APPROVED,20000.0,Eligible
2466,49.6,D,10,5,0.02,2190.0,REJECTED,0.0,< 6 vends,REJECTED,0.0,Eligible,REJECTED,0.0,Eligible
2467,35.0,D,1,6,0.2,1802.5,REJECTED,0.0,Eligible,REJECTED,0.0,Eligible,REJECTED,0.0,Eligible
2468,61.7,C,2,3,0.0,45500.0,REJECTED,0.0,< 6 vends,REJECTED,0.0,< 4 vends,APPROVED,20000.0,Eligible
2469,30.2,D,0,3,0.0,1000.0,REJECTED,0.0,< 6 vends,REJECTED,0.0,< 4 vends,REJECTED,0.0,Eligible
2470,46.5,D,0,8,0.11,2087.0,REJECTED,0.0,Eligible,REJECTED,0.0,Eligible,REJECTED,0.0,Eligible
2471,37.3,D,2,6,0.14,2000.0,REJECTED,0.0,Eligible,REJECTED,0.0,Eligible,REJECTED,0.0,Eligible
2472,46.4,D,0,14,0.04,1988.5,REJECTED,0.0,Eligible,REJECTED,0.0,Eligible,REJECTED,0.0,Eligible
2473,33.5,D,22,3,0.08,1133.5,REJECTED,0.0,< 6 vends,REJECTED,0.0,< 4 vends,REJECTED,0.0,Eligible
2474,63.2,C,5,2,0.0,50500.0,REJECTED,0.0,< 6 vends,REJECTED,0.0,< 4 vends,REJECTED,0.0,< 3 vends
2475,41.7,D,0,6,0.06,1686.5,REJECTED,0.0,Eligible,REJECTED,0.0,Eligible,REJECTED,0.0,Eligible
2476,47.5,D,3,16,0.06,2000.0,REJECTED,0.0,Eligible,REJECTED,0.0,Eligible,REJECTED,0.0,Eligible
2477,56.2,C,34,1,0.17,40000.0,REJECTED,0.0,< 6 vends; > 30 days dormant,REJECTED,0.0,< 4 vends,REJECTED,0.0,< 3 vends
2478,38.4,D,5,6,0.12,2000.0,REJECTED,0.0,Eligible,REJECTED,0.0,Eligible,REJECTED,0.0,Eligible
2479,47.3,D,24,5,0.02,2000.0,REJECTED,0.0,< 6 vends,REJECTED,0.0,Eligible,REJECTED,0.0,Eligible
2480,60.7,C,5,2,0.08,52000.0,REJECTED,0.0,< 6 vends,REJECTED,0.0,< 4 vends,REJECTED,0.0,< 3 vends
2481,44.8,D,19,9,0.07,2000.0,REJECTED,0.0,Eligible,REJECTED,0.0,Eligible,REJECTED,0.0,Eligible
2482,40.9,D,2,4,0.08,2000.0,REJECTED,0.0,< 6 vends,REJECTED,0.0,Eligible,REJECTED,0.0,Eligible
2483,70.7,B,3,9,0.09,46000.0,APPROVED,7500.0,Eligible,APPROVED,20000.0,Eligible,APPROVED,20000.0,Eligible
2484,48.3,D,5,7,0.08,2500.0,REJECTED,0.0,Eligible,REJECTED,0.0,Eligible,REJECTED,0.0,Eligible
2485,66.9,B,22,5,0.05,156826.0,REJECTED,0.0,< 6 vends,APPROVED,20000.0,Eligible,APPROVED,20000.0,Eligible
2486,44.6,D,3,13,0.06,2000.0,REJECTED,0.0,Eligible,REJECTED,0.0,Eligible,REJECTED,0.0,Eligible
2487,63.3,C,12,3,0.05,64000.0,REJECTED,0.0,< 6 vends,REJECTED,0.0,< 4 vends,APPROVED,20000.0,Eligible
2488,48.4,D,7,7,0.0,2000.0,REJECTED,0.0,Eligible,REJECTED,0.0,Eligible,REJECTED,0.0,Eligible
2489,48.0,D,0,14,0.02,2000.0,REJECTED,0.0,Eligible,REJECTED,0.0,Eligible,REJECTED,0.0,Eligible
2490,68.1,B,24,5,0.06,50000.0,REJECTED,0.0,< 6 vends,APPROVED,20000.0,Eligible,APPROVED,20000.0,Eligible
2491,44.8,D,2,4,0.13,3000.0,REJECTED,0.0,< 6 vends,REJECTED,0.0,Eligible,REJECTED,0.0,Eligible
2492,37.4,D,5,3,0.11,2000.0,REJECTED,0.0,< 6 vends,REJECTED,0.0,< 4 vends,REJECTED,0.0,Eligible
2493,33.0,D,10,2,0.13,1750.0,REJECTED,0.0,< 6 vends,REJECTED,0.0,< 4 vends,REJECTED,0.0,< 3 vends
2494,48.3,D,4,7,0.0,1890.0,REJECTED,0.0,Eligible,REJECTED,0.0,Eligible,REJECTED,0.0,Eligible
2495,35.9,D,4,3,0.13,1625.0,REJECTED,0.0,< 6 vends,REJECTED,0.0,< 4 vends,REJECTED,0.0,Eligible
2496,36.2,D,1,7,0.07,1500.0,REJECTED,0.0,Eligible,REJECTED,0.0,Eligible,REJECTED,0.0,Eligible
2497,72.8,B,7,10,0.04,60000.0,APPROVED,7500.0,Eligible,APPROVED,20000.0,Eligible,APPROVED,20000.0,Eligible
2498,45.8,D,6,8,0.06,2000.0,REJECTED,0.0,Eligible,REJECTED,0.0,Eligible,REJECTED,0.0,Eligible
2499,49.4,D,2,8,0.04,2000.0,REJECTED,0.0,Eligible,REJECTED,0.0,Eligible,REJECTED,0.0,Eligible
2500,69.7,B,4,5,0.07,52000.0,REJECTED,0.0,< 6 vends,APPROVED,20000.0,Eligible,APPROVED,20000.0,Eligible
2501,46.6,D,0,12,0.03,2000.0,REJECTED,0.0,Eligible,REJECTED,0.0,Eligible,REJECTED,0.0,Eligible
2502,42.6,D,3,2,0.0,2593.5,REJECTED,0.0,< 6 vends,REJECTED,0.0,< 4 vends,REJECTED,0.0,< 3 vends
2503,41.2,D,1,8,0.02,1500.0,REJECTED,0.0,Eligible,REJECTED,0.0,Eligible,REJECTED,0.0,Eligible
2504,50.0,C,52,1,0.0,3750.0,REJECTED,0.0,< 6 vends; > 30 days dormant,REJECTED,0.0,< 4 vends; > 45 days dormant,REJECTED,0.0,< 3 vends
2505,53.8,C,0,11,0.04,2937.5,REJECTED,0.0,Below Min Loan Size,REJECTED,0.0,Below Min Loan Size,APPROVED,2203.0,Eligible
2506,69.8,B,3,7,0.02,51000.0,APPROVED,7500.0,Eligible,APPROVED,20000.0,Eligible,APPROVED,20000.0,Eligible
2507,44.8,D,4,4,0.12,2500.0,REJECTED,0.0,< 6 vends,REJECTED,0.0,Eligible,REJECTED,0.0,Eligible
2508,43.3,D,3,5,0.03,2000.0,REJECTED,0.0,< 6 vends,REJECTED,0.0,Eligible,REJECTED,0.0,Eligible
2509,34.6,D,1,9,0.12,1250.0,REJECTED,0.0,Eligible,REJECTED,0.0,Eligible,REJECTED,0.0,Eligible
2510,28.6,D,0,2,0.08,1000.0,REJECTED,0.0,< 6 vends,REJECTED,0.0,< 4 vends,REJECTED,0.0,< 3 vends
2511,46.1,D,3,6,0.09,2500.0,REJECTED,0.0,Eligible,REJECTED,0.0,Eligible,REJECTED,0.0,Eligible
2512,46.2,D,5,10,0.09,1500.0,REJECTED,0.0,Eligible,REJECTED,0.0,Eligible,REJECTED,0.0,Eligible
2513,69.1,B,4,7,0.03,44500.0,APPROVED,7500.0,Eligible,APPROVED,20000.0,Eligible,APPROVED,20000.0,Eligible
2514,41.0,D,2,6,0.06,2000.0,REJECTED,0.0,Eligible,REJECTED,0.0,Eligible,REJECTED,0.0,Eligible
2515,47.6,D,4,3,0.06,2500.0,REJECTED,0.0,< 6 vends,REJECTED,0.0,< 4 vends,REJECTED,0.0,Eligible
2516,66.8,B,13,6,0.06,40000.0,APPROVED,7500.0,Eligible,APPROVED,20000.0,Eligible,APPROVED,20000.0,Eligible
2517,40.9,D,5,7,0.0,2000.0,REJECTED,0.0,Eligible,REJECTED,0.0,Eligible,REJECTED,0.0,Eligible
2518,69.6,B,2,4,0.12,43000.0,REJECTED,0.0,< 6 vends,APPROVED,20000.0,Eligible,APPROVED,20000.0,Eligible
2519,71.2,B,11,10,0.04,48000.0,APPROVED,7500.0,Eligible,APPROVED,20000.0,Eligible,APPROVED,20000.0,Eligible
2520,36.1,D,0,9,0.06,1500.0,REJECTED,0.0,Eligible,REJECTED,0.0,Eligible,REJECTED,0.0,Eligible
2521,41.5,D,0,5,0.03,2000.0,REJECTED,0.0,< 6 vends,REJECTED,0.0,Eligible,REJECTED,0.0,Eligible
2522,42.9,D,2,12,0.0,2000.0,REJECTED,0.0,Eligible,REJECTED,0.0,Eligible,REJECTED,0.0,Eligible
2523,40.8,D,0,7,0.15,1500.0,REJECTED,0.0,Eligible,REJECTED,0.0,Eligible,REJECTED,0.0,Eligible
2524,46.1,D,0,8,0.04,2000.0,REJECTED,0.0,Eligible,REJECTED,0.0,Eligible,REJECTED,0.0,Eligible
2525,44.3,D,15,1,0.17,2000.0,REJECTED,0.0,< 6 vends,REJECTED,0.0,< 4 vends,REJECTED,0.0,< 3 vends
2526,35.1,D,0,4,0.07,2042.0,REJECTED,0.0,< 6 vends,REJECTED,0.0,Eligible,REJECTED,0.0,Eligible
2527,45.3,D,42,1,0.0,2398.0,REJECTED,0.0,< 6 vends; > 30 days dormant,REJECTED,0.0,< 4 vends,REJECTED,0.0,< 3 vends
2528,60.3,C,9,1,0.08,75000.0,REJECTED,0.0,< 6 vends,REJECTED,0.0,< 4 vends,REJECTED,0.0,< 3 vends
2529,41.6,D,1,8,0.02,1500.0,REJECTED,0.0,Eligible,REJECTED,0.0,Eligible,REJECTED,0.0,Eligible
2530,41.4,D,20,8,0.0,1750.0,REJECTED,0.0,Eligible,REJECTED,0.0,Eligible,REJECTED,0.0,Eligible
2531,64.0,C,21,4,0.09,46000.0,REJECTED,0.0,< 6 vends,APPROVED,20000.0,Eligible,APPROVED,20000.0,Eligible
2532,42.2,D,31,8,0.0,1875.0,REJECTED,0.0,> 30 days dormant,REJECTED,0.0,Eligible,REJECTED,0.0,Eligible
2533,68.9,B,16,7,0.0,50000.0,APPROVED,7500.0,Eligible,APPROVED,20000.0,Eligible,APPROVED,20000.0,Eligible
2534,43.5,D,2,10,0.11,2091.0,REJECTED,0.0,Eligible,REJECTED,0.0,Eligible,REJECTED,0.0,Eligible
2535,33.6,D,1,5,0.0,1000.0,REJECTED,0.0,< 6 vends,REJECTED,0.0,Eligible,REJECTED,0.0,Eligible
2536,37.4,D,47,2,0.19,2000.0,REJECTED,0.0,< 6 vends; > 30 days dormant,REJECTED,0.0,< 4 vends; > 45 days dormant,REJECTED,0.0,< 3 vends
2537,43.4,D,0,10,0.05,2000.0,REJECTED,0.0,Eligible,REJECTED,0.0,Eligible,REJECTED,0.0,Eligible
2538,71.5,B,5,8,0.05,60000.0,APPROVED,7500.0,Eligible,APPROVED,20000.0,Eligible,APPROVED,20000.0,Eligible
2539,74.7,B,4,9,0.07,46500.0,APPROVED,7500.0,Eligible,APPROVED,20000.0,Eligible,APPROVED,20000.0,Eligible
2540,44.2,D,1,12,0.06,2000.0,REJECTED,0.0,Eligible,REJECTED,0.0,Eligible,REJECTED,0.0,Eligible
2541,42.8,D,5,7,0.04,1874.5,REJECTED,0.0,Eligible,REJECTED,0.0,Eligible,REJECTED,0.0,Eligible
2542,37.8,D,10,6,0.14,2000.0,REJECTED,0.0,Eligible,REJECTED,0.0,Eligible,REJECTED,0.0,Eligible
2543,47.6,D,4,11,0.08,2000.0,REJECTED,0.0,Eligible,REJECTED,0.0,Eligible,REJECTED,0.0,Eligible
2544,45.9,D,12,9,0.06,2000.0,REJECTED,0.0,Eligible,REJECTED,0.0,Eligible,REJECTED,0.0,Eligible
2545,35.0,D,5,2,0.07,1300.5,REJECTED,0.0,< 6 vends,REJECTED,0.0,< 4 vends,REJECTED,0.0,< 3 vends
2546,64.3,C,3,5,0.05,50000.0,REJECTED,0.0,< 6 vends,APPROVED,20000.0,Eligible,APPROVED,20000.0,Eligible
2547,42.9,D,1,7,0.1,2000.0,REJECTED,0.0,Eligible,REJECTED,0.0,Eligible,REJECTED,0.0,Eligible
2548,33.5,D,1,2,0.21,2000.0,REJECTED,0.0,< 6 vends; High Failure Rate (21%),REJECTED,0.0,< 4 vends,REJECTED,0.0,< 3 vends
2549,41.1,D,32,2,0.0,1750.0,REJECTED,0.0,< 6 vends; > 30 days dormant,REJECTED,0.0,< 4 vends,REJECTED,0.0,< 3 vends
2550,44.1,D,0,11,0.07,2000.0,REJECTED,0.0,Eligible,REJECTED,0.0,Eligible,REJECTED,0.0,Eligible
2551,43.9,D,5,6,0.0,2000.0,REJECTED,0.0,Eligible,REJECTED,0.0,Eligible,REJECTED,0.0,Eligible
2552,44.1,D,0,13,0.02,2000.0,REJECTED,0.0,Eligible,REJECTED,0.0,Eligible,REJECTED,0.0,Eligible
2553,41.7,D,0,8,0.07,1937.5,REJECTED,0.0,Eligible,REJECTED,0.0,Eligible,REJECTED,0.0,Eligible
2554,70.9,B,21,7,0.06,64000.0,APPROVED,7500.0,Eligible,APPROVED,20000.0,Eligible,APPROVED,20000.0,Eligible
2555,38.5,D,2,4,0.05,1500.0,REJECTED,0.0,< 6 vends,REJECTED,0.0,Eligible,REJECTED,0.0,Eligible
2556,36.6,D,19,3,0.08,2000.0,REJECTED,0.0,< 6 vends,REJECTED,0.0,< 4 vends,REJECTED,0.0,Eligible
2557,42.1,D,0,3,0.08,2000.0,REJECTED,0.0,< 6 vends,REJECTED,0.0,< 4 vends,REJECTED,0.0,Eligible
2558,51.7,C,1,12,0.04,2000.0,REJECTED,0.0,Below Min Loan Size,REJECTED,0.0,Below Min Loan Size,REJECTED,0.0,Below Min Loan Size
2559,48.2,D,1,10,0.02,2000.0,REJECTED,0.0,Eligible,REJECTED,0.0,Eligible,REJECTED,0.0,Eligible
2560,47.3,D,1,10,0.02,2048.5,REJECTED,0.0,Eligible,REJECTED,0.0,Eligible,REJECTED,0.0,Eligible
2561,35.2,D,0,4,0.25,1750.0,REJECTED,0.0,< 6 vends; High Failure Rate (25%),REJECTED,0.0,Eligible,REJECTED,0.0,Eligible
2562,46.8,D,1,4,0.1,2000.0,REJECTED,0.0,< 6 vends,REJECTED,0.0,Eligible,REJECTED,0.0,Eligible
2563,43.8,D,5,6,0.05,2000.0,REJECTED,0.0,Eligible,REJECTED,0.0,Eligible,REJECTED,0.0,Eligible
2564,68.7,B,1,7,0.05,50000.0,APPROVED,7500.0,Eligible,APPROVED,20000.0,Eligible,APPROVED,20000.0,Eligible
2565,41.1,D,0,7,0.05,2000.0,REJECTED,0.0,Eligible,REJECTED,0.0,Eligible,REJECTED,0.0,Eligible
2566,40.7,D,12,5,0.05,1750.0,REJECTED,0.0,< 6 vends,REJECTED,0.0,Eligible,REJECTED,0.0,Eligible
2567,48.5,D,24,4,0.12,2000.0,REJECTED,0.0,< 6 vends,REJECTED,0.0,Eligible,REJECTED,0.0,Eligible
2568,35.2,D,0,4,0.14,1500.0,REJECTED,0.0,< 6 vends,REJECTED,0.0,Eligible,REJECTED,0.0,Eligible
2569,56.1,C,13,2,0.08,5000.0,REJECTED,0.0,< 6 vends,REJECTED,0.0,< 4 vends,REJECTED,0.0,< 3 vends
2570,47.7,D,0,9,0.09,2000.0,REJECTED,0.0,Eligible,REJECTED,0.0,Eligible,REJECTED,0.0,Eligible
2571,46.3,D,30,3,0.04,2000.0,REJECTED,0.0,< 6 vends,REJECTED,0.0,< 4 vends,REJECTED,0.0,Eligible
2572,40.6,D,2,5,0.06,2097.0,REJECTED,0.0,< 6 vends,REJECTED,0.0,Eligible,REJECTED,0.0,Eligible
2573,43.0,D,3,12,0.02,1750.0,REJECTED,0.0,Eligible,REJECTED,0.0,Eligible,REJECTED,0.0,Eligible
2574,41.7,D,5,7,0.04,1500.0,REJECTED,0.0,Eligible,REJECTED,0.0,Eligible,REJECTED,0.0,Eligible
2575,41.4,D,7,7,0.03,2000.0,REJECTED,0.0,Eligible,REJECTED,0.0,Eligible,REJECTED,0.0,Eligible
2576,39.1,D,2,2,0.12,2500.0,REJECTED,0.0,< 6 vends,REJECTED,0.0,< 4 vends,REJECTED,0.0,< 3 vends
2577,40.8,D,1,6,0.0,2000.0,REJECTED,0.0,Eligible,REJECTED,0.0,Eligible,REJECTED,0.0,Eligible
2578,42.4,D,5,8,0.06,1625.0,REJECTED,0.0,Eligible,REJECTED,0.0,Eligible,REJECTED,0.0,Eligible
2579,39.5,D,0,11,0.03,1625.0,REJECTED,0.0,Eligible,REJECTED,0.0,Eligible,REJECTED,0.0,Eligible
2580,35.9,D,2,4,0.08,1625.0,REJECTED,0.0,< 6 vends,REJECTED,0.0,Eligible,REJECTED,0.0,Eligible
2581,34.3,D,4,2,0.0,2000.0,REJECTED,0.0,< 6 vends,REJECTED,0.0,< 4 vends,REJECTED,0.0,< 3 vends
2582,40.1,D,5,3,0.15,1000.0,REJECTED,0.0,< 6 vends,REJECTED,0.0,< 4 vends,REJECTED,0.0,Eligible
2583,44.5,D,4,11,0.08,1931.0,REJECTED,0.0,Eligible,REJECTED,0.0,Eligible,REJECTED,0.0,Eligible
2584,30.7,D,28,1,0.0,1500.0,REJECTED,0.0,< 6 vends,REJECTED,0.0,< 4 vends,REJECTED,0.0,< 3 vends
2585,44.2,D,2,9,0.05,2216.0,REJECTED,0.0,Eligible,REJECTED,0.0,Eligible,REJECTED,0.0,Eligible
2586,31.5,D,0,3,0.27,1500.0,REJECTED,0.0,< 6 vends; High Failure Rate (27%),REJECTED,0.0,< 4 vends,REJECTED,0.0,Eligible
2587,71.9,B,0,7,0.0,65500.0,APPROVED,7500.0,Eligible,APPROVED,20000.0,Eligible,APPROVED,20000.0,Eligible
2588,74.3,B,5,8,0.05,190000.0,APPROVED,7500.0,Eligible,APPROVED,20000.0,Eligible,APPROVED,20000.0,Eligible
2589,39.5,D,0,8,0.05,1500.0,REJECTED,0.0,Eligible,REJECTED,0.0,Eligible,REJECTED,0.0,Eligible
2590,74.1,B,4,11,0.02,65500.0,APPROVED,7500.0,Eligible,APPROVED,20000.0,Eligible,APPROVED,20000.0,Eligible
2591,43.8,D,3,11,0.07,1560.5,REJECTED,0.0,Eligible,REJECTED,0.0,Eligible,REJECTED,0.0,Eligible
2592,47.8,D,3,3,0.03,2000.0,REJECTED,0.0,< 6 vends,REJECTED,0.0,< 4 vends,REJECTED,0.0,Eligible
2593,38.2,D,6,10,0.17,2000.0,REJECTED,0.0,Eligible,REJECTED,0.0,Eligible,REJECTED,0.0,Eligible
2594,39.8,D,5,5,0.12,2000.0,REJECTED,0.0,< 6 vends,REJECTED,0.0,Eligible,REJECTED,0.0,Eligible
2595,41.4,D,14,5,0.13,1500.0,REJECTED,0.0,< 6 vends,REJECTED,0.0,Eligible,REJECTED,0.0,Eligible
2596,69.5,B,22,3,0.03,150000.0,REJECTED,0.0,< 6 vends,REJECTED,0.0,< 4 vends,APPROVED,20000.0,Eligible
2597,43.0,D,11,8,0.06,1500.0,REJECTED,0.0,Eligible,REJECTED,0.0,Eligible,REJECTED,0.0,Eligible
2598,38.6,D,0,13,0.05,1500.0,REJECTED,0.0,Eligible,REJECTED,0.0,Eligible,REJECTED,0.0,Eligible
2599,38.6,D,2,6,0.03,1750.0,REJECTED,0.0,Eligible,REJECTED,0.0,Eligible,REJECTED,0.0,Eligible
2600,47.1,D,7,14,0.06,1987.5,REJECTED,0.0,Eligible,REJECTED,0.0,Eligible,REJECTED,0.0,Eligible
2601,42.1,D,7,8,0.05,2000.0,REJECTED,0.0,Eligible,REJECTED,0.0,Eligible,REJECTED,0.0,Eligible
2602,71.7,B,6,7,0.07,50000.0,APPROVED,7500.0,Eligible,APPROVED,20000.0,Eligible,APPROVED,20000.0,Eligible
2603,39.5,D,2,5,0.15,2172.5,REJECTED,0.0,< 6 vends,REJECTED,0.0,Eligible,REJECTED,0.0,Eligible
2604,38.3,D,4,7,0.02,1078.0,REJECTED,0.0,Eligible,REJECTED,0.0,Eligible,REJECTED,0.0,Eligible
2605,45.0,D,1,8,0.06,2000.0,REJECTED,0.0,Eligible,REJECTED,0.0,Eligible,REJECTED,0.0,Eligible
2606,39.5,D,23,5,0.03,1937.5,REJECTED,0.0,< 6 vends,REJECTED,0.0,Eligible,REJECTED,0.0,Eligible
2607,44.5,D,5,8,0.08,1750.0,REJECTED,0.0,Eligible,REJECTED,0.0,Eligible,REJECTED,0.0,Eligible
2608,36.0,D,1,5,0.11,1687.5,REJECTED,0.0,< 6 vends,REJECTED,0.0,Eligible,REJECTED,0.0,Eligible
2609,37.9,D,3,5,0.04,2000.0,REJECTED,0.0,< 6 vends,REJECTED,0.0,Eligible,REJECTED,0.0,Eligible
2610,38.7,D,0,9,0.09,2000.0,REJECTED,0.0,Eligible,REJECTED,0.0,Eligible,REJECTED,0.0,Eligible
2611,46.1,D,2,10,0.0,2000.0,REJECTED,0.0,Eligible,REJECTED,0.0,Eligible,REJECTED,0.0,Eligible
2612,44.4,D,3,10,0.0,2000.0,REJECTED,0.0,Eligible,REJECTED,0.0,Eligible,REJECTED,0.0,Eligible
2613,33.4,D,61,0,0.0,2030.0,REJECTED,0.0,< 6 vends; > 30 days dormant,REJECTED,0.0,< 4 vends; > 45 days dormant,REJECTED,0.0,< 3 vends; > 60 days dormant
2614,68.8,B,2,5,0.06,68500.0,REJECTED,0.0,< 6 vends,APPROVED,20000.0,Eligible,APPROVED,20000.0,Eligible
2615,47.7,D,0,9,0.05,2000.0,REJECTED,0.0,Eligible,REJECTED,0.0,Eligible,REJECTED,0.0,Eligible
2616,42.5,D,4,6,0.17,2000.0,REJECTED,0.0,Eligible,REJECTED,0.0,Eligible,REJECTED,0.0,Eligible
2617,46.7,D,1,6,0.14,3000.0,REJECTED,0.0,Eligible,REJECTED,0.0,Eligible,REJECTED,0.0,Eligible
2618,60.6,C,21,2,0.09,64500.0,REJECTED,0.0,< 6 vends,REJECTED,0.0,< 4 vends,REJECTED,0.0,< 3 vends
2619,69.3,B,3,10,0.02,49000.0,APPROVED,7500.0,Eligible,APPROVED,20000.0,Eligible,APPROVED,20000.0,Eligible
2620,42.9,D,2,9,0.04,1875.0,REJECTED,0.0,Eligible,REJECTED,0.0,Eligible,REJECTED,0.0,Eligible
2621,63.4,C,3,2,0.0,74000.0,REJECTED,0.0,< 6 vends,REJECTED,0.0,< 4 vends,REJECTED,0.0,< 3 vends
2622,68.8,B,10,7,0.07,43000.0,APPROVED,7500.0,Eligible,APPROVED,20000.0,Eligible,APPROVED,20000.0,Eligible
2623,47.7,D,1,6,0.11,2893.5,REJECTED,0.0,Eligible,REJECTED,0.0,Eligible,REJECTED,0.0,Eligible
2624,31.9,D,0,2,0.17,1750.0,REJECTED,0.0,< 6 vends,REJECTED,0.0,< 4 vends,REJECTED,0.0,< 3 vends
2625,41.4,D,9,5,0.02,1694.5,REJECTED,0.0,< 6 vends,REJECTED,0.0,Eligible,REJECTED,0.0,Eligible
2626,37.6,D,2,2,0.18,2000.0,REJECTED,0.0,< 6 vends,REJECTED,0.0,< 4 vends,REJECTED,0.0,< 3 vends
2627,72.0,B,1,9,0.1,200000.0,APPROVED,7500.0,Eligible,APPROVED,20000.0,Eligible,APPROVED,20000.0,Eligible
2628,72.7,B,2,10,0.04,63000.0,APPROVED,7500.0,Eligible,APPROVED,20000.0,Eligible,APPROVED,20000.0,Eligible
2629,47.8,D,1,10,0.12,2000.0,REJECTED,0.0,Eligible,REJECTED,0.0,Eligible,REJECTED,0.0,Eligible
2630,40.4,D,3,6,0.06,2000.0,REJECTED,0.0,Eligible,REJECTED,0.0,Eligible,REJECTED,0.0,Eligible
2631,72.7,B,0,8,0.02,68000.0,APPROVED,7500.0,Eligible,APPROVED,20000.0,Eligible,APPROVED,20000.0,Eligible
2632,35.1,D,0,4,0.0,1750.0,REJECTED,0.0,< 6 vends,REJECTED,0.0,Eligible,REJECTED,0.0,Eligible
2633,31.6,D,8,4,0.13,1500.0,REJECTED,0.0,< 6 vends,REJECTED,0.0,Eligible,REJECTED,0.0,Eligible
2634,37.7,D,2,4,0.07,1801.0,REJECTED,0.0,< 6 vends,REJECTED,0.0,Eligible,REJECTED,0.0,Eligible
2635,44.8,D,4,11,0.02,2000.0,REJECTED,0.0,Eligible,REJECTED,0.0,Eligible,REJECTED,0.0,Eligible
2636,32.7,D,1,4,0.11,1500.0,REJECTED,0.0,< 6 vends,REJECTED,0.0,Eligible,REJECTED,0.0,Eligible
2637,42.5,D,31,3,0.07,2000.0,REJECTED,0.0,< 6 vends; > 30 days dormant,REJECTED,0.0,< 4 vends,REJECTED,0.0,Eligible
2638,41.5,D,2,8,0.02,1250.0,REJECTED,0.0,Eligible,REJECTED,0.0,Eligible,REJECTED,0.0,Eligible
2639,49.4,D,1,12,0.02,2000.0,REJECTED,0.0,Eligible,REJECTED,0.0,Eligible,REJECTED,0.0,Eligible
2640,37.6,D,0,5,0.0,1439.0,REJECTED,0.0,< 6 vends,REJECTED,0.0,Eligible,REJECTED,0.0,Eligible
2641,65.1,B,1,4,0.07,40500.0,REJECTED,0.0,< 6 vends,APPROVED,20000.0,Eligible,APPROVED,20000.0,Eligible
2642,49.8,D,3,5,0.12,2500.0,REJECTED,0.0,< 6 vends,REJECTED,0.0,Eligible,REJECTED,0.0,Eligible
2643,35.4,D,1,6,0.07,1591.0,REJECTED,0.0,Eligible,REJECTED,0.0,Eligible,REJECTED,0.0,Eligible
2644,44.0,D,26,6,0.02,2000.0,REJECTED,0.0,Eligible,REJECTED,0.0,Eligible,REJECTED,0.0,Eligible
2645,70.0,B,25,7,0.05,60000.0,APPROVED,7500.0,Eligible,APPROVED,20000.0,Eligible,APPROVED,20000.0,Eligible
2646,35.8,D,14,1,0.1,1234.0,REJECTED,0.0,< 6 vends,REJECTED,0.0,< 4 vends,REJECTED,0.0,< 3 vends
2647,74.8,B,2,10,0.06,57500.0,APPROVED,7500.0,Eligible,APPROVED,20000.0,Eligible,APPROVED,20000.0,Eligible
2648,41.1,D,1,4,0.06,2000.0,REJECTED,0.0,< 6 vends,REJECTED,0.0,Eligible,REJECTED,0.0,Eligible
2649,40.8,D,4,12,0.02,1500.0,REJECTED,0.0,Eligible,REJECTED,0.0,Eligible,REJECTED,0.0,Eligible
2650,66.4,B,1,4,0.0,63000.0,REJECTED,0.0,< 6 vends,APPROVED,20000.0,Eligible,APPROVED,20000.0,Eligible
2651,40.3,D,5,7,0.06,2000.0,REJECTED,0.0,Eligible,REJECTED,0.0,Eligible,REJECTED,0.0,Eligible
2652,44.9,D,3,9,0.0,2000.0,REJECTED,0.0,Eligible,REJECTED,0.0,Eligible,REJECTED,0.0,Eligible
2653,39.1,D,0,5,0.09,2000.0,REJECTED,0.0,< 6 vends,REJECTED,0.0,Eligible,REJECTED,0.0,Eligible
2654,38.4,D,3,7,0.1,1500.0,REJECTED,0.0,Eligible,REJECTED,0.0,Eligible,REJECTED,0.0,Eligible
2655,44.1,D,2,7,0.08,1944.0,REJECTED,0.0,Eligible,REJECTED,0.0,Eligible,REJECTED,0.0,Eligible
2656,42.2,D,1,11,0.06,1500.0,REJECTED,0.0,Eligible,REJECTED,0.0,Eligible,REJECTED,0.0,Eligible
2657,42.5,D,17,3,0.09,2000.0,REJECTED,0.0,< 6 vends,REJECTED,0.0,< 4 vends,REJECTED,0.0,Eligible
2658,39.5,D,2,9,0.03,1500.0,REJECTED,0.0,Eligible,REJECTED,0.0,Eligible,REJECTED,0.0,Eligible
2659,31.2,D,32,2,0.17,1625.0,REJECTED,0.0,< 6 vends; > 30 days dormant,REJECTED,0.0,< 4 vends,REJECTED,0.0,< 3 vends
2660,69.8,B,2,7,0.03,51000.0,APPROVED,7500.0,Eligible,APPROVED,20000.0,Eligible,APPROVED,20000.0,Eligible
2661,47.6,D,2,8,0.0,2000.0,REJECTED,0.0,Eligible,REJECTED,0.0,Eligible,REJECTED,0.0,Eligible
2662,43.8,D,2,8,0.08,2000.0,REJECTED,0.0,Eligible,REJECTED,0.0,Eligible,REJECTED,0.0,Eligible
2663,70.4,B,0,9,0.0,50000.0,APPROVED,7500.0,Eligible,APPROVED,20000.0,Eligible,APPROVED,20000.0,Eligible
2664,39.8,D,10,3,0.0,1500.0,REJECTED,0.0,< 6 vends,REJECTED,0.0,< 4 vends,REJECTED,0.0,Eligible
2665,37.7,D,36,1,0.15,2222.5,REJECTED,0.0,< 6 vends; > 30 days dormant,REJECTED,0.0,< 4 vends,REJECTED,0.0,< 3 vends
2666,39.8,D,13,5,0.03,2000.0,REJECTED,0.0,< 6 vends,REJECTED,0.0,Eligible,REJECTED,0.0,Eligible
2667,71.0,B,5,3,0.1,56000.0,REJECTED,0.0,< 6 vends,REJECTED,0.0,< 4 vends,APPROVED,20000.0,Eligible
2668,69.3,B,15,8,0.03,57000.0,APPROVED,7500.0,Eligible,APPROVED,20000.0,Eligible,APPROVED,20000.0,Eligible
2669,40.9,D,1,5,0.0,2000.0,REJECTED,0.0,< 6 vends,REJECTED,0.0,Eligible,REJECTED,0.0,Eligible
2670,42.0,D,0,8,0.06,2000.0,REJECTED,0.0,Eligible,REJECTED,0.0,Eligible,REJECTED,0.0,Eligible
2671,35.6,D,33,4,0.06,2000.0,REJECTED,0.0,< 6 vends; > 30 days dormant,REJECTED,0.0,Eligible,REJECTED,0.0,Eligible
2672,45.8,D,0,7,0.02,1603.0,REJECTED,0.0,Eligible,REJECTED,0.0,Eligible,REJECTED,0.0,Eligible
2673,41.3,D,3,10,0.06,1500.0,REJECTED,0.0,Eligible,REJECTED,0.0,Eligible,REJECTED,0.0,Eligible
2674,46.4,D,0,13,0.0,2000.0,REJECTED,0.0,Eligible,REJECTED,0.0,Eligible,REJECTED,0.0,Eligible
2675,70.3,B,4,7,0.03,50000.0,APPROVED,7500.0,Eligible,APPROVED,20000.0,Eligible,APPROVED,20000.0,Eligible
2676,33.6,D,14,2,0.08,2000.0,REJECTED,0.0,< 6 vends,REJECTED,0.0,< 4 vends,REJECTED,0.0,< 3 vends
2677,37.2,D,4,3,0.04,2001.5,REJECTED,0.0,< 6 vends,REJECTED,0.0,< 4 vends,REJECTED,0.0,Eligible
2678,41.1,D,9,5,0.05,2000.0,REJECTED,0.0,< 6 vends,REJECTED,0.0,Eligible,REJECTED,0.0,Eligible
2679,73.6,B,0,9,0.02,72500.0,APPROVED,7500.0,Eligible,APPROVED,20000.0,Eligible,APPROVED,20000.0,Eligible
2680,44.6,D,0,3,0.07,1750.0,REJECTED,0.0,< 6 vends,REJECTED,0.0,< 4 vends,REJECTED,0.0,Eligible
2681,40.7,D,4,5,0.14,1812.5,REJECTED,0.0,< 6 vends,REJECTED,0.0,Eligible,REJECTED,0.0,Eligible
2682,36.9,D,0,6,0.1,1750.0,REJECTED,0.0,Eligible,REJECTED,0.0,Eligible,REJECTED,0.0,Eligible
2683,45.8,D,0,10,0.0,1625.0,REJECTED,0.0,Eligible,REJECTED,0.0,Eligible,REJECTED,0.0,Eligible
2684,48.2,D,3,4,0.06,2000.0,REJECTED,0.0,< 6 vends,REJECTED,0.0,Eligible,REJECTED,0.0,Eligible
2685,38.6,D,2,9,0.04,1603.0,REJECTED,0.0,Eligible,REJECTED,0.0,Eligible,REJECTED,0.0,Eligible
2686,41.9,D,2,9,0.07,2000.0,REJECTED,0.0,Eligible,REJECTED,0.0,Eligible,REJECTED,0.0,Eligible
2687,45.4,D,1,10,0.09,2000.0,REJECTED,0.0,Eligible,REJECTED,0.0,Eligible,REJECTED,0.0,Eligible
2688,74.9,B,0,13,0.1,180000.0,APPROVED,7500.0,Eligible,APPROVED,20000.0,Eligible,APPROVED,20000.0,Eligible
2689,40.2,D,11,3,0.0,2000.0,REJECTED,0.0,< 6 vends,REJECTED,0.0,< 4 vends,REJECTED,0.0,Eligible
2690,32.3,D,14,8,0.0,1046.5,REJECTED,0.0,Eligible,REJECTED,0.0,Eligible,REJECTED,0.0,Eligible
2691,53.4,C,1,2,0.08,5000.0,REJECTED,0.0,< 6 vends,REJECTED,0.0,< 4 vends,REJECTED,0.0,< 3 vends
2692,43.3,D,3,10,0.14,2250.0,REJECTED,0.0,Eligible,REJECTED,0.0,Eligible,REJECTED,0.0,Eligible
2693,39.1,D,4,9,0.04,1250.0,REJECTED,0.0,Eligible,REJECTED,0.0,Eligible,REJECTED,0.0,Eligible
2694,41.7,D,5,7,0.09,1855.5,REJECTED,0.0,Eligible,REJECTED,0.0,Eligible,REJECTED,0.0,Eligible
2695,48.1,D,1,9,0.06,2000.0,REJECTED,0.0,Eligible,REJECTED,0.0,Eligible,REJECTED,0.0,Eligible
2696,70.9,B,2,10,0.02,46000.0,APPROVED,7500.0,Eligible,APPROVED,20000.0,Eligible,APPROVED,20000.0,Eligible
2697,48.8,D,3,6,0.04,2000.0,REJECTED,0.0,Eligible,REJECTED,0.0,Eligible,REJECTED,0.0,Eligible
2698,67.3,B,3,6,0.08,74000.0,APPROVED,7500.0,Eligible,APPROVED,20000.0,Eligible,APPROVED,20000.0,Eligible
2699,42.1,D,2,9,0.0,2000.0,REJECTED,0.0,Eligible,REJECTED,0.0,Eligible,REJECTED,0.0,Eligible
2700,44.9,D,6,10,0.07,2000.0,REJECTED,0.0,Eligible,REJECTED,0.0,Eligible,REJECTED,0.0,Eligible
2701,67.4,B,3,7,0.0,55000.0,APPROVED,7500.0,Eligible,APPROVED,20000.0,Eligible,APPROVED,20000.0,Eligible
2702,47.1,D,0,14,0.02,2000.0,REJECTED,0.0,Eligible,REJECTED,0.0,Eligible,REJECTED,0.0,Eligible
2703,71.1,B,0,4,0.0,150000.0,REJECTED,0.0,< 6 vends,APPROVED,20000.0,Eligible,APPROVED,20000.0,Eligible
2704,69.9,B,7,6,0.03,55000.0,APPROVED,7500.0,Eligible,APPROVED,20000.0,Eligible,APPROVED,20000.0,Eligible
2705,69.2,B,5,10,0.09,65500.0,APPROVED,7500.0,Eligible,APPROVED,20000.0,Eligible,APPROVED,20000.0,Eligible
2706,38.2,D,11,4,0.14,2000.0,REJECTED,0.0,< 6 vends,REJECTED,0.0,Eligible,REJECTED,0.0,Eligible
2707,33.3,D,3,2,0.2,1930.0,REJECTED,0.0,< 6 vends,REJECTED,0.0,< 4 vends,REJECTED,0.0,< 3 vends
2708,43.3,D,2,10,0.04,1875.0,REJECTED,0.0,Eligible,REJECTED,0.0,Eligible,REJECTED,0.0,Eligible
2709,34.0,D,1,2,0.12,1875.0,REJECTED,0.0,< 6 vends,REJECTED,0.0,< 4 vends,REJECTED,0.0,< 3 vends
2710,42.6,D,0,7,0.05,2000.0,REJECTED,0.0,Eligible,REJECTED,0.0,Eligible,REJECTED,0.0,Eligible
2711,51.0,C,0,14,0.0,2000.0,REJECTED,0.0,Below Min Loan Size,REJECTED,0.0,Below Min Loan Size,REJECTED,0.0,Below Min Loan Size
2712,47.8,D,5,11,0.05,2000.0,REJECTED,0.0,Eligible,REJECTED,0.0,Eligible,REJECTED,0.0,Eligible
2713,44.7,D,3,10,0.03,1715.5,REJECTED,0.0,Eligible,REJECTED,0.0,Eligible,REJECTED,0.0,Eligible
2714,46.5,D,2,12,0.06,1926.0,REJECTED,0.0,Eligible,REJECTED,0.0,Eligible,REJECTED,0.0,Eligible
2715,44.3,D,2,11,0.0,2000.0,REJECTED,0.0,Eligible,REJECTED,0.0,Eligible,REJECTED,0.0,Eligible
2716,44.7,D,0,10,0.04,1750.0,REJECTED,0.0,Eligible,REJECTED,0.0,Eligible,REJECTED,0.0,Eligible
2717,38.7,D,35,2,0.13,1125.0,REJECTED,0.0,< 6 vends; > 30 days dormant,REJECTED,0.0,< 4 vends,REJECTED,0.0,< 3 vends
2718,36.8,D,1,8,0.04,1750.0,REJECTED,0.0,Eligible,REJECTED,0.0,Eligible,REJECTED,0.0,Eligible
2719,35.4,D,0,7,0.0,1859.0,REJECTED,0.0,Eligible,REJECTED,0.0,Eligible,REJECTED,0.0,Eligible
2720,42.6,D,2,3,0.06,2250.0,REJECTED,0.0,< 6 vends,REJECTED,0.0,< 4 vends,REJECTED,0.0,Eligible
2721,47.4,D,2,7,0.0,2000.0,REJECTED,0.0,Eligible,REJECTED,0.0,Eligible,REJECTED,0.0,Eligible
2722,67.0,B,5,5,0.2,68000.0,REJECTED,0.0,< 6 vends,APPROVED,20000.0,Eligible,APPROVED,20000.0,Eligible
2723,49.9,D,4,3,0.03,3000.0,REJECTED,0.0,< 6 vends,REJECTED,0.0,< 4 vends,REJECTED,0.0,Eligible
2724,72.3,B,5,11,0.03,200000.0,APPROVED,7500.0,Eligible,APPROVED,20000.0,Eligible,APPROVED,20000.0,Eligible
2725,46.3,D,5,9,0.0,2000.0,REJECTED,0.0,Eligible,REJECTED,0.0,Eligible,REJECTED,0.0,Eligible
2726,37.6,D,0,6,0.12,1250.0,REJECTED,0.0,Eligible,REJECTED,0.0,Eligible,REJECTED,0.0,Eligible
2727,48.0,D,5,3,0.15,1500.0,REJECTED,0.0,< 6 vends,REJECTED,0.0,< 4 vends,REJECTED,0.0,Eligible
2728,38.8,D,3,5,0.1,2000.0,REJECTED,0.0,< 6 vends,REJECTED,0.0,Eligible,REJECTED,0.0,Eligible
2729,32.3,D,16,3,0.08,1750.0,REJECTED,0.0,< 6 vends,REJECTED,0.0,< 4 vends,REJECTED,0.0,Eligible
2730,48.7,D,4,7,0.07,2000.0,REJECTED,0.0,Eligible,REJECTED,0.0,Eligible,REJECTED,0.0,Eligible
2731,38.2,D,1,5,0.14,2000.0,REJECTED,0.0,< 6 vends,REJECTED,0.0,Eligible,REJECTED,0.0,Eligible
2732,47.7,D,0,7,0.07,2500.0,REJECTED,0.0,Eligible,REJECTED,0.0,Eligible,REJECTED,0.0,Eligible
2733,39.3,D,2,7,0.0,1317.0,REJECTED,0.0,Eligible,REJECTED,0.0,Eligible,REJECTED,0.0,Eligible
2734,44.5,D,11,5,0.17,2500.0,REJECTED,0.0,< 6 vends,REJECTED,0.0,Eligible,REJECTED,0.0,Eligible
2735,37.8,D,6,4,0.27,2000.0,REJECTED,0.0,< 6 vends; High Failure Rate (27%),REJECTED,0.0,Eligible,REJECTED,0.0,Eligible
2736,43.0,D,1,12,0.04,1500.0,REJECTED,0.0,Eligible,REJECTED,0.0,Eligible,REJECTED,0.0,Eligible
2737,66.4,B,1,6,0.04,52500.0,APPROVED,7500.0,Eligible,APPROVED,20000.0,Eligible,APPROVED,20000.0,Eligible
2738,37.4,D,45,1,0.15,1500.0,REJECTED,0.0,< 6 vends; > 30 days dormant,REJECTED,0.0,< 4 vends,REJECTED,0.0,< 3 vends
2739,48.8,D,3,9,0.04,2000.0,REJECTED,0.0,Eligible,REJECTED,0.0,Eligible,REJECTED,0.0,Eligible
2740,75.5,B,2,10,0.02,168394.5,APPROVED,7500.0,Eligible,APPROVED,20000.0,Eligible,APPROVED,20000.0,Eligible
2741,41.8,D,3,8,0.11,1954.0,REJECTED,0.0,Eligible,REJECTED,0.0,Eligible,REJECTED,0.0,Eligible
2742,70.5,B,1,6,0.09,56500.0,APPROVED,7500.0,Eligible,APPROVED,20000.0,Eligible,APPROVED,20000.0,Eligible
2743,45.2,D,0,10,0.07,2000.0,REJECTED,0.0,Eligible,REJECTED,0.0,Eligible,REJECTED,0.0,Eligible
2744,70.2,B,11,7,0.05,49500.0,APPROVED,7500.0,Eligible,APPROVED,20000.0,Eligible,APPROVED,20000.0,Eligible
2745,43.6,D,13,8,0.06,1965.5,REJECTED,0.0,Eligible,REJECTED,0.0,Eligible,REJECTED,0.0,Eligible
2746,43.3,D,0,8,0.03,1625.0,REJECTED,0.0,Eligible,REJECTED,0.0,Eligible,REJECTED,0.0,Eligible
2747,38.7,D,11,2,0.1,1500.0,REJECTED,0.0,< 6 vends,REJECTED,0.0,< 4 vends,REJECTED,0.0,< 3 vends
2748,32.7,D,13,2,0.0,1018.0,REJECTED,0.0,< 6 vends,REJECTED,0.0,< 4 vends,REJECTED,0.0,< 3 vends
2749,70.6,B,0,7,0.11,53000.0,APPROVED,7500.0,Eligible,APPROVED,20000.0,Eligible,APPROVED,20000.0,Eligible
2750,36.5,D,1,7,0.14,2000.0,REJECTED,0.0,Eligible,REJECTED,0.0,Eligible,REJECTED,0.0,Eligible
2751,46.6,D,1,7,0.12,1750.0,REJECTED,0.0,Eligible,REJECTED,0.0,Eligible,REJECTED,0.0,Eligible
2752,44.9,D,3,4,0.06,2000.0,REJECTED,0.0,< 6 vends,REJECTED,0.0,Eligible,REJECTED,0.0,Eligible
2753,39.4,D,1,5,0.08,2000.0,REJECTED,0.0,< 6 vends,REJECTED,0.0,Eligible,REJECTED,0.0,Eligible
2754,64.6,C,188,0,0.33,164362.0,REJECTED,0.0,< 6 vends; > 30 days dormant; High Failure Rate (33%),REJECTED,0.0,< 4 vends; > 45 days dormant,REJECTED,0.0,< 3 vends; > 60 days dormant
2755,45.2,D,4,16,0.09,2000.0,REJECTED,0.0,Eligible,REJECTED,0.0,Eligible,REJECTED,0.0,Eligible
2756,41.8,D,2,5,0.11,2143.0,REJECTED,0.0,< 6 vends,REJECTED,0.0,Eligible,REJECTED,0.0,Eligible
2757,42.8,D,4,6,0.02,1938.0,REJECTED,0.0,Eligible,REJECTED,0.0,Eligible,REJECTED,0.0,Eligible
2758,37.5,D,4,4,0.0,1375.0,REJECTED,0.0,< 6 vends,REJECTED,0.0,Eligible,REJECTED,0.0,Eligible
2759,45.2,D,0,8,0.04,2000.0,REJECTED,0.0,Eligible,REJECTED,0.0,Eligible,REJECTED,0.0,Eligible
2760,42.4,D,1,7,0.13,2000.0,REJECTED,0.0,Eligible,REJECTED,0.0,Eligible,REJECTED,0.0,Eligible
2761,67.5,B,2,6,0.06,54000.0,APPROVED,7500.0,Eligible,APPROVED,20000.0,Eligible,APPROVED,20000.0,Eligible
2762,43.6,D,1,4,0.1,2000.0,REJECTED,0.0,< 6 vends,REJECTED,0.0,Eligible,REJECTED,0.0,Eligible
2763,40.2,D,1,3,0.07,1801.0,REJECTED,0.0,< 6 vends,REJECTED,0.0,< 4 vends,REJECTED,0.0,Eligible
2764,40.8,D,7,5,0.08,2000.0,REJECTED,0.0,< 6 vends,REJECTED,0.0,Eligible,REJECTED,0.0,Eligible
2765,45.1,D,3,10,0.02,2000.0,REJECTED,0.0,Eligible,REJECTED,0.0,Eligible,REJECTED,0.0,Eligible
2766,68.6,B,11,2,0.12,200000.0,REJECTED,0.0,< 6 vends,REJECTED,0.0,< 4 vends,REJECTED,0.0,< 3 vends
2767,71.1,B,1,5,0.03,67000.0,REJECTED,0.0,< 6 vends,APPROVED,20000.0,Eligible,APPROVED,20000.0,Eligible
2768,66.3,B,28,4,0.13,66000.0,REJECTED,0.0,< 6 vends,APPROVED,20000.0,Eligible,APPROVED,20000.0,Eligible
2769,42.2,D,1,7,0.12,2000.0,REJECTED,0.0,Eligible,REJECTED,0.0,Eligible,REJECTED,0.0,Eligible
2770,39.9,D,2,5,0.11,1875.0,REJECTED,0.0,< 6 vends,REJECTED,0.0,Eligible,REJECTED,0.0,Eligible
2771,44.4,D,5,10,0.06,2000.0,REJECTED,0.0,Eligible,REJECTED,0.0,Eligible,REJECTED,0.0,Eligible
2772,40.6,D,4,5,0.18,2000.0,REJECTED,0.0,< 6 vends,REJECTED,0.0,Eligible,REJECTED,0.0,Eligible
2773,33.5,D,23,2,0.09,1937.5,REJECTED,0.0,< 6 vends,REJECTED,0.0,< 4 vends,REJECTED,0.0,< 3 vends
2774,49.2,D,9,5,0.07,2000.0,REJECTED,0.0,< 6 vends,REJECTED,0.0,Eligible,REJECTED,0.0,Eligible
2775,65.1,B,6,3,0.04,54000.0,REJECTED,0.0,< 6 vends,REJECTED,0.0,< 4 vends,APPROVED,20000.0,Eligible
2776,43.8,D,1,6,0.07,1625.0,REJECTED,0.0,Eligible,REJECTED,0.0,Eligible,REJECTED,0.0,Eligible
2777,43.7,D,0,10,0.04,2000.0,REJECTED,0.0,Eligible,REJECTED,0.0,Eligible,REJECTED,0.0,Eligible
2778,46.1,D,9,7,0.08,2875.0,REJECTED,0.0,Eligible,REJECTED,0.0,Eligible,REJECTED,0.0,Eligible
2779,43.1,D,17,8,0.05,2000.0,REJECTED,0.0,Eligible,REJECTED,0.0,Eligible,REJECTED,0.0,Eligible
2780,36.4,D,4,6,0.05,2000.0,REJECTED,0.0,Eligible,REJECTED,0.0,Eligible,REJECTED,0.0,Eligible
2781,48.1,D,0,8,0.02,1250.0,REJECTED,0.0,Eligible,REJECTED,0.0,Eligible,REJECTED,0.0,Eligible
2782,64.3,C,2,2,0.12,50000.0,REJECTED,0.0,< 6 vends,REJECTED,0.0,< 4 vends,REJECTED,0.0,< 3 vends
2783,61.0,C,0,3,0.0,51000.0,REJECTED,0.0,< 6 vends,REJECTED,0.0,< 4 vends,APPROVED,20000.0,Eligible
2784,44.6,D,6,4,0.09,2000.0,REJECTED,0.0,< 6 vends,REJECTED,0.0,Eligible,REJECTED,0.0,Eligible
2785,45.1,D,4,9,0.08,2000.0,REJECTED,0.0,Eligible,REJECTED,0.0,Eligible,REJECTED,0.0,Eligible
2786,38.8,D,1,7,0.12,2000.0,REJECTED,0.0,Eligible,REJECTED,0.0,Eligible,REJECTED,0.0,Eligible
2787,43.4,D,16,5,0.03,2000.0,REJECTED,0.0,< 6 vends,REJECTED,0.0,Eligible,REJECTED,0.0,Eligible
2788,47.5,D,2,4,0.08,3000.0,REJECTED,0.0,< 6 vends,REJECTED,0.0,Eligible,REJECTED,0.0,Eligible
2789,42.2,D,18,10,0.02,1500.0,REJECTED,0.0,Eligible,REJECTED,0.0,Eligible,REJECTED,0.0,Eligible
2790,34.5,D,4,3,0.0,2000.0,REJECTED,0.0,< 6 vends,REJECTED,0.0,< 4 vends,REJECTED,0.0,Eligible
2791,39.9,D,2,6,0.03,2000.0,REJECTED,0.0,Eligible,REJECTED,0.0,Eligible,REJECTED,0.0,Eligible
2792,66.2,B,0,7,0.0,50000.0,APPROVED,7500.0,Eligible,APPROVED,20000.0,Eligible,APPROVED,20000.0,Eligible
2793,44.1,D,5,9,0.07,2000.0,REJECTED,0.0,Eligible,REJECTED,0.0,Eligible,REJECTED,0.0,Eligible
2794,34.6,D,5,5,0.08,1500.0,REJECTED,0.0,< 6 vends,REJECTED,0.0,Eligible,REJECTED,0.0,Eligible
2795,45.7,D,4,5,0.05,2169.0,REJECTED,0.0,< 6 vends,REJECTED,0.0,Eligible,REJECTED,0.0,Eligible
2796,34.3,D,1,7,0.13,1541.5,REJECTED,0.0,Eligible,REJECTED,0.0,Eligible,REJECTED,0.0,Eligible
2797,44.0,D,31,1,0.0,2000.0,REJECTED,0.0,< 6 vends; > 30 days dormant,REJECTED,0.0,< 4 vends,REJECTED,0.0,< 3 vends
2798,48.2,D,2,2,0.0,3000.0,REJECTED,0.0,< 6 vends,REJECTED,0.0,< 4 vends,REJECTED,0.0,< 3 vends
2799,41.7,D,1,6,0.03,2000.0,REJECTED,0.0,Eligible,REJECTED,0.0,Eligible,REJECTED,0.0,Eligible
2800,35.5,D,4,2,0.0,2000.0,REJECTED,0.0,< 6 vends,REJECTED,0.0,< 4 vends,REJECTED,0.0,< 3 vends
2801,28.4,D,2,2,0.08,1000.0,REJECTED,0.0,< 6 vends,REJECTED,0.0,< 4 vends,REJECTED,0.0,< 3 vends
2802,45.5,D,2,7,0.04,1500.0,REJECTED,0.0,Eligible,REJECTED,0.0,Eligible,REJECTED,0.0,Eligible
2803,38.5,D,6,4,0.15,1000.0,REJECTED,0.0,< 6 vends,REJECTED,0.0,Eligible,REJECTED,0.0,Eligible
2804,42.8,D,19,4,0.17,2500.0,REJECTED,0.0,< 6 vends,REJECTED,0.0,Eligible,REJECTED,0.0,Eligible
2805,45.5,D,6,9,0.04,2000.0,REJECTED,0.0,Eligible,REJECTED,0.0,Eligible,REJECTED,0.0,Eligible
2806,41.5,D,1,7,0.05,2018.5,REJECTED,0.0,Eligible,REJECTED,0.0,Eligible,REJECTED,0.0,Eligible
2807,36.9,D,1,6,0.11,1750.0,REJECTED,0.0,Eligible,REJECTED,0.0,Eligible,REJECTED,0.0,Eligible
2808,45.2,D,0,8,0.03,2000.0,REJECTED,0.0,Eligible,REJECTED,0.0,Eligible,REJECTED,0.0,Eligible
2809,63.8,C,1,6,0.11,48500.0,APPROVED,5000.0,Eligible,APPROVED,20000.0,Eligible,APPROVED,20000.0,Eligible
2810,37.7,D,0,6,0.19,1750.0,REJECTED,0.0,Eligible,REJECTED,0.0,Eligible,REJECTED,0.0,Eligible
2811,34.9,D,1,4,0.27,2000.0,REJECTED,0.0,< 6 vends; High Failure Rate (27%),REJECTED,0.0,Eligible,REJECTED,0.0,Eligible
2812,72.5,B,2,8,0.05,52000.0,APPROVED,7500.0,Eligible,APPROVED,20000.0,Eligible,APPROVED,20000.0,Eligible
2813,45.0,D,4,6,0.03,2000.0,REJECTED,0.0,Eligible,REJECTED,0.0,Eligible,REJECTED,0.0,Eligible
2814,44.1,D,1,11,0.05,2000.0,REJECTED,0.0,Eligible,REJECTED,0.0,Eligible,REJECTED,0.0,Eligible
2815,43.3,D,56,1,0.0,1934.5,REJECTED,0.0,< 6 vends; > 30 days dormant,REJECTED,0.0,< 4 vends; > 45 days dormant,REJECTED,0.0,< 3 vends
2816,42.6,D,21,6,0.05,2000.0,REJECTED,0.0,Eligible,REJECTED,0.0,Eligible,REJECTED,0.0,Eligible
2817,38.5,D,19,6,0.1,1500.0,REJECTED,0.0,Eligible,REJECTED,0.0,Eligible,REJECTED,0.0,Eligible
2818,74.0,B,18,7,0.0,180000.0,APPROVED,7500.0,Eligible,APPROVED,20000.0,Eligible,APPROVED,20000.0,Eligible
2819,64.6,C,32,1,0.1,80000.0,REJECTED,0.0,< 6 vends; > 30 days dormant,REJECTED,0.0,< 4 vends,REJECTED,0.0,< 3 vends
2820,39.9,D,6,5,0.11,2000.0,REJECTED,0.0,< 6 vends,REJECTED,0.0,Eligible,REJECTED,0.0,Eligible
2821,72.7,B,1,9,0.07,60000.0,APPROVED,7500.0,Eligible,APPROVED,20000.0,Eligible,APPROVED,20000.0,Eligible
2822,46.6,D,2,9,0.05,2000.0,REJECTED,0.0,Eligible,REJECTED,0.0,Eligible,REJECTED,0.0,Eligible
2823,51.2,C,3,13,0.05,2000.0,REJECTED,0.0,Below Min Loan Size,REJECTED,0.0,Below Min Loan Size,REJECTED,0.0,Below Min Loan Size
2824,38.2,D,1,3,0.1,2000.0,REJECTED,0.0,< 6 vends,REJECTED,0.0,< 4 vends,REJECTED,0.0,Eligible
2825,39.8,D,31,3,0.15,1613.0,REJECTED,0.0,< 6 vends; > 30 days dormant,REJECTED,0.0,< 4 vends,REJECTED,0.0,Eligible
2826,41.0,D,8,9,0.03,2000.0,REJECTED,0.0,Eligible,REJECTED,0.0,Eligible,REJECTED,0.0,Eligible
2827,72.4,B,4,7,0.0,180000.0,APPROVED,7500.0,Eligible,APPROVED,20000.0,Eligible,APPROVED,20000.0,Eligible
2828,61.2,C,18,2,0.21,50000.0,REJECTED,0.0,< 6 vends; High Failure Rate (21%),REJECTED,0.0,< 4 vends,REJECTED,0.0,< 3 vends
2829,45.9,D,0,7,0.04,2000.0,REJECTED,0.0,Eligible,REJECTED,0.0,Eligible,REJECTED,0.0,Eligible
2830,41.8,D,0,10,0.02,1500.0,REJECTED,0.0,Eligible,REJECTED,0.0,Eligible,REJECTED,0.0,Eligible
2831,37.6,D,0,6,0.08,2000.0,REJECTED,0.0,Eligible,REJECTED,0.0,Eligible,REJECTED,0.0,Eligible
2832,40.9,D,2,13,0.06,1500.0,REJECTED,0.0,Eligible,REJECTED,0.0,Eligible,REJECTED,0.0,Eligible
2833,76.4,B,0,13,0.04,75000.0,APPROVED,7500.0,Eligible,APPROVED,20000.0,Eligible,APPROVED,20000.0,Eligible
2834,39.4,D,25,5,0.03,2000.0,REJECTED,0.0,< 6 vends,REJECTED,0.0,Eligible,REJECTED,0.0,Eligible
2835,34.0,D,2,4,0.13,1500.0,REJECTED,0.0,< 6 vends,REJECTED,0.0,Eligible,REJECTED,0.0,Eligible
2836,46.1,D,2,5,0.12,2500.0,REJECTED,0.0,< 6 vends,REJECTED,0.0,Eligible,REJECTED,0.0,Eligible
2837,41.6,D,3,12,0.11,1500.0,REJECTED,0.0,Eligible,REJECTED,0.0,Eligible,REJECTED,0.0,Eligible
2838,40.4,D,3,10,0.02,1500.0,REJECTED,0.0,Eligible,REJECTED,0.0,Eligible,REJECTED,0.0,Eligible
2839,38.9,D,4,6,0.28,2000.0,REJECTED,0.0,High Failure Rate (28%),REJECTED,0.0,Eligible,REJECTED,0.0,Eligible
2840,42.0,D,1,5,0.06,2000.0,REJECTED,0.0,< 6 vends,REJECTED,0.0,Eligible,REJECTED,0.0,Eligible
2841,44.3,D,1,7,0.05,2000.0,REJECTED,0.0,Eligible,REJECTED,0.0,Eligible,REJECTED,0.0,Eligible
2842,37.5,D,3,3,0.07,1636.0,REJECTED,0.0,< 6 vends,REJECTED,0.0,< 4 vends,REJECTED,0.0,Eligible
2843,33.3,D,4,2,0.0,1750.0,REJECTED,0.0,< 6 vends,REJECTED,0.0,< 4 vends,REJECTED,0.0,< 3 vends
2844,71.5,B,0,7,0.02,50000.0,APPROVED,7500.0,Eligible,APPROVED,20000.0,Eligible,APPROVED,20000.0,Eligible
2845,34.9,D,5,5,0.17,1750.0,REJECTED,0.0,< 6 vends,REJECTED,0.0,Eligible,REJECTED,0.0,Eligible
2846,45.5,D,1,10,0.06,2000.0,REJECTED,0.0,Eligible,REJECTED,0.0,Eligible,REJECTED,0.0,Eligible
2847,45.2,D,2,7,0.04,1630.0,REJECTED,0.0,Eligible,REJECTED,0.0,Eligible,REJECTED,0.0,Eligible
2848,41.4,D,5,7,0.1,2000.0,REJECTED,0.0,Eligible,REJECTED,0.0,Eligible,REJECTED,0.0,Eligible
2849,73.9,B,0,9,0.04,50000.0,APPROVED,7500.0,Eligible,APPROVED,20000.0,Eligible,APPROVED,20000.0,Eligible
2850,74.3,B,4,14,0.08,71000.0,APPROVED,7500.0,Eligible,APPROVED,20000.0,Eligible,APPROVED,20000.0,Eligible
2851,32.0,D,50,1,0.12,1500.0,REJECTED,0.0,< 6 vends; > 30 days dormant,REJECTED,0.0,< 4 vends; > 45 days dormant,REJECTED,0.0,< 3 vends
2852,37.0,D,1,4,0.12,1500.0,REJECTED,0.0,< 6 vends,REJECTED,0.0,Eligible,REJECTED,0.0,Eligible
2853,44.2,D,4,2,0.09,2672.5,REJECTED,0.0,< 6 vends,REJECTED,0.0,< 4 vends,REJECTED,0.0,< 3 vends
2854,37.0,D,35,1,0.0,2500.0,REJECTED,0.0,< 6 vends; > 30 days dormant,REJECTED,0.0,< 4 vends,REJECTED,0.0,< 3 vends
2855,47.6,D,2,10,0.08,2000.0,REJECTED,0.0,Eligible,REJECTED,0.0,Eligible,REJECTED,0.0,Eligible
2856,40.9,D,8,5,0.21,2000.0,REJECTED,0.0,< 6 vends; High Failure Rate (21%),REJECTED,0.0,Eligible,REJECTED,0.0,Eligible
2857,42.8,D,1,9,0.03,2000.0,REJECTED,0.0,Eligible,REJECTED,0.0,Eligible,REJECTED,0.0,Eligible
2858,38.6,D,4,8,0.09,1750.0,REJECTED,0.0,Eligible,REJECTED,0.0,Eligible,REJECTED,0.0,Eligible
2859,70.5,B,3,8,0.12,74500.0,APPROVED,7500.0,Eligible,APPROVED,20000.0,Eligible,APPROVED,20000.0,Eligible
2860,33.6,D,17,2,0.08,2000.0,REJECTED,0.0,< 6 vends,REJECTED,0.0,< 4 vends,REJECTED,0.0,< 3 vends
2861,42.4,D,0,10,0.05,1959.5,REJECTED,0.0,Eligible,REJECTED,0.0,Eligible,REJECTED,0.0,Eligible
2862,42.9,D,2,2,0.0,2500.0,REJECTED,0.0,< 6 vends,REJECTED,0.0,< 4 vends,REJECTED,0.0,< 3 vends
2863,42.2,D,0,3,0.07,2000.0,REJECTED,0.0,< 6 vends,REJECTED,0.0,< 4 vends,REJECTED,0.0,Eligible
2864,43.7,D,2,8,0.03,1797.0,REJECTED,0.0,Eligible,REJECTED,0.0,Eligible,REJECTED,0.0,Eligible
2865,48.0,D,0,13,0.0,1750.0,REJECTED,0.0,Eligible,REJECTED,0.0,Eligible,REJECTED,0.0,Eligible
2866,69.8,B,8,7,0.03,73000.0,APPROVED,7500.0,Eligible,APPROVED,20000.0,Eligible,APPROVED,20000.0,Eligible
2867,72.2,B,15,7,0.02,41000.0,APPROVED,7500.0,Eligible,APPROVED,20000.0,Eligible,APPROVED,20000.0,Eligible
2868,49.1,D,1,10,0.02,2250.0,REJECTED,0.0,Eligible,REJECTED,0.0,Eligible,REJECTED,0.0,Eligible
2869,47.1,D,5,5,0.05,2000.0,REJECTED,0.0,< 6 vends,REJECTED,0.0,Eligible,REJECTED,0.0,Eligible
2870,38.5,D,10,5,0.2,2000.0,REJECTED,0.0,< 6 vends,REJECTED,0.0,Eligible,REJECTED,0.0,Eligible
2871,40.6,D,4,7,0.02,1500.0,REJECTED,0.0,Eligible,REJECTED,0.0,Eligible,REJECTED,0.0,Eligible
2872,35.9,D,31,3,0.13,1937.5,REJECTED,0.0,< 6 vends; > 30 days dormant,REJECTED,0.0,< 4 vends,REJECTED,0.0,Eligible
2873,71.9,B,2,6,0.02,57000.0,APPROVED,7500.0,Eligible,APPROVED,20000.0,Eligible,APPROVED,20000.0,Eligible
2874,43.2,D,2,10,0.03,2000.0,REJECTED,0.0,Eligible,REJECTED,0.0,Eligible,REJECTED,0.0,Eligible
2875,35.5,D,5,4,0.0,1500.0,REJECTED,0.0,< 6 vends,REJECTED,0.0,Eligible,REJECTED,0.0,Eligible
2876,41.8,D,2,8,0.09,2000.0,REJECTED,0.0,Eligible,REJECTED,0.0,Eligible,REJECTED,0.0,Eligible
2877,41.7,D,0,10,0.05,2000.0,REJECTED,0.0,Eligible,REJECTED,0.0,Eligible,REJECTED,0.0,Eligible
2878,39.3,D,13,4,0.05,1553.5,REJECTED,0.0,< 6 vends,REJECTED,0.0,Eligible,REJECTED,0.0,Eligible
2879,33.9,D,2,3,0.0,2000.0,REJECTED,0.0,< 6 vends,REJECTED,0.0,< 4 vends,REJECTED,0.0,Eligible
2880,40.6,D,4,8,0.02,1500.0,REJECTED,0.0,Eligible,REJECTED,0.0,Eligible,REJECTED,0.0,Eligible
2881,68.9,B,3,3,0.05,50000.0,REJECTED,0.0,< 6 vends,REJECTED,0.0,< 4 vends,APPROVED,20000.0,Eligible
2882,50.1,C,16,8,0.02,2500.0,REJECTED,0.0,Below Min Loan Size,REJECTED,0.0,Below Min Loan Size,REJECTED,0.0,Below Min Loan Size
2883,42.1,D,0,12,0.0,2000.0,REJECTED,0.0,Eligible,REJECTED,0.0,Eligible,REJECTED,0.0,Eligible
2884,41.5,D,3,12,0.1,2000.0,REJECTED,0.0,Eligible,REJECTED,0.0,Eligible,REJECTED,0.0,Eligible
2885,68.8,B,1,6,0.1,74000.0,APPROVED,7500.0,Eligible,APPROVED,20000.0,Eligible,APPROVED,20000.0,Eligible
2886,34.5,D,24,1,0.08,2000.0,REJECTED,0.0,< 6 vends,REJECTED,0.0,< 4 vends,REJECTED,0.0,< 3 vends
2887,30.6,D,63,0,0.0,1475.5,REJECTED,0.0,< 6 vends; > 30 days dormant,REJECTED,0.0,< 4 vends; > 45 days dormant,REJECTED,0.0,< 3 vends; > 60 days dormant
2888,67.7,B,16,4,0.05,199537.0,REJECTED,0.0,< 6 vends,APPROVED,20000.0,Eligible,APPROVED,20000.0,Eligible
2889,49.0,D,25,5,0.06,2000.0,REJECTED,0.0,< 6 vends,REJECTED,0.0,Eligible,REJECTED,0.0,Eligible
2890,36.2,D,1,5,0.13,1937.5,REJECTED,0.0,< 6 vends,REJECTED,0.0,Eligible,REJECTED,0.0,Eligible
2891,44.4,D,2,5,0.02,1875.0,REJECTED,0.0,< 6 vends,REJECTED,0.0,Eligible,REJECTED,0.0,Eligible
2892,43.6,D,2,7,0.0,1500.0,REJECTED,0.0,Eligible,REJECTED,0.0,Eligible,REJECTED,0.0,Eligible
2893,38.0,D,2,7,0.11,2000.0,REJECTED,0.0,Eligible,REJECTED,0.0,Eligible,REJECTED,0.0,Eligible
2894,40.6,D,12,5,0.05,2554.0,REJECTED,0.0,< 6 vends,REJECTED,0.0,Eligible,REJECTED,0.0,Eligible
2895,29.9,D,5,2,0.17,1317.5,REJECTED,0.0,< 6 vends,REJECTED,0.0,< 4 vends,REJECTED,0.0,< 3 vends
2896,42.1,D,33,4,0.09,1625.0,REJECTED,0.0,< 6 vends; > 30 days dormant,REJECTED,0.0,Eligible,REJECTED,0.0,Eligible
2897,42.2,D,2,8,0.05,2000.0,REJECTED,0.0,Eligible,REJECTED,0.0,Eligible,REJECTED,0.0,Eligible
2898,62.1,C,17,2,0.0,56000.0,REJECTED,0.0,< 6 vends,REJECTED,0.0,< 4 vends,REJECTED,0.0,< 3 vends
2899,38.1,D,5,4,0.14,1674.0,REJECTED,0.0,< 6 vends,REJECTED,0.0,Eligible,REJECTED,0.0,Eligible
2900,69.3,B,31,7,0.04,180000.0,REJECTED,0.0,> 30 days dormant,APPROVED,20000.0,Eligible,APPROVED,20000.0,Eligible
2901,45.5,D,2,11,0.0,2000.0,REJECTED,0.0,Eligible,REJECTED,0.0,Eligible,REJECTED,0.0,Eligible
2902,38.4,D,0,6,0.13,1625.0,REJECTED,0.0,Eligible,REJECTED,0.0,Eligible,REJECTED,0.0,Eligible
2903,60.7,C,2,2,0.08,40000.0,REJECTED,0.0,< 6 vends,REJECTED,0.0,< 4 vends,REJECTED,0.0,< 3 vends
2904,45.6,D,0,7,0.06,2000.0,REJECTED,0.0,Eligible,REJECTED,0.0,Eligible,REJECTED,0.0,Eligible
2905,70.1,B,10,6,0.05,45000.0,APPROVED,7500.0,Eligible,APPROVED,20000.0,Eligible,APPROVED,20000.0,Eligible
2906,45.6,D,2,9,0.04,1949.0,REJECTED,0.0,Eligible,REJECTED,0.0,Eligible,REJECTED,0.0,Eligible
2907,68.8,B,3,8,0.04,150000.0,APPROVED,7500.0,Eligible,APPROVED,20000.0,Eligible,APPROVED,20000.0,Eligible
2908,36.1,D,5,2,0.0,2000.0,REJECTED,0.0,< 6 vends,REJECTED,0.0,< 4 vends,REJECTED,0.0,< 3 vends
2909,40.3,D,14,5,0.0,2500.0,REJECTED,0.0,< 6 vends,REJECTED,0.0,Eligible,REJECTED,0.0,Eligible
2910,36.3,D,0,5,0.0,2000.0,REJECTED,0.0,< 6 vends,REJECTED,0.0,Eligible,REJECTED,0.0,Eligible
2911,53.5,C,2,8,0.02,3000.0,REJECTED,0.0,Below Min Loan Size,REJECTED,0.0,Below Min Loan Size,APPROVED,2250.0,Eligible
2912,42.0,D,4,7,0.0,2000.0,REJECTED,0.0,Eligible,REJECTED,0.0,Eligible,REJECTED,0.0,Eligible
2913,39.2,D,4,5,0.12,2000.0,REJECTED,0.0,< 6 vends,REJECTED,0.0,Eligible,REJECTED,0.0,Eligible
2914,41.0,D,2,4,0.04,2250.0,REJECTED,0.0,< 6 vends,REJECTED,0.0,Eligible,REJECTED,0.0,Eligible
2915,66.7,B,19,2,0.29,180000.0,REJECTED,0.0,< 6 vends; High Failure Rate (29%),REJECTED,0.0,< 4 vends,REJECTED,0.0,< 3 vends
2916,48.1,D,2,10,0.02,1875.0,REJECTED,0.0,Eligible,REJECTED,0.0,Eligible,REJECTED,0.0,Eligible
2917,40.9,D,0,10,0.03,1750.0,REJECTED,0.0,Eligible,REJECTED,0.0,Eligible,REJECTED,0.0,Eligible
2918,66.6,B,2,6,0.14,200000.0,APPROVED,7500.0,Eligible,APPROVED,20000.0,Eligible,APPROVED,20000.0,Eligible
2919,44.9,D,0,12,0.02,1750.0,REJECTED,0.0,Eligible,REJECTED,0.0,Eligible,REJECTED,0.0,Eligible
2920,60.4,C,5,2,0.08,41500.0,REJECTED,0.0,< 6 vends,REJECTED,0.0,< 4 vends,REJECTED,0.0,< 3 vends
2921,43.5,D,5,7,0.03,2000.0,REJECTED,0.0,Eligible,REJECTED,0.0,Eligible,REJECTED,0.0,Eligible
2922,68.1,B,0,6,0.06,50000.0,APPROVED,7500.0,Eligible,APPROVED,20000.0,Eligible,APPROVED,20000.0,Eligible
2923,37.0,D,61,0,0.18,2500.0,REJECTED,0.0,< 6 vends; > 30 days dormant,REJECTED,0.0,< 4 vends; > 45 days dormant,REJECTED,0.0,< 3 vends; > 60 days dormant
2924,41.2,D,0,4,0.14,1750.0,REJECTED,0.0,< 6 vends,REJECTED,0.0,Eligible,REJECTED,0.0,Eligible
2925,67.6,B,1,3,0.08,75000.0,REJECTED,0.0,< 6 vends,REJECTED,0.0,< 4 vends,APPROVED,20000.0,Eligible
2926,43.9,D,17,5,0.02,1750.0,REJECTED,0.0,< 6 vends,REJECTED,0.0,Eligible,REJECTED,0.0,Eligible
2927,45.2,D,3,10,0.08,2000.0,REJECTED,0.0,Eligible,REJECTED,0.0,Eligible,REJECTED,0.0,Eligible
2928,66.7,B,5,3,0.0,180000.0,REJECTED,0.0,< 6 vends,REJECTED,0.0,< 4 vends,APPROVED,20000.0,Eligible
2929,44.5,D,2,19,0.02,1500.0,REJECTED,0.0,Eligible,REJECTED,0.0,Eligible,REJECTED,0.0,Eligible
2930,72.3,B,0,13,0.0,42000.0,APPROVED,7500.0,Eligible,APPROVED,20000.0,Eligible,APPROVED,20000.0,Eligible
2931,42.7,D,0,5,0.03,2000.0,REJECTED,0.0,< 6 vends,REJECTED,0.0,Eligible,REJECTED,0.0,Eligible
2932,43.9,D,0,3,0.08,2000.0,REJECTED,0.0,< 6 vends,REJECTED,0.0,< 4 vends,REJECTED,0.0,Eligible
2933,42.6,D,0,8,0.03,2000.0,REJECTED,0.0,Eligible,REJECTED,0.0,Eligible,REJECTED,0.0,Eligible
2934,66.2,B,2,1,0.14,71500.0,REJECTED,0.0,< 6 vends,REJECTED,0.0,< 4 vends,REJECTED,0.0,< 3 vends
2935,40.7,D,1,7,0.1,2000.0,REJECTED,0.0,Eligible,REJECTED,0.0,Eligible,REJECTED,0.0,Eligible
2936,42.0,D,1,9,0.1,2000.0,REJECTED,0.0,Eligible,REJECTED,0.0,Eligible,REJECTED,0.0,Eligible
2937,38.3,D,2,5,0.05,1500.0,REJECTED,0.0,< 6 vends,REJECTED,0.0,Eligible,REJECTED,0.0,Eligible
2938,72.3,B,8,7,0.0,180000.0,APPROVED,7500.0,Eligible,APPROVED,20000.0,Eligible,APPROVED,20000.0,Eligible
2939,46.5,D,4,12,0.0,1937.5,REJECTED,0.0,Eligible,REJECTED,0.0,Eligible,REJECTED,0.0,Eligible
2940,42.3,D,1,7,0.02,1690.5,REJECTED,0.0,Eligible,REJECTED,0.0,Eligible,REJECTED,0.0,Eligible
2941,71.5,B,3,8,0.05,50000.0,APPROVED,7500.0,Eligible,APPROVED,20000.0,Eligible,APPROVED,20000.0,Eligible
2942,45.1,D,4,5,0.07,2000.0,REJECTED,0.0,< 6 vends,REJECTED,0.0,Eligible,REJECTED,0.0,Eligible
2943,40.4,D,3,5,0.03,2000.0,REJECTED,0.0,< 6 vends,REJECTED,0.0,Eligible,REJECTED,0.0,Eligible
2944,40.6,D,1,5,0.0,1250.0,REJECTED,0.0,< 6 vends,REJECTED,0.0,Eligible,REJECTED,0.0,Eligible
2945,37.5,D,5,5,0.15,1750.0,REJECTED,0.0,< 6 vends,REJECTED,0.0,Eligible,REJECTED,0.0,Eligible
2946,62.3,C,26,2,0.1,50000.0,REJECTED,0.0,< 6 vends,REJECTED,0.0,< 4 vends,REJECTED,0.0,< 3 vends
2947,54.5,C,14,3,0.17,5000.0,REJECTED,0.0,< 6 vends,REJECTED,0.0,< 4 vends,APPROVED,3750.0,Eligible
2948,39.0,D,8,2,0.24,2345.0,REJECTED,0.0,< 6 vends; High Failure Rate (24%),REJECTED,0.0,< 4 vends,REJECTED,0.0,< 3 vends
2949,39.6,D,0,9,0.07,1500.0,REJECTED,0.0,Eligible,REJECTED,0.0,Eligible,REJECTED,0.0,Eligible
2950,71.4,B,2,8,0.07,56000.0,APPROVED,7500.0,Eligible,APPROVED,20000.0,Eligible,APPROVED,20000.0,Eligible
2951,43.4,D,0,6,0.02,2000.0,REJECTED,0.0,Eligible,REJECTED,0.0,Eligible,REJECTED,0.0,Eligible
2952,45.9,D,2,18,0.04,1750.0,REJECTED,0.0,Eligible,REJECTED,0.0,Eligible,REJECTED,0.0,Eligible
2953,72.9,B,5,6,0.04,49500.0,APPROVED,7500.0,Eligible,APPROVED,20000.0,Eligible,APPROVED,20000.0,Eligible
2954,38.6,D,0,5,0.11,1750.0,REJECTED,0.0,< 6 vends,REJECTED,0.0,Eligible,REJECTED,0.0,Eligible
2955,42.4,D,0,5,0.08,2054.0,REJECTED,0.0,< 6 vends,REJECTED,0.0,Eligible,REJECTED,0.0,Eligible
2956,65.7,B,1,2,0.09,75000.0,REJECTED,0.0,< 6 vends,REJECTED,0.0,< 4 vends,REJECTED,0.0,< 3 vends
2957,32.0,D,50,2,0.07,1500.0,REJECTED,0.0,< 6 vends; > 30 days dormant,REJECTED,0.0,< 4 vends; > 45 days dormant,REJECTED,0.0,< 3 vends
2958,46.4,D,5,8,0.02,2000.0,REJECTED,0.0,Eligible,REJECTED,0.0,Eligible,REJECTED,0.0,Eligible
2959,48.1,D,0,11,0.02,2000.0,REJECTED,0.0,Eligible,REJECTED,0.0,Eligible,REJECTED,0.0,Eligible
2960,62.1,C,38,1,0.0,72000.0,REJECTED,0.0,< 6 vends; > 30 days dormant,REJECTED,0.0,< 4 vends,REJECTED,0.0,< 3 vends
2961,34.8,D,39,3,0.14,1500.0,REJECTED,0.0,< 6 vends; > 30 days dormant,REJECTED,0.0,< 4 vends,REJECTED,0.0,Eligible
2962,61.2,C,36,1,0.22,66000.0,REJECTED,0.0,< 6 vends; > 30 days dormant; High Failure Rate (22%),REJECTED,0.0,< 4 vends,REJECTED,0.0,< 3 vends
2963,43.2,D,3,8,0.05,2000.0,REJECTED,0.0,Eligible,REJECTED,0.0,Eligible,REJECTED,0.0,Eligible
2964,33.2,D,5,3,0.09,2000.0,REJECTED,0.0,< 6 vends,REJECTED,0.0,< 4 vends,REJECTED,0.0,Eligible
2965,43.3,D,8,7,0.03,2000.0,REJECTED,0.0,Eligible,REJECTED,0.0,Eligible,REJECTED,0.0,Eligible
2966,42.8,D,1,8,0.0,1750.0,REJECTED,0.0,Eligible,REJECTED,0.0,Eligible,REJECTED,0.0,Eligible
2967,69.7,B,2,7,0.06,50000.0,APPROVED,7500.0,Eligible,APPROVED,20000.0,Eligible,APPROVED,20000.0,Eligible
2968,38.9,D,3,3,0.08,2000.0,REJECTED,0.0,< 6 vends,REJECTED,0.0,< 4 vends,REJECTED,0.0,Eligible
2969,44.7,D,4,3,0.07,2500.0,REJECTED,0.0,< 6 vends,REJECTED,0.0,< 4 vends,REJECTED,0.0,Eligible
2970,44.2,D,0,8,0.07,2000.0,REJECTED,0.0,Eligible,REJECTED,0.0,Eligible,REJECTED,0.0,Eligible
2971,71.6,B,5,6,0.06,181839.0,APPROVED,7500.0,Eligible,APPROVED,20000.0,Eligible,APPROVED,20000.0,Eligible
2972,70.8,B,4,12,0.02,51000.0,APPROVED,7500.0,Eligible,APPROVED,20000.0,Eligible,APPROVED,20000.0,Eligible
2973,39.7,D,3,4,0.06,1750.0,REJECTED,0.0,< 6 vends,REJECTED,0.0,Eligible,REJECTED,0.0,Eligible
2974,43.7,D,1,13,0.04,1500.0,REJECTED,0.0,Eligible,REJECTED,0.0,Eligible,REJECTED,0.0,Eligible
2975,71.2,B,1,9,0.13,61500.0,APPROVED,7500.0,Eligible,APPROVED,20000.0,Eligible,APPROVED,20000.0,Eligible
2976,44.4,D,9,5,0.05,2000.0,REJECTED,0.0,< 6 vends,REJECTED,0.0,Eligible,REJECTED,0.0,Eligible
2977,43.5,D,3,15,0.02,2000.0,REJECTED,0.0,Eligible,REJECTED,0.0,Eligible,REJECTED,0.0,Eligible
2978,66.9,B,3,7,0.07,55000.0,APPROVED,7500.0,Eligible,APPROVED,20000.0,Eligible,APPROVED,20000.0,Eligible
2979,71.0,B,5,7,0.05,40000.0,APPROVED,7500.0,Eligible,APPROVED,20000.0,Eligible,APPROVED,20000.0,Eligible
2980,43.5,D,1,11,0.07,2000.0,REJECTED,0.0,Eligible,REJECTED,0.0,Eligible,REJECTED,0.0,Eligible
2981,39.8,D,2,11,0.03,1750.0,REJECTED,0.0,Eligible,REJECTED,0.0,Eligible,REJECTED,0.0,Eligible
2982,38.1,D,15,5,0.06,1500.0,REJECTED,0.0,< 6 vends,REJECTED,0.0,Eligible,REJECTED,0.0,Eligible
2983,33.5,D,13,2,0.23,1750.0,REJECTED,0.0,< 6 vends; High Failure Rate (23%),REJECTED,0.0,< 4 vends,REJECTED,0.0,< 3 vends
2984,39.6,D,97,0,0.25,2000.0,REJECTED,0.0,< 6 vends; > 30 days dormant; High Failure Rate (25%),REJECTED,0.0,< 4 vends; > 45 days dormant,REJECTED,0.0,< 3 vends; > 60 days dormant
2985,35.2,D,0,3,0.0,1778.5,REJECTED,0.0,< 6 vends,REJECTED,0.0,< 4 vends,REJECTED,0.0,Eligible
2986,45.4,D,5,11,0.02,2000.0,REJECTED,0.0,Eligible,REJECTED,0.0,Eligible,REJECTED,0.0,Eligible
2987,75.5,B,13,9,0.05,63000.0,APPROVED,7500.0,Eligible,APPROVED,20000.0,Eligible,APPROVED,20000.0,Eligible
2988,34.5,D,4,3,0.0,2000.0,REJECTED,0.0,< 6 vends,REJECTED,0.0,< 4 vends,REJECTED,0.0,Eligible
2989,67.7,B,18,4,0.12,200000.0,REJECTED,0.0,< 6 vends,APPROVED,20000.0,Eligible,APPROVED,20000.0,Eligible
2990,45.1,D,0,13,0.04,2000.0,REJECTED,0.0,Eligible,REJECTED,0.0,Eligible,REJECTED,0.0,Eligible
2991,47.6,D,4,9,0.02,2000.0,REJECTED,0.0,Eligible,REJECTED,0.0,Eligible,REJECTED,0.0,Eligible
2992,53.1,C,1,9,0.02,3000.0,REJECTED,0.0,Below Min Loan Size,REJECTED,0.0,Below Min Loan Size,APPROVED,2250.0,Eligible
2993,49.4,D,11,8,0.02,2000.0,REJECTED,0.0,Eligible,REJECTED,0.0,Eligible,REJECTED,0.0,Eligible
2994,50.3,C,1,4,0.1,3000.0,REJECTED,0.0,< 6 vends,REJECTED,0.0,Below Min Loan Size,APPROVED,2250.0,Eligible
2995,40.8,D,0,10,0.0,1959.0,REJECTED,0.0,Eligible,REJECTED,0.0,Eligible,REJECTED,0.0,Eligible
2996,39.8,D,0,6,0.0,1375.0,REJECTED,0.0,Eligible,REJECTED,0.0,Eligible,REJECTED,0.0,Eligible
2997,35.7,D,65,0,0.21,2000.0,REJECTED,0.0,< 6 vends; > 30 days dormant; High Failure Rate (21%),REJECTED,0.0,< 4 vends; > 45 days dormant,REJECTED,0.0,< 3 vends; > 60 days dormant
2998,43.4,D,0,15,0.02,1875.0,REJECTED,0.0,Eligible,REJECTED,0.0,Eligible,REJECTED,0.0,Eligible
2999,47.6,D,0,15,0.05,2000.0,REJECTED,0.0,Eligible,REJECTED,0.0,Eligible,REJECTED,0.0,Eligible
3000,45.2,D,5,3,0.0,1750.0,REJECTED,0.0,< 6 vends,REJECTED,0.0,< 4 vends,REJECTED,0.0,Eligible
3001,44.4,D,0,11,0.0,2000.0,REJECTED,0.0,Eligible,REJECTED,0.0,Eligible,REJECTED,0.0,Eligible
3002,42.5,D,0,7,0.06,1880.0,REJECTED,0.0,Eligible,REJECTED,0.0,Eligible,REJECTED,0.0,Eligible
3003,64.9,C,9,5,0.22,59000.0,REJECTED,0.0,< 6 vends; High Failure Rate (22%),APPROVED,20000.0,Eligible,APPROVED,20000.0,Eligible
3004,73.1,B,5,4,0.11,200000.0,REJECTED,0.0,< 6 vends,APPROVED,20000.0,Eligible,APPROVED,20000.0,Eligible
3005,37.7,D,8,5,0.08,2000.0,REJECTED,0.0,< 6 vends,REJECTED,0.0,Eligible,REJECTED,0.0,Eligible
3006,42.6,D,1,3,0.0,1500.0,REJECTED,0.0,< 6 vends,REJECTED,0.0,< 4 vends,REJECTED,0.0,Eligible
3007,47.5,D,1,14,0.09,2000.0,REJECTED,0.0,Eligible,REJECTED,0.0,Eligible,REJECTED,0.0,Eligible
3008,42.6,D,2,10,0.02,1750.0,REJECTED,0.0,Eligible,REJECTED,0.0,Eligible,REJECTED,0.0,Eligible
3009,47.4,D,0,15,0.0,2000.0,REJECTED,0.0,Eligible,REJECTED,0.0,Eligible,REJECTED,0.0,Eligible
3010,44.1,D,2,10,0.02,2000.0,REJECTED,0.0,Eligible,REJECTED,0.0,Eligible,REJECTED,0.0,Eligible
3011,48.3,D,2,13,0.07,2500.0,REJECTED,0.0,Eligible,REJECTED,0.0,Eligible,REJECTED,0.0,Eligible
3012,76.3,B,4,7,0.02,180000.0,APPROVED,7500.0,Eligible,APPROVED,20000.0,Eligible,APPROVED,20000.0,Eligible
3013,71.8,B,3,6,0.0,180000.0,APPROVED,7500.0,Eligible,APPROVED,20000.0,Eligible,APPROVED,20000.0,Eligible
3014,39.2,D,3,7,0.1,2000.0,REJECTED,0.0,Eligible,REJECTED,0.0,Eligible,REJECTED,0.0,Eligible
3015,72.5,B,1,11,0.08,48500.0,APPROVED,7500.0,Eligible,APPROVED,20000.0,Eligible,APPROVED,20000.0,Eligible
3016,44.1,D,1,8,0.03,1921.5,REJECTED,0.0,Eligible,REJECTED,0.0,Eligible,REJECTED,0.0,Eligible
3017,73.4,B,2,10,0.0,194216.0,APPROVED,7500.0,Eligible,APPROVED,20000.0,Eligible,APPROVED,20000.0,Eligible
3018,36.5,D,10,3,0.12,1500.0,REJECTED,0.0,< 6 vends,REJECTED,0.0,< 4 vends,REJECTED,0.0,Eligible
3019,44.1,D,1,8,0.06,2000.0,REJECTED,0.0,Eligible,REJECTED,0.0,Eligible,REJECTED,0.0,Eligible
3020,74.1,B,1,9,0.07,180000.0,APPROVED,7500.0,Eligible,APPROVED,20000.0,Eligible,APPROVED,20000.0,Eligible
3021,71.0,B,1,5,0.1,180000.0,REJECTED,0.0,< 6 vends,APPROVED,20000.0,Eligible,APPROVED,20000.0,Eligible
3022,41.3,D,0,7,0.0,1625.0,REJECTED,0.0,Eligible,REJECTED,0.0,Eligible,REJECTED,0.0,Eligible
3023,30.5,D,16,2,0.07,1250.0,REJECTED,0.0,< 6 vends,REJECTED,0.0,< 4 vends,REJECTED,0.0,< 3 vends
3024,35.1,D,17,5,0.25,1625.0,REJECTED,0.0,< 6 vends; High Failure Rate (25%),REJECTED,0.0,Eligible,REJECTED,0.0,Eligible
3025,41.5,D,2,3,0.0,2000.0,REJECTED,0.0,< 6 vends,REJECTED,0.0,< 4 vends,REJECTED,0.0,Eligible
3026,35.7,D,3,3,0.11,1500.0,REJECTED,0.0,< 6 vends,REJECTED,0.0,< 4 vends,REJECTED,0.0,Eligible
3027,44.8,D,1,7,0.07,2000.0,REJECTED,0.0,Eligible,REJECTED,0.0,Eligible,REJECTED,0.0,Eligible
3028,38.7,D,7,5,0.08,1500.0,REJECTED,0.0,< 6 vends,REJECTED,0.0,Eligible,REJECTED,0.0,Eligible
3029,35.0,D,21,3,0.11,1500.0,REJECTED,0.0,< 6 vends,REJECTED,0.0,< 4 vends,REJECTED,0.0,Eligible
3030,48.2,D,2,10,0.02,2000.0,REJECTED,0.0,Eligible,REJECTED,0.0,Eligible,REJECTED,0.0,Eligible
3031,68.3,B,1,2,0.1,180000.0,REJECTED,0.0,< 6 vends,REJECTED,0.0,< 4 vends,REJECTED,0.0,< 3 vends
3032,73.5,B,0,6,0.04,50000.0,APPROVED,7500.0,Eligible,APPROVED,20000.0,Eligible,APPROVED,20000.0,Eligible
3033,43.1,D,3,10,0.0,1500.0,REJECTED,0.0,Eligible,REJECTED,0.0,Eligible,REJECTED,0.0,Eligible
3034,69.9,B,15,8,0.08,46500.0,APPROVED,7500.0,Eligible,APPROVED,20000.0,Eligible,APPROVED,20000.0,Eligible
3035,45.0,D,0,10,0.09,2000.0,REJECTED,0.0,Eligible,REJECTED,0.0,Eligible,REJECTED,0.0,Eligible
3036,37.8,D,9,7,0.12,1500.0,REJECTED,0.0,Eligible,REJECTED,0.0,Eligible,REJECTED,0.0,Eligible
3037,41.5,D,0,6,0.0,1781.0,REJECTED,0.0,Eligible,REJECTED,0.0,Eligible,REJECTED,0.0,Eligible
3038,44.1,D,2,4,0.0,2500.0,REJECTED,0.0,< 6 vends,REJECTED,0.0,Eligible,REJECTED,0.0,Eligible
3039,47.4,D,0,9,0.06,2000.0,REJECTED,0.0,Eligible,REJECTED,0.0,Eligible,REJECTED,0.0,Eligible
3040,38.2,D,2,8,0.16,1875.0,REJECTED,0.0,Eligible,REJECTED,0.0,Eligible,REJECTED,0.0,Eligible
3041,44.0,D,1,14,0.04,1860.0,REJECTED,0.0,Eligible,REJECTED,0.0,Eligible,REJECTED,0.0,Eligible
3042,51.3,C,0,12,0.0,2000.0,REJECTED,0.0,Below Min Loan Size,REJECTED,0.0,Below Min Loan Size,REJECTED,0.0,Below Min Loan Size
3043,38.8,D,2,8,0.04,2000.0,REJECTED,0.0,Eligible,REJECTED,0.0,Eligible,REJECTED,0.0,Eligible
3044,44.0,D,0,8,0.09,2125.0,REJECTED,0.0,Eligible,REJECTED,0.0,Eligible,REJECTED,0.0,Eligible
3045,41.8,D,3,9,0.0,1500.0,REJECTED,0.0,Eligible,REJECTED,0.0,Eligible,REJECTED,0.0,Eligible
3046,40.4,D,0,8,0.05,1750.0,REJECTED,0.0,Eligible,REJECTED,0.0,Eligible,REJECTED,0.0,Eligible
3047,50.6,C,20,7,0.0,1750.0,REJECTED,0.0,Below Min Loan Size,REJECTED,0.0,Below Min Loan Size,REJECTED,0.0,Below Min Loan Size
3048,48.8,D,1,10,0.05,2000.0,REJECTED,0.0,Eligible,REJECTED,0.0,Eligible,REJECTED,0.0,Eligible
3049,41.0,D,2,8,0.08,2000.0,REJECTED,0.0,Eligible,REJECTED,0.0,Eligible,REJECTED,0.0,Eligible
3050,60.7,C,1,1,0.0,52000.0,REJECTED,0.0,< 6 vends,REJECTED,0.0,< 4 vends,REJECTED,0.0,< 3 vends
3051,41.4,D,11,3,0.0,1617.0,REJECTED,0.0,< 6 vends,REJECTED,0.0,< 4 vends,REJECTED,0.0,Eligible
3052,41.3,D,31,1,0.14,2875.0,REJECTED,0.0,< 6 vends; > 30 days dormant,REJECTED,0.0,< 4 vends,REJECTED,0.0,< 3 vends
3053,43.0,D,4,6,0.02,2000.0,REJECTED,0.0,Eligible,REJECTED,0.0,Eligible,REJECTED,0.0,Eligible
3054,39.8,D,1,7,0.08,1850.0,REJECTED,0.0,Eligible,REJECTED,0.0,Eligible,REJECTED,0.0,Eligible
3055,73.2,B,15,8,0.08,200000.0,APPROVED,7500.0,Eligible,APPROVED,20000.0,Eligible,APPROVED,20000.0,Eligible
3056,43.6,D,3,11,0.07,1250.0,REJECTED,0.0,Eligible,REJECTED,0.0,Eligible,REJECTED,0.0,Eligible
3057,41.9,D,6,6,0.03,2000.0,REJECTED,0.0,Eligible,REJECTED,0.0,Eligible,REJECTED,0.0,Eligible
3058,45.5,D,2,11,0.04,2000.0,REJECTED,0.0,Eligible,REJECTED,0.0,Eligible,REJECTED,0.0,Eligible
3059,68.5,B,0,13,0.14,40000.0,APPROVED,7500.0,Eligible,APPROVED,20000.0,Eligible,APPROVED,20000.0,Eligible
3060,64.3,C,34,2,0.0,200000.0,REJECTED,0.0,< 6 vends; > 30 days dormant,REJECTED,0.0,< 4 vends,REJECTED,0.0,< 3 vends
3061,45.2,D,10,7,0.02,2000.0,REJECTED,0.0,Eligible,REJECTED,0.0,Eligible,REJECTED,0.0,Eligible
3062,64.7,C,0,4,0.06,153980.0,REJECTED,0.0,< 6 vends,APPROVED,20000.0,Eligible,APPROVED,20000.0,Eligible
3063,69.4,B,2,8,0.03,42000.0,APPROVED,7500.0,Eligible,APPROVED,20000.0,Eligible,APPROVED,20000.0,Eligible
3064,63.8,C,2,1,0.2,150000.0,REJECTED,0.0,< 6 vends,REJECTED,0.0,< 4 vends,REJECTED,0.0,< 3 vends
3065,72.1,B,2,12,0.05,180000.0,APPROVED,7500.0,Eligible,APPROVED,20000.0,Eligible,APPROVED,20000.0,Eligible
3066,45.1,D,0,15,0.04,2000.0,REJECTED,0.0,Eligible,REJECTED,0.0,Eligible,REJECTED,0.0,Eligible
3067,38.4,D,7,6,0.03,1937.5,REJECTED,0.0,Eligible,REJECTED,0.0,Eligible,REJECTED,0.0,Eligible
3068,44.0,D,5,6,0.07,2000.0,REJECTED,0.0,Eligible,REJECTED,0.0,Eligible,REJECTED,0.0,Eligible
3069,38.1,D,1,5,0.0,1667.5,REJECTED,0.0,< 6 vends,REJECTED,0.0,Eligible,REJECTED,0.0,Eligible
3070,43.7,D,1,14,0.02,1375.0,REJECTED,0.0,Eligible,REJECTED,0.0,Eligible,REJECTED,0.0,Eligible
3071,43.6,D,1,10,0.05,2172.5,REJECTED,0.0,Eligible,REJECTED,0.0,Eligible,REJECTED,0.0,Eligible
3072,43.8,D,0,14,0.02,2000.0,REJECTED,0.0,Eligible,REJECTED,0.0,Eligible,REJECTED,0.0,Eligible
3073,36.7,D,2,6,0.07,1648.0,REJECTED,0.0,Eligible,REJECTED,0.0,Eligible,REJECTED,0.0,Eligible
3074,32.8,D,0,1,0.18,2000.0,REJECTED,0.0,< 6 vends,REJECTED,0.0,< 4 vends,REJECTED,0.0,< 3 vends
3075,43.0,D,3,6,0.0,1972.0,REJECTED,0.0,Eligible,REJECTED,0.0,Eligible,REJECTED,0.0,Eligible
3076,46.0,D,5,7,0.1,2500.0,REJECTED,0.0,Eligible,REJECTED,0.0,Eligible,REJECTED,0.0,Eligible
3077,38.6,D,4,6,0.08,1500.0,REJECTED,0.0,Eligible,REJECTED,0.0,Eligible,REJECTED,0.0,Eligible
3078,68.4,B,0,5,0.0,54000.0,REJECTED,0.0,< 6 vends,APPROVED,20000.0,Eligible,APPROVED,20000.0,Eligible
3079,37.8,D,2,1,0.15,2000.0,REJECTED,0.0,< 6 vends,REJECTED,0.0,< 4 vends,REJECTED,0.0,< 3 vends
3080,41.9,D,5,9,0.06,1500.0,REJECTED,0.0,Eligible,REJECTED,0.0,Eligible,REJECTED,0.0,Eligible
3081,35.1,D,20,3,0.1,1117.0,REJECTED,0.0,< 6 vends,REJECTED,0.0,< 4 vends,REJECTED,0.0,Eligible
3082,47.2,D,4,13,0.02,2000.0,REJECTED,0.0,Eligible,REJECTED,0.0,Eligible,REJECTED,0.0,Eligible
3083,43.1,D,3,3,0.06,3000.0,REJECTED,0.0,< 6 vends,REJECTED,0.0,< 4 vends,REJECTED,0.0,Eligible
3084,31.5,D,37,1,0.0,1437.5,REJECTED,0.0,< 6 vends; > 30 days dormant,REJECTED,0.0,< 4 vends,REJECTED,0.0,< 3 vends
3085,47.1,D,3,6,0.02,1798.0,REJECTED,0.0,Eligible,REJECTED,0.0,Eligible,REJECTED,0.0,Eligible
3086,70.6,B,2,7,0.0,54000.0,APPROVED,7500.0,Eligible,APPROVED,20000.0,Eligible,APPROVED,20000.0,Eligible
3087,42.9,D,3,6,0.12,2000.0,REJECTED,0.0,Eligible,REJECTED,0.0,Eligible,REJECTED,0.0,Eligible
3088,40.2,D,3,9,0.03,2000.0,REJECTED,0.0,Eligible,REJECTED,0.0,Eligible,REJECTED,0.0,Eligible
3089,47.3,D,3,8,0.0,2345.0,REJECTED,0.0,Eligible,REJECTED,0.0,Eligible,REJECTED,0.0,Eligible
3090,34.8,D,0,6,0.04,1500.0,REJECTED,0.0,Eligible,REJECTED,0.0,Eligible,REJECTED,0.0,Eligible
3091,42.7,D,39,1,0.1,2000.0,REJECTED,0.0,< 6 vends; > 30 days dormant,REJECTED,0.0,< 4 vends,REJECTED,0.0,< 3 vends
3092,47.9,D,4,15,0.03,1500.0,REJECTED,0.0,Eligible,REJECTED,0.0,Eligible,REJECTED,0.0,Eligible
3093,36.3,D,1,3,0.0,2000.0,REJECTED,0.0,< 6 vends,REJECTED,0.0,< 4 vends,REJECTED,0.0,Eligible
3094,40.6,D,28,2,0.14,2000.0,REJECTED,0.0,< 6 vends,REJECTED,0.0,< 4 vends,REJECTED,0.0,< 3 vends
3095,46.1,D,1,9,0.03,1750.0,REJECTED,0.0,Eligible,REJECTED,0.0,Eligible,REJECTED,0.0,Eligible
3096,44.6,D,2,4,0.0,3806.5,REJECTED,0.0,< 6 vends,REJECTED,0.0,Eligible,REJECTED,0.0,Eligible
3097,38.9,D,9,7,0.11,2250.0,REJECTED,0.0,Eligible,REJECTED,0.0,Eligible,REJECTED,0.0,Eligible
3098,69.2,B,1,8,0.08,50000.0,APPROVED,7500.0,Eligible,APPROVED,20000.0,Eligible,APPROVED,20000.0,Eligible
3099,41.4,D,26,7,0.06,2000.0,REJECTED,0.0,Eligible,REJECTED,0.0,Eligible,REJECTED,0.0,Eligible
3100,29.0,D,32,2,0.0,1000.0,REJECTED,0.0,< 6 vends; > 30 days dormant,REJECTED,0.0,< 4 vends,REJECTED,0.0,< 3 vends
3101,41.1,D,5,6,0.09,2000.0,REJECTED,0.0,Eligible,REJECTED,0.0,Eligible,REJECTED,0.0,Eligible
3102,40.0,D,3,7,0.0,1500.0,REJECTED,0.0,Eligible,REJECTED,0.0,Eligible,REJECTED,0.0,Eligible
3103,42.5,D,2,11,0.13,2000.0,REJECTED,0.0,Eligible,REJECTED,0.0,Eligible,REJECTED,0.0,Eligible
3104,44.7,D,0,12,0.04,2000.0,REJECTED,0.0,Eligible,REJECTED,0.0,Eligible,REJECTED,0.0,Eligible
3105,70.9,B,2,7,0.07,51000.0,APPROVED,7500.0,Eligible,APPROVED,20000.0,Eligible,APPROVED,20000.0,Eligible
3106,44.6,D,16,10,0.08,2000.0,REJECTED,0.0,Eligible,REJECTED,0.0,Eligible,REJECTED,0.0,Eligible
3107,48.7,D,1,11,0.08,2000.0,REJECTED,0.0,Eligible,REJECTED,0.0,Eligible,REJECTED,0.0,Eligible
3108,75.1,B,9,8,0.0,180000.0,APPROVED,7500.0,Eligible,APPROVED,20000.0,Eligible,APPROVED,20000.0,Eligible
3109,43.4,D,2,9,0.02,2000.0,REJECTED,0.0,Eligible,REJECTED,0.0,Eligible,REJECTED,0.0,Eligible
3110,43.4,D,0,12,0.0,1750.0,REJECTED,0.0,Eligible,REJECTED,0.0,Eligible,REJECTED,0.0,Eligible
3111,38.5,D,5,4,0.09,1500.0,REJECTED,0.0,< 6 vends,REJECTED,0.0,Eligible,REJECTED,0.0,Eligible
3112,42.7,D,1,2,0.11,1750.0,REJECTED,0.0,< 6 vends,REJECTED,0.0,< 4 vends,REJECTED,0.0,< 3 vends
3113,58.1,C,2,1,0.11,25000.0,REJECTED,0.0,< 6 vends,REJECTED,0.0,< 4 vends,REJECTED,0.0,< 3 vends
3114,33.3,D,2,2,0.09,2000.0,REJECTED,0.0,< 6 vends,REJECTED,0.0,< 4 vends,REJECTED,0.0,< 3 vends
3115,45.6,D,0,10,0.04,2000.0,REJECTED,0.0,Eligible,REJECTED,0.0,Eligible,REJECTED,0.0,Eligible
3116,42.6,D,1,9,0.05,1750.0,REJECTED,0.0,Eligible,REJECTED,0.0,Eligible,REJECTED,0.0,Eligible
3117,47.2,D,1,8,0.05,2000.0,REJECTED,0.0,Eligible,REJECTED,0.0,Eligible,REJECTED,0.0,Eligible
3118,37.3,D,0,7,0.0,1500.0,REJECTED,0.0,Eligible,REJECTED,0.0,Eligible,REJECTED,0.0,Eligible
3119,42.3,D,1,8,0.0,1500.0,REJECTED,0.0,Eligible,REJECTED,0.0,Eligible,REJECTED,0.0,Eligible
3120,45.3,D,7,5,0.12,1500.0,REJECTED,0.0,< 6 vends,REJECTED,0.0,Eligible,REJECTED,0.0,Eligible
3121,38.6,D,5,5,0.1,1750.0,REJECTED,0.0,< 6 vends,REJECTED,0.0,Eligible,REJECTED,0.0,Eligible
3122,37.5,D,0,2,0.2,1665.0,REJECTED,0.0,< 6 vends,REJECTED,0.0,< 4 vends,REJECTED,0.0,< 3 vends
3123,41.4,D,4,10,0.02,1625.0,REJECTED,0.0,Eligible,REJECTED,0.0,Eligible,REJECTED,0.0,Eligible
3124,43.0,D,0,10,0.04,1750.0,REJECTED,0.0,Eligible,REJECTED,0.0,Eligible,REJECTED,0.0,Eligible
3125,29.4,D,0,2,0.0,1127.5,REJECTED,0.0,< 6 vends,REJECTED,0.0,< 4 vends,REJECTED,0.0,< 3 vends
3126,41.5,D,5,9,0.07,2047.0,REJECTED,0.0,Eligible,REJECTED,0.0,Eligible,REJECTED,0.0,Eligible
3127,73.1,B,5,4,0.02,180000.0,REJECTED,0.0,< 6 vends,APPROVED,20000.0,Eligible,APPROVED,20000.0,Eligible
3128,45.9,D,2,2,0.0,2000.0,REJECTED,0.0,< 6 vends,REJECTED,0.0,< 4 vends,REJECTED,0.0,< 3 vends
3129,72.3,B,3,13,0.06,50000.0,APPROVED,7500.0,Eligible,APPROVED,20000.0,Eligible,APPROVED,20000.0,Eligible
3130,34.4,D,4,5,0.12,1500.0,REJECTED,0.0,< 6 vends,REJECTED,0.0,Eligible,REJECTED,0.0,Eligible
3131,44.0,D,0,6,0.02,2000.0,REJECTED,0.0,Eligible,REJECTED,0.0,Eligible,REJECTED,0.0,Eligible
3132,70.2,B,5,4,0.11,150000.0,REJECTED,0.0,< 6 vends,APPROVED,20000.0,Eligible,APPROVED,20000.0,Eligible
3133,68.2,B,0,7,0.03,48000.0,APPROVED,7500.0,Eligible,APPROVED,20000.0,Eligible,APPROVED,20000.0,Eligible
3134,64.9,C,7,4,0.1,50000.0,REJECTED,0.0,< 6 vends,APPROVED,20000.0,Eligible,APPROVED,20000.0,Eligible
3135,63.7,C,30,2,0.0,61500.0,REJECTED,0.0,< 6 vends,REJECTED,0.0,< 4 vends,REJECTED,0.0,< 3 vends
3136,67.2,B,1,5,0.08,167128.0,REJECTED,0.0,< 6 vends,APPROVED,20000.0,Eligible,APPROVED,20000.0,Eligible
3137,52.1,C,15,2,0.22,3603.0,REJECTED,0.0,< 6 vends; High Failure Rate (22%),REJECTED,0.0,< 4 vends,REJECTED,0.0,< 3 vends
3138,44.9,D,0,13,0.0,1500.0,REJECTED,0.0,Eligible,REJECTED,0.0,Eligible,REJECTED,0.0,Eligible
3139,42.5,D,1,4,0.02,2000.0,REJECTED,0.0,< 6 vends,REJECTED,0.0,Eligible,REJECTED,0.0,Eligible
3140,43.1,D,0,7,0.09,2000.0,REJECTED,0.0,Eligible,REJECTED,0.0,Eligible,REJECTED,0.0,Eligible
3141,76.3,B,0,11,0.07,51000.0,APPROVED,7500.0,Eligible,APPROVED,20000.0,Eligible,APPROVED,20000.0,Eligible
3142,65.9,B,26,3,0.04,46500.0,REJECTED,0.0,< 6 vends,REJECTED,0.0,< 4 vends,APPROVED,20000.0,Eligible
3143,42.7,D,15,5,0.15,2750.0,REJECTED,0.0,< 6 vends,REJECTED,0.0,Eligible,REJECTED,0.0,Eligible
3144,34.1,D,3,3,0.07,2000.0,REJECTED,0.0,< 6 vends,REJECTED,0.0,< 4 vends,REJECTED,0.0,Eligible
3145,37.0,D,2,3,0.11,1500.0,REJECTED,0.0,< 6 vends,REJECTED,0.0,< 4 vends,REJECTED,0.0,Eligible
3146,30.8,D,0,5,0.12,1125.0,REJECTED,0.0,< 6 vends,REJECTED,0.0,Eligible,REJECTED,0.0,Eligible
3147,68.6,B,29,3,0.03,50000.0,REJECTED,0.0,< 6 vends,REJECTED,0.0,< 4 vends,APPROVED,20000.0,Eligible
3148,39.2,D,5,6,0.12,2500.0,REJECTED,0.0,Eligible,REJECTED,0.0,Eligible,REJECTED,0.0,Eligible
3149,39.0,D,1,2,0.08,1500.0,REJECTED,0.0,< 6 vends,REJECTED,0.0,< 4 vends,REJECTED,0.0,< 3 vends
3150,45.7,D,5,8,0.05,2000.0,REJECTED,0.0,Eligible,REJECTED,0.0,Eligible,REJECTED,0.0,Eligible
3151,32.3,D,6,3,0.14,1741.0,REJECTED,0.0,< 6 vends,REJECTED,0.0,< 4 vends,REJECTED,0.0,Eligible
3152,41.1,D,4,6,0.03,1750.0,REJECTED,0.0,Eligible,REJECTED,0.0,Eligible,REJECTED,0.0,Eligible
3153,42.3,D,0,12,0.02,2000.0,REJECTED,0.0,Eligible,REJECTED,0.0,Eligible,REJECTED,0.0,Eligible
3154,42.5,D,1,7,0.05,2000.0,REJECTED,0.0,Eligible,REJECTED,0.0,Eligible,REJECTED,0.0,Eligible
3155,71.0,B,2,5,0.04,200000.0,REJECTED,0.0,< 6 vends,APPROVED,20000.0,Eligible,APPROVED,20000.0,Eligible
3156,43.9,D,3,6,0.08,3000.0,REJECTED,0.0,Eligible,REJECTED,0.0,Eligible,REJECTED,0.0,Eligible
3157,45.8,D,7,10,0.06,2000.0,REJECTED,0.0,Eligible,REJECTED,0.0,Eligible,REJECTED,0.0,Eligible
3158,43.0,D,0,8,0.0,1750.0,REJECTED,0.0,Eligible,REJECTED,0.0,Eligible,REJECTED,0.0,Eligible
3159,38.0,D,1,7,0.0,1250.0,REJECTED,0.0,Eligible,REJECTED,0.0,Eligible,REJECTED,0.0,Eligible
3160,68.5,B,3,9,0.09,150000.0,APPROVED,7500.0,Eligible,APPROVED,20000.0,Eligible,APPROVED,20000.0,Eligible
3161,74.5,B,2,10,0.02,194195.0,APPROVED,7500.0,Eligible,APPROVED,20000.0,Eligible,APPROVED,20000.0,Eligible
3162,48.3,D,8,8,0.04,2250.0,REJECTED,0.0,Eligible,REJECTED,0.0,Eligible,REJECTED,0.0,Eligible
3163,35.8,D,25,3,0.0,1875.0,REJECTED,0.0,< 6 vends,REJECTED,0.0,< 4 vends,REJECTED,0.0,Eligible
3164,43.2,D,2,5,0.07,2000.0,REJECTED,0.0,< 6 vends,REJECTED,0.0,Eligible,REJECTED,0.0,Eligible
3165,63.7,C,5,3,0.05,50000.0,REJECTED,0.0,< 6 vends,REJECTED,0.0,< 4 vends,APPROVED,20000.0,Eligible
3166,73.6,B,2,11,0.08,62000.0,APPROVED,7500.0,Eligible,APPROVED,20000.0,Eligible,APPROVED,20000.0,Eligible
3167,31.1,D,38,2,0.0,1500.0,REJECTED,0.0,< 6 vends; > 30 days dormant,REJECTED,0.0,< 4 vends,REJECTED,0.0,< 3 vends
3168,45.0,D,6,9,0.11,2074.0,REJECTED,0.0,Eligible,REJECTED,0.0,Eligible,REJECTED,0.0,Eligible
3169,41.4,D,3,3,0.04,2500.0,REJECTED,0.0,< 6 vends,REJECTED,0.0,< 4 vends,REJECTED,0.0,Eligible
3170,39.0,D,2,2,0.14,2375.0,REJECTED,0.0,< 6 vends,REJECTED,0.0,< 4 vends,REJECTED,0.0,< 3 vends
3171,44.8,D,6,9,0.06,2000.0,REJECTED,0.0,Eligible,REJECTED,0.0,Eligible,REJECTED,0.0,Eligible
3172,40.5,D,9,6,0.03,2000.0,REJECTED,0.0,Eligible,REJECTED,0.0,Eligible,REJECTED,0.0,Eligible
3173,41.1,D,1,4,0.0,1625.0,REJECTED,0.0,< 6 vends,REJECTED,0.0,Eligible,REJECTED,0.0,Eligible
3174,43.2,D,3,5,0.08,2000.0,REJECTED,0.0,< 6 vends,REJECTED,0.0,Eligible,REJECTED,0.0,Eligible
3175,29.9,D,2,3,0.1,1234.0,REJECTED,0.0,< 6 vends,REJECTED,0.0,< 4 vends,REJECTED,0.0,Eligible
3176,61.6,C,7,3,0.0,45500.0,REJECTED,0.0,< 6 vends,REJECTED,0.0,< 4 vends,APPROVED,20000.0,Eligible
3177,35.6,D,5,6,0.1,1750.0,REJECTED,0.0,Eligible,REJECTED,0.0,Eligible,REJECTED,0.0,Eligible
3178,43.3,D,9,10,0.03,2000.0,REJECTED,0.0,Eligible,REJECTED,0.0,Eligible,REJECTED,0.0,Eligible
3179,34.5,D,2,3,0.17,2067.0,REJECTED,0.0,< 6 vends,REJECTED,0.0,< 4 vends,REJECTED,0.0,Eligible
3180,38.3,D,0,3,0.06,1500.0,REJECTED,0.0,< 6 vends,REJECTED,0.0,< 4 vends,REJECTED,0.0,Eligible
3181,50.6,C,1,9,0.09,1500.0,REJECTED,0.0,Below Min Loan Size,REJECTED,0.0,Below Min Loan Size,REJECTED,0.0,Below Min Loan Size
3182,51.5,C,1,10,0.0,2000.0,REJECTED,0.0,Below Min Loan Size,REJECTED,0.0,Below Min Loan Size,REJECTED,0.0,Below Min Loan Size
3183,38.5,D,0,7,0.0,1625.0,REJECTED,0.0,Eligible,REJECTED,0.0,Eligible,REJECTED,0.0,Eligible
3184,40.1,D,30,4,0.07,1831.0,REJECTED,0.0,< 6 vends,REJECTED,0.0,Eligible,REJECTED,0.0,Eligible
3185,46.5,D,2,12,0.02,2458.0,REJECTED,0.0,Eligible,REJECTED,0.0,Eligible,REJECTED,0.0,Eligible
3186,39.0,D,33,2,0.0,1666.5,REJECTED,0.0,< 6 vends; > 30 days dormant,REJECTED,0.0,< 4 vends,REJECTED,0.0,< 3 vends
3187,38.2,D,0,8,0.13,2000.0,REJECTED,0.0,Eligible,REJECTED,0.0,Eligible,REJECTED,0.0,Eligible
3188,42.5,D,2,4,0.0,2000.0,REJECTED,0.0,< 6 vends,REJECTED,0.0,Eligible,REJECTED,0.0,Eligible
3189,36.6,D,33,2,0.08,2000.0,REJECTED,0.0,< 6 vends; > 30 days dormant,REJECTED,0.0,< 4 vends,REJECTED,0.0,< 3 vends
3190,44.5,D,1,3,0.06,2000.0,REJECTED,0.0,< 6 vends,REJECTED,0.0,< 4 vends,REJECTED,0.0,Eligible
3191,48.6,D,0,6,0.0,2000.0,REJECTED,0.0,Eligible,REJECTED,0.0,Eligible,REJECTED,0.0,Eligible
3192,35.2,D,15,3,0.06,2000.0,REJECTED,0.0,< 6 vends,REJECTED,0.0,< 4 vends,REJECTED,0.0,Eligible
3193,74.6,B,3,10,0.02,180000.0,APPROVED,7500.0,Eligible,APPROVED,20000.0,Eligible,APPROVED,20000.0,Eligible
3194,36.4,D,3,4,0.04,1500.0,REJECTED,0.0,< 6 vends,REJECTED,0.0,Eligible,REJECTED,0.0,Eligible
3195,42.9,D,15,7,0.07,2000.0,REJECTED,0.0,Eligible,REJECTED,0.0,Eligible,REJECTED,0.0,Eligible
3196,36.0,D,1,5,0.14,1625.0,REJECTED,0.0,< 6 vends,REJECTED,0.0,Eligible,REJECTED,0.0,Eligible
3197,29.7,D,14,3,0.0,1188.0,REJECTED,0.0,< 6 vends,REJECTED,0.0,< 4 vends,REJECTED,0.0,Eligible
3198,32.8,D,124,0,0.1,1974.0,REJECTED,0.0,< 6 vends; > 30 days dormant,REJECTED,0.0,< 4 vends; > 45 days dormant,REJECTED,0.0,< 3 vends; > 60 days dormant
3199,43.4,D,2,5,0.08,2000.0,REJECTED,0.0,< 6 vends,REJECTED,0.0,Eligible,REJECTED,0.0,Eligible
3200,44.8,D,2,7,0.02,1875.0,REJECTED,0.0,Eligible,REJECTED,0.0,Eligible,REJECTED,0.0,Eligible
3201,42.7,D,1,8,0.03,2000.0,REJECTED,0.0,Eligible,REJECTED,0.0,Eligible,REJECTED,0.0,Eligible
3202,44.8,D,2,8,0.1,2000.0,REJECTED,0.0,Eligible,REJECTED,0.0,Eligible,REJECTED,0.0,Eligible
3203,48.6,D,6,14,0.05,2000.0,REJECTED,0.0,Eligible,REJECTED,0.0,Eligible,REJECTED,0.0,Eligible
3204,42.6,D,1,13,0.1,1875.0,REJECTED,0.0,Eligible,REJECTED,0.0,Eligible,REJECTED,0.0,Eligible
3205,46.2,D,1,12,0.07,2000.0,REJECTED,0.0,Eligible,REJECTED,0.0,Eligible,REJECTED,0.0,Eligible
3206,40.5,D,1,3,0.0,2500.0,REJECTED,0.0,< 6 vends,REJECTED,0.0,< 4 vends,REJECTED,0.0,Eligible
3207,38.9,D,4,5,0.1,2000.0,REJECTED,0.0,< 6 vends,REJECTED,0.0,Eligible,REJECTED,0.0,Eligible
3208,37.7,D,2,4,0.1,2000.0,REJECTED,0.0,< 6 vends,REJECTED,0.0,Eligible,REJECTED,0.0,Eligible
3209,40.8,D,2,6,0.07,2000.0,REJECTED,0.0,Eligible,REJECTED,0.0,Eligible,REJECTED,0.0,Eligible
3210,47.2,D,2,6,0.06,1900.0,REJECTED,0.0,Eligible,REJECTED,0.0,Eligible,REJECTED,0.0,Eligible
3211,42.0,D,4,10,0.02,1625.0,REJECTED,0.0,Eligible,REJECTED,0.0,Eligible,REJECTED,0.0,Eligible
3212,78.8,B,3,9,0.04,180000.0,APPROVED,7500.0,Eligible,APPROVED,20000.0,Eligible,APPROVED,20000.0,Eligible
3213,45.8,D,2,11,0.05,2000.0,REJECTED,0.0,Eligible,REJECTED,0.0,Eligible,REJECTED,0.0,Eligible
3214,35.1,D,31,1,0.11,2000.0,REJECTED,0.0,< 6 vends; > 30 days dormant,REJECTED,0.0,< 4 vends,REJECTED,0.0,< 3 vends
3215,46.8,D,0,1,0.2,3025.0,REJECTED,0.0,< 6 vends,REJECTED,0.0,< 4 vends,REJECTED,0.0,< 3 vends
3216,48.5,D,3,10,0.04,2000.0,REJECTED,0.0,Eligible,REJECTED,0.0,Eligible,REJECTED,0.0,Eligible
3217,44.5,D,1,12,0.07,1449.0,REJECTED,0.0,Eligible,REJECTED,0.0,Eligible,REJECTED,0.0,Eligible
3218,44.2,D,3,11,0.06,1750.0,REJECTED,0.0,Eligible,REJECTED,0.0,Eligible,REJECTED,0.0,Eligible
3219,46.8,D,10,10,0.04,1750.0,REJECTED,0.0,Eligible,REJECTED,0.0,Eligible,REJECTED,0.0,Eligible
3220,39.9,D,4,6,0.08,2000.0,REJECTED,0.0,Eligible,REJECTED,0.0,Eligible,REJECTED,0.0,Eligible
3221,44.7,D,0,10,0.04,2000.0,REJECTED,0.0,Eligible,REJECTED,0.0,Eligible,REJECTED,0.0,Eligible
3222,39.5,D,0,11,0.07,1500.0,REJECTED,0.0,Eligible,REJECTED,0.0,Eligible,REJECTED,0.0,Eligible
3223,33.7,D,35,1,0.0,2000.0,REJECTED,0.0,< 6 vends; > 30 days dormant,REJECTED,0.0,< 4 vends,REJECTED,0.0,< 3 vends
3224,40.5,D,3,4,0.07,2000.0,REJECTED,0.0,< 6 vends,REJECTED,0.0,Eligible,REJECTED,0.0,Eligible
3225,46.3,D,12,10,0.07,2000.0,REJECTED,0.0,Eligible,REJECTED,0.0,Eligible,REJECTED,0.0,Eligible
3226,39.1,D,8,7,0.03,2000.0,REJECTED,0.0,Eligible,REJECTED,0.0,Eligible,REJECTED,0.0,Eligible
3227,65.2,B,1,4,0.07,43500.0,REJECTED,0.0,< 6 vends,APPROVED,20000.0,Eligible,APPROVED,20000.0,Eligible
3228,42.3,D,1,7,0.11,2000.0,REJECTED,0.0,Eligible,REJECTED,0.0,Eligible,REJECTED,0.0,Eligible
3229,37.2,D,4,2,0.14,2000.0,REJECTED,0.0,< 6 vends,REJECTED,0.0,< 4 vends,REJECTED,0.0,< 3 vends
3230,43.0,D,0,7,0.07,2000.0,REJECTED,0.0,Eligible,REJECTED,0.0,Eligible,REJECTED,0.0,Eligible
3231,70.4,B,0,4,0.03,64000.0,REJECTED,0.0,< 6 vends,APPROVED,20000.0,Eligible,APPROVED,20000.0,Eligible
3232,46.0,D,0,3,0.05,1500.0,REJECTED,0.0,< 6 vends,REJECTED,0.0,< 4 vends,REJECTED,0.0,Eligible
3233,48.7,D,2,9,0.03,2000.0,REJECTED,0.0,Eligible,REJECTED,0.0,Eligible,REJECTED,0.0,Eligible
3234,56.1,C,4,13,0.09,2000.0,REJECTED,0.0,Below Min Loan Size,REJECTED,0.0,Below Min Loan Size,REJECTED,0.0,Below Min Loan Size
3235,38.0,D,3,6,0.0,1250.0,REJECTED,0.0,Eligible,REJECTED,0.0,Eligible,REJECTED,0.0,Eligible
3236,42.4,D,3,7,0.07,1750.0,REJECTED,0.0,Eligible,REJECTED,0.0,Eligible,REJECTED,0.0,Eligible
3237,46.6,D,1,10,0.05,2000.0,REJECTED,0.0,Eligible,REJECTED,0.0,Eligible,REJECTED,0.0,Eligible
3238,44.8,D,0,6,0.03,1875.0,REJECTED,0.0,Eligible,REJECTED,0.0,Eligible,REJECTED,0.0,Eligible
3239,45.8,D,2,10,0.08,1750.0,REJECTED,0.0,Eligible,REJECTED,0.0,Eligible,REJECTED,0.0,Eligible
3240,50.6,C,3,7,0.0,2000.0,REJECTED,0.0,Below Min Loan Size,REJECTED,0.0,Below Min Loan Size,REJECTED,0.0,Below Min Loan Size
3241,41.5,D,8,10,0.0,2000.0,REJECTED,0.0,Eligible,REJECTED,0.0,Eligible,REJECTED,0.0,Eligible
3242,69.7,B,2,9,0.1,50000.0,APPROVED,7500.0,Eligible,APPROVED,20000.0,Eligible,APPROVED,20000.0,Eligible
3243,45.9,D,20,6,0.04,2000.0,REJECTED,0.0,Eligible,REJECTED,0.0,Eligible,REJECTED,0.0,Eligible
3244,37.0,D,12,6,0.04,1500.0,REJECTED,0.0,Eligible,REJECTED,0.0,Eligible,REJECTED,0.0,Eligible
3245,50.5,C,7,12,0.0,2000.0,REJECTED,0.0,Below Min Loan Size,REJECTED,0.0,Below Min Loan Size,REJECTED,0.0,Below Min Loan Size
3246,46.4,D,0,12,0.05,2000.0,REJECTED,0.0,Eligible,REJECTED,0.0,Eligible,REJECTED,0.0,Eligible
3247,35.8,D,21,5,0.16,1500.0,REJECTED,0.0,< 6 vends,REJECTED,0.0,Eligible,REJECTED,0.0,Eligible
3248,41.2,D,1,5,0.16,2000.0,REJECTED,0.0,< 6 vends,REJECTED,0.0,Eligible,REJECTED,0.0,Eligible
3249,45.1,D,1,13,0.04,2000.0,REJECTED,0.0,Eligible,REJECTED,0.0,Eligible,REJECTED,0.0,Eligible
3250,41.7,D,1,8,0.11,2000.0,REJECTED,0.0,Eligible,REJECTED,0.0,Eligible,REJECTED,0.0,Eligible
3251,64.9,C,1,4,0.11,55500.0,REJECTED,0.0,< 6 vends,APPROVED,20000.0,Eligible,APPROVED,20000.0,Eligible
3252,46.1,D,0,3,0.14,2000.0,REJECTED,0.0,< 6 vends,REJECTED,0.0,< 4 vends,REJECTED,0.0,Eligible
3253,35.6,D,2,5,0.07,1500.0,REJECTED,0.0,< 6 vends,REJECTED,0.0,Eligible,REJECTED,0.0,Eligible
3254,40.0,D,0,11,0.09,2000.0,REJECTED,0.0,Eligible,REJECTED,0.0,Eligible,REJECTED,0.0,Eligible
3255,45.8,D,0,12,0.02,2000.0,REJECTED,0.0,Eligible,REJECTED,0.0,Eligible,REJECTED,0.0,Eligible
3256,40.1,D,4,9,0.06,2000.0,REJECTED,0.0,Eligible,REJECTED,0.0,Eligible,REJECTED,0.0,Eligible
3257,45.8,D,2,9,0.02,2000.0,REJECTED,0.0,Eligible,REJECTED,0.0,Eligible,REJECTED,0.0,Eligible
3258,39.9,D,2,7,0.09,2000.0,REJECTED,0.0,Eligible,REJECTED,0.0,Eligible,REJECTED,0.0,Eligible
3259,68.9,B,8,6,0.12,200000.0,APPROVED,7500.0,Eligible,APPROVED,20000.0,Eligible,APPROVED,20000.0,Eligible
3260,30.3,D,34,3,0.0,1153.0,REJECTED,0.0,< 6 vends; > 30 days dormant,REJECTED,0.0,< 4 vends,REJECTED,0.0,Eligible
3261,68.0,B,2,6,0.1,72000.0,APPROVED,7500.0,Eligible,APPROVED,20000.0,Eligible,APPROVED,20000.0,Eligible
3262,32.1,D,4,3,0.0,1500.0,REJECTED,0.0,< 6 vends,REJECTED,0.0,< 4 vends,REJECTED,0.0,Eligible
3263,39.3,D,6,7,0.12,2000.0,REJECTED,0.0,Eligible,REJECTED,0.0,Eligible,REJECTED,0.0,Eligible
3264,77.0,B,1,15,0.0,180000.0,APPROVED,7500.0,Eligible,APPROVED,20000.0,Eligible,APPROVED,20000.0,Eligible
3265,34.0,D,61,0,0.09,1750.0,REJECTED,0.0,< 6 vends; > 30 days dormant,REJECTED,0.0,< 4 vends; > 45 days dormant,REJECTED,0.0,< 3 vends; > 60 days dormant
3266,42.1,D,4,11,0.07,2000.0,REJECTED,0.0,Eligible,REJECTED,0.0,Eligible,REJECTED,0.0,Eligible
3267,48.6,D,4,9,0.05,2000.0,REJECTED,0.0,Eligible,REJECTED,0.0,Eligible,REJECTED,0.0,Eligible
3268,76.5,B,0,10,0.0,64500.0,APPROVED,7500.0,Eligible,APPROVED,20000.0,Eligible,APPROVED,20000.0,Eligible
3269,34.7,D,0,4,0.04,1500.0,REJECTED,0.0,< 6 vends,REJECTED,0.0,Eligible,REJECTED,0.0,Eligible
3270,40.9,D,32,1,0.09,1750.0,REJECTED,0.0,< 6 vends; > 30 days dormant,REJECTED,0.0,< 4 vends,REJECTED,0.0,< 3 vends
3271,48.1,D,1,11,0.02,2000.0,REJECTED,0.0,Eligible,REJECTED,0.0,Eligible,REJECTED,0.0,Eligible
3272,34.2,D,0,4,0.0,2000.0,REJECTED,0.0,< 6 vends,REJECTED,0.0,Eligible,REJECTED,0.0,Eligible
3273,48.2,D,5,9,0.0,2000.0,REJECTED,0.0,Eligible,REJECTED,0.0,Eligible,REJECTED,0.0,Eligible
3274,44.7,D,10,6,0.07,2250.0,REJECTED,0.0,Eligible,REJECTED,0.0,Eligible,REJECTED,0.0,Eligible
3275,49.0,D,0,8,0.03,2462.5,REJECTED,0.0,Eligible,REJECTED,0.0,Eligible,REJECTED,0.0,Eligible
3276,40.6,D,4,9,0.1,1625.0,REJECTED,0.0,Eligible,REJECTED,0.0,Eligible,REJECTED,0.0,Eligible
3277,45.9,D,9,9,0.05,2000.0,REJECTED,0.0,Eligible,REJECTED,0.0,Eligible,REJECTED,0.0,Eligible
3278,44.4,D,5,10,0.06,2000.0,REJECTED,0.0,Eligible,REJECTED,0.0,Eligible,REJECTED,0.0,Eligible
3279,45.3,D,3,15,0.0,1841.5,REJECTED,0.0,Eligible,REJECTED,0.0,Eligible,REJECTED,0.0,Eligible
3280,34.6,D,3,2,0.17,2000.0,REJECTED,0.0,< 6 vends,REJECTED,0.0,< 4 vends,REJECTED,0.0,< 3 vends
3281,73.2,B,2,9,0.02,180000.0,APPROVED,7500.0,Eligible,APPROVED,20000.0,Eligible,APPROVED,20000.0,Eligible
3282,43.8,D,3,10,0.06,2000.0,REJECTED,0.0,Eligible,REJECTED,0.0,Eligible,REJECTED,0.0,Eligible
3283,47.5,D,20,5,0.09,2000.0,REJECTED,0.0,< 6 vends,REJECTED,0.0,Eligible,REJECTED,0.0,Eligible
3284,41.4,D,2,9,0.03,1750.0,REJECTED,0.0,Eligible,REJECTED,0.0,Eligible,REJECTED,0.0,Eligible
3285,54.9,C,3,15,0.02,3000.0,REJECTED,0.0,Below Min Loan Size,REJECTED,0.0,Below Min Loan Size,APPROVED,2250.0,Eligible
3286,70.5,B,9,4,0.0,41000.0,REJECTED,0.0,< 6 vends,APPROVED,20000.0,Eligible,APPROVED,20000.0,Eligible
3287,42.4,D,35,1,0.1,2000.0,REJECTED,0.0,< 6 vends; > 30 days dormant,REJECTED,0.0,< 4 vends,REJECTED,0.0,< 3 vends
3288,40.8,D,1,12,0.08,1500.0,REJECTED,0.0,Eligible,REJECTED,0.0,Eligible,REJECTED,0.0,Eligible
3289,41.6,D,1,6,0.05,2000.0,REJECTED,0.0,Eligible,REJECTED,0.0,Eligible,REJECTED,0.0,Eligible
3290,29.4,D,5,2,0.12,1000.0,REJECTED,0.0,< 6 vends,REJECTED,0.0,< 4 vends,REJECTED,0.0,< 3 vends
3291,48.8,D,0,9,0.02,1884.5,REJECTED,0.0,Eligible,REJECTED,0.0,Eligible,REJECTED,0.0,Eligible
3292,64.8,C,31,1,0.0,165000.0,REJECTED,0.0,< 6 vends; > 30 days dormant,REJECTED,0.0,< 4 vends,REJECTED,0.0,< 3 vends
3293,72.8,B,2,12,0.0,70500.0,APPROVED,7500.0,Eligible,APPROVED,20000.0,Eligible,APPROVED,20000.0,Eligible
3294,39.5,D,2,5,0.14,2000.0,REJECTED,0.0,< 6 vends,REJECTED,0.0,Eligible,REJECTED,0.0,Eligible
3295,42.8,D,20,4,0.09,2000.0,REJECTED,0.0,< 6 vends,REJECTED,0.0,Eligible,REJECTED,0.0,Eligible
3296,67.9,B,1,9,0.05,41000.0,APPROVED,7500.0,Eligible,APPROVED,20000.0,Eligible,APPROVED,20000.0,Eligible
3297,44.3,D,2,7,0.06,2000.0,REJECTED,0.0,Eligible,REJECTED,0.0,Eligible,REJECTED,0.0,Eligible
3298,41.4,D,0,4,0.05,2000.0,REJECTED,0.0,< 6 vends,REJECTED,0.0,Eligible,REJECTED,0.0,Eligible
3299,32.7,D,95,0,0.1,2000.0,REJECTED,0.0,< 6 vends; > 30 days dormant,REJECTED,0.0,< 4 vends; > 45 days dormant,REJECTED,0.0,< 3 vends; > 60 days dormant
3300,36.6,D,0,5,0.09,2000.0,REJECTED,0.0,< 6 vends,REJECTED,0.0,Eligible,REJECTED,0.0,Eligible
3301,49.4,D,3,9,0.0,2000.0,REJECTED,0.0,Eligible,REJECTED,0.0,Eligible,REJECTED,0.0,Eligible
3302,46.0,D,1,16,0.06,1997.0,REJECTED,0.0,Eligible,REJECTED,0.0,Eligible,REJECTED,0.0,Eligible
3303,49.9,D,10,6,0.07,2500.0,REJECTED,0.0,Eligible,REJECTED,0.0,Eligible,REJECTED,0.0,Eligible
3304,66.1,B,0,1,0.08,200000.0,REJECTED,0.0,< 6 vends,REJECTED,0.0,< 4 vends,REJECTED,0.0,< 3 vends
3305,38.1,D,2,8,0.08,1500.0,REJECTED,0.0,Eligible,REJECTED,0.0,Eligible,REJECTED,0.0,Eligible
3306,70.5,B,1,9,0.0,59500.0,APPROVED,7500.0,Eligible,APPROVED,20000.0,Eligible,APPROVED,20000.0,Eligible
3307,75.2,B,1,11,0.02,195937.5,APPROVED,7500.0,Eligible,APPROVED,20000.0,Eligible,APPROVED,20000.0,Eligible
3308,43.7,D,2,3,0.15,3000.0,REJECTED,0.0,< 6 vends,REJECTED,0.0,< 4 vends,REJECTED,0.0,Eligible
3309,44.3,D,3,11,0.02,2000.0,REJECTED,0.0,Eligible,REJECTED,0.0,Eligible,REJECTED,0.0,Eligible
3310,45.4,D,9,7,0.07,1500.0,REJECTED,0.0,Eligible,REJECTED,0.0,Eligible,REJECTED,0.0,Eligible
3311,38.2,D,1,9,0.08,1503.5,REJECTED,0.0,Eligible,REJECTED,0.0,Eligible,REJECTED,0.0,Eligible
3312,42.7,D,0,9,0.05,2000.0,REJECTED,0.0,Eligible,REJECTED,0.0,Eligible,REJECTED,0.0,Eligible
3313,68.5,B,4,8,0.1,50000.0,APPROVED,7500.0,Eligible,APPROVED,20000.0,Eligible,APPROVED,20000.0,Eligible
3314,36.0,D,5,3,0.24,1875.0,REJECTED,0.0,< 6 vends; High Failure Rate (24%),REJECTED,0.0,< 4 vends,REJECTED,0.0,Eligible
3315,44.2,D,11,3,0.03,1962.0,REJECTED,0.0,< 6 vends,REJECTED,0.0,< 4 vends,REJECTED,0.0,Eligible
3316,40.8,D,0,3,0.06,2000.0,REJECTED,0.0,< 6 vends,REJECTED,0.0,< 4 vends,REJECTED,0.0,Eligible
3317,46.0,D,2,10,0.08,2000.0,REJECTED,0.0,Eligible,REJECTED,0.0,Eligible,REJECTED,0.0,Eligible
3318,64.8,C,2,6,0.04,46500.0,APPROVED,5000.0,Eligible,APPROVED,20000.0,Eligible,APPROVED,20000.0,Eligible
3319,40.0,D,13,9,0.12,1500.0,REJECTED,0.0,Eligible,REJECTED,0.0,Eligible,REJECTED,0.0,Eligible
3320,43.6,D,1,8,0.04,2000.0,REJECTED,0.0,Eligible,REJECTED,0.0,Eligible,REJECTED,0.0,Eligible
3321,39.7,D,2,8,0.03,1587.0,REJECTED,0.0,Eligible,REJECTED,0.0,Eligible,REJECTED,0.0,Eligible
3322,42.5,D,0,6,0.1,2000.0,REJECTED,0.0,Eligible,REJECTED,0.0,Eligible,REJECTED,0.0,Eligible
3323,40.0,D,9,8,0.09,1500.0,REJECTED,0.0,Eligible,REJECTED,0.0,Eligible,REJECTED,0.0,Eligible
3324,48.1,D,1,9,0.15,1750.0,REJECTED,0.0,Eligible,REJECTED,0.0,Eligible,REJECTED,0.0,Eligible
3325,64.2,C,18,4,0.1,53000.0,REJECTED,0.0,< 6 vends,APPROVED,20000.0,Eligible,APPROVED,20000.0,Eligible
3326,46.9,D,2,9,0.1,1500.0,REJECTED,0.0,Eligible,REJECTED,0.0,Eligible,REJECTED,0.0,Eligible
3327,36.6,D,7,7,0.12,1500.0,REJECTED,0.0,Eligible,REJECTED,0.0,Eligible,REJECTED,0.0,Eligible
3328,66.7,B,16,4,0.0,190000.0,REJECTED,0.0,< 6 vends,APPROVED,20000.0,Eligible,APPROVED,20000.0,Eligible
3329,39.4,D,0,5,0.17,1875.0,REJECTED,0.0,< 6 vends,REJECTED,0.0,Eligible,REJECTED,0.0,Eligible
3330,39.7,D,0,8,0.1,2000.0,REJECTED,0.0,Eligible,REJECTED,0.0,Eligible,REJECTED,0.0,Eligible
3331,44.3,D,3,8,0.05,2000.0,REJECTED,0.0,Eligible,REJECTED,0.0,Eligible,REJECTED,0.0,Eligible
3332,41.6,D,1,11,0.04,1500.0,REJECTED,0.0,Eligible,REJECTED,0.0,Eligible,REJECTED,0.0,Eligible
3333,63.7,C,5,2,0.0,171486.0,REJECTED,0.0,< 6 vends,REJECTED,0.0,< 4 vends,REJECTED,0.0,< 3 vends
3334,71.1,B,14,5,0.08,180000.0,REJECTED,0.0,< 6 vends,APPROVED,20000.0,Eligible,APPROVED,20000.0,Eligible
3335,39.4,D,7,9,0.06,1812.5,REJECTED,0.0,Eligible,REJECTED,0.0,Eligible,REJECTED,0.0,Eligible
3336,41.8,D,1,11,0.0,1500.0,REJECTED,0.0,Eligible,REJECTED,0.0,Eligible,REJECTED,0.0,Eligible
3337,50.8,C,3,15,0.03,2000.0,REJECTED,0.0,Below Min Loan Size,REJECTED,0.0,Below Min Loan Size,REJECTED,0.0,Below Min Loan Size
3338,41.2,D,14,5,0.14,2000.0,REJECTED,0.0,< 6 vends,REJECTED,0.0,Eligible,REJECTED,0.0,Eligible
3339,45.1,D,3,8,0.08,1875.0,REJECTED,0.0,Eligible,REJECTED,0.0,Eligible,REJECTED,0.0,Eligible
3340,31.5,D,1,5,0.09,1000.0,REJECTED,0.0,< 6 vends,REJECTED,0.0,Eligible,REJECTED,0.0,Eligible
3341,42.0,D,1,2,0.2,1266.5,REJECTED,0.0,< 6 vends,REJECTED,0.0,< 4 vends,REJECTED,0.0,< 3 vends
3342,39.2,D,2,7,0.07,1500.0,REJECTED,0.0,Eligible,REJECTED,0.0,Eligible,REJECTED,0.0,Eligible
3343,42.4,D,1,8,0.15,2000.0,REJECTED,0.0,Eligible,REJECTED,0.0,Eligible,REJECTED,0.0,Eligible
3344,43.7,D,2,9,0.02,1750.0,REJECTED,0.0,Eligible,REJECTED,0.0,Eligible,REJECTED,0.0,Eligible
3345,72.8,B,0,7,0.04,50000.0,APPROVED,7500.0,Eligible,APPROVED,20000.0,Eligible,APPROVED,20000.0,Eligible
3346,45.1,D,2,13,0.02,1493.0,REJECTED,0.0,Eligible,REJECTED,0.0,Eligible,REJECTED,0.0,Eligible
3347,46.2,D,13,8,0.02,2000.0,REJECTED,0.0,Eligible,REJECTED,0.0,Eligible,REJECTED,0.0,Eligible
3348,45.2,D,6,12,0.0,1774.5,REJECTED,0.0,Eligible,REJECTED,0.0,Eligible,REJECTED,0.0,Eligible
3349,44.3,D,2,8,0.07,2000.0,REJECTED,0.0,Eligible,REJECTED,0.0,Eligible,REJECTED,0.0,Eligible
3350,40.9,D,1,16,0.05,1875.0,REJECTED,0.0,Eligible,REJECTED,0.0,Eligible,REJECTED,0.0,Eligible
3351,44.6,D,2,6,0.05,2000.0,REJECTED,0.0,Eligible,REJECTED,0.0,Eligible,REJECTED,0.0,Eligible
3352,42.2,D,8,11,0.04,1500.0,REJECTED,0.0,Eligible,REJECTED,0.0,Eligible,REJECTED,0.0,Eligible
3353,45.4,D,1,5,0.02,2000.0,REJECTED,0.0,< 6 vends,REJECTED,0.0,Eligible,REJECTED,0.0,Eligible
3354,41.5,D,3,8,0.03,1673.0,REJECTED,0.0,Eligible,REJECTED,0.0,Eligible,REJECTED,0.0,Eligible
3355,43.3,D,0,9,0.02,2000.0,REJECTED,0.0,Eligible,REJECTED,0.0,Eligible,REJECTED,0.0,Eligible
3356,42.7,D,13,5,0.0,1959.0,REJECTED,0.0,< 6 vends,REJECTED,0.0,Eligible,REJECTED,0.0,Eligible
3357,36.3,D,17,2,0.13,2000.0,REJECTED,0.0,< 6 vends,REJECTED,0.0,< 4 vends,REJECTED,0.0,< 3 vends
3358,38.7,D,10,5,0.09,2000.0,REJECTED,0.0,< 6 vends,REJECTED,0.0,Eligible,REJECTED,0.0,Eligible
3359,58.2,C,5,1,0.0,40500.0,REJECTED,0.0,< 6 vends,REJECTED,0.0,< 4 vends,REJECTED,0.0,< 3 vends
3360,39.0,D,2,9,0.11,1500.0,REJECTED,0.0,Eligible,REJECTED,0.0,Eligible,REJECTED,0.0,Eligible
3361,38.9,D,2,11,0.03,1500.0,REJECTED,0.0,Eligible,REJECTED,0.0,Eligible,REJECTED,0.0,Eligible
3362,69.0,B,3,10,0.03,61500.0,APPROVED,7500.0,Eligible,APPROVED,20000.0,Eligible,APPROVED,20000.0,Eligible
3363,45.8,D,0,5,0.02,2000.0,REJECTED,0.0,< 6 vends,REJECTED,0.0,Eligible,REJECTED,0.0,Eligible
3364,38.9,D,2,5,0.03,1500.0,REJECTED,0.0,< 6 vends,REJECTED,0.0,Eligible,REJECTED,0.0,Eligible
3365,45.6,D,1,4,0.08,2250.0,REJECTED,0.0,< 6 vends,REJECTED,0.0,Eligible,REJECTED,0.0,Eligible
3366,46.2,D,3,10,0.02,2000.0,REJECTED,0.0,Eligible,REJECTED,0.0,Eligible,REJECTED,0.0,Eligible
3367,45.6,D,28,5,0.05,2500.0,REJECTED,0.0,< 6 vends,REJECTED,0.0,Eligible,REJECTED,0.0,Eligible
3368,45.8,D,32,8,0.05,2000.0,REJECTED,0.0,> 30 days dormant,REJECTED,0.0,Eligible,REJECTED,0.0,Eligible
3369,44.0,D,1,8,0.02,2000.0,REJECTED,0.0,Eligible,REJECTED,0.0,Eligible,REJECTED,0.0,Eligible
3370,43.8,D,12,4,0.02,1750.0,REJECTED,0.0,< 6 vends,REJECTED,0.0,Eligible,REJECTED,0.0,Eligible
3371,77.0,B,3,15,0.02,180000.0,APPROVED,7500.0,Eligible,APPROVED,20000.0,Eligible,APPROVED,20000.0,Eligible
3372,68.6,B,1,6,0.06,58000.0,APPROVED,7500.0,Eligible,APPROVED,20000.0,Eligible,APPROVED,20000.0,Eligible
3373,34.3,D,16,5,0.13,1654.5,REJECTED,0.0,< 6 vends,REJECTED,0.0,Eligible,REJECTED,0.0,Eligible
3374,39.0,D,2,7,0.0,1564.5,REJECTED,0.0,Eligible,REJECTED,0.0,Eligible,REJECTED,0.0,Eligible
3375,48.1,D,4,8,0.08,2000.0,REJECTED,0.0,Eligible,REJECTED,0.0,Eligible,REJECTED,0.0,Eligible
3376,37.8,D,13,3,0.14,2000.0,REJECTED,0.0,< 6 vends,REJECTED,0.0,< 4 vends,REJECTED,0.0,Eligible
3377,44.5,D,3,6,0.0,2000.0,REJECTED,0.0,Eligible,REJECTED,0.0,Eligible,REJECTED,0.0,Eligible
3378,40.2,D,1,6,0.08,2000.0,REJECTED,0.0,Eligible,REJECTED,0.0,Eligible,REJECTED,0.0,Eligible
3379,39.3,D,2,3,0.16,1625.0,REJECTED,0.0,< 6 vends,REJECTED,0.0,< 4 vends,REJECTED,0.0,Eligible
3380,38.5,D,2,4,0.08,2250.0,REJECTED,0.0,< 6 vends,REJECTED,0.0,Eligible,REJECTED,0.0,Eligible
3381,44.9,D,0,8,0.07,1875.0,REJECTED,0.0,Eligible,REJECTED,0.0,Eligible,REJECTED,0.0,Eligible
3382,43.4,D,2,11,0.05,2000.0,REJECTED,0.0,Eligible,REJECTED,0.0,Eligible,REJECTED,0.0,Eligible
3383,76.2,B,15,4,0.02,68000.0,REJECTED,0.0,< 6 vends,APPROVED,20000.0,Eligible,APPROVED,20000.0,Eligible
3384,41.9,D,9,4,0.1,2500.0,REJECTED,0.0,< 6 vends,REJECTED,0.0,Eligible,REJECTED,0.0,Eligible
3385,31.0,D,3,3,0.2,1625.0,REJECTED,0.0,< 6 vends,REJECTED,0.0,< 4 vends,REJECTED,0.0,Eligible
3386,34.3,D,2,3,0.12,1250.0,REJECTED,0.0,< 6 vends,REJECTED,0.0,< 4 vends,REJECTED,0.0,Eligible
3387,45.1,D,2,3,0.0,2000.0,REJECTED,0.0,< 6 vends,REJECTED,0.0,< 4 vends,REJECTED,0.0,Eligible
3388,37.0,D,32,3,0.04,2000.0,REJECTED,0.0,< 6 vends; > 30 days dormant,REJECTED,0.0,< 4 vends,REJECTED,0.0,Eligible
3389,45.5,D,3,9,0.06,2000.0,REJECTED,0.0,Eligible,REJECTED,0.0,Eligible,REJECTED,0.0,Eligible
3390,42.8,D,4,7,0.02,2000.0,REJECTED,0.0,Eligible,REJECTED,0.0,Eligible,REJECTED,0.0,Eligible
3391,36.4,D,25,2,0.08,2500.0,REJECTED,0.0,< 6 vends,REJECTED,0.0,< 4 vends,REJECTED,0.0,< 3 vends
3392,45.8,D,14,4,0.04,2500.0,REJECTED,0.0,< 6 vends,REJECTED,0.0,Eligible,REJECTED,0.0,Eligible
3393,48.6,D,12,8,0.04,2000.0,REJECTED,0.0,Eligible,REJECTED,0.0,Eligible,REJECTED,0.0,Eligible
3394,47.5,D,0,2,0.21,2500.0,REJECTED,0.0,< 6 vends; High Failure Rate (21%),REJECTED,0.0,< 4 vends,REJECTED,0.0,< 3 vends
3395,66.0,B,0,7,0.08,57500.0,APPROVED,7500.0,Eligible,APPROVED,20000.0,Eligible,APPROVED,20000.0,Eligible
3396,37.3,D,5,2,0.07,2000.0,REJECTED,0.0,< 6 vends,REJECTED,0.0,< 4 vends,REJECTED,0.0,< 3 vends
3397,76.8,B,0,13,0.0,200000.0,APPROVED,7500.0,Eligible,APPROVED,20000.0,Eligible,APPROVED,20000.0,Eligible
3398,35.0,D,8,2,0.23,1182.5,REJECTED,0.0,< 6 vends; High Failure Rate (23%),REJECTED,0.0,< 4 vends,REJECTED,0.0,< 3 vends
3399,53.7,C,4,12,0.06,2345.0,REJECTED,0.0,Below Min Loan Size,REJECTED,0.0,Below Min Loan Size,REJECTED,0.0,Below Min Loan Size
3400,40.0,D,1,7,0.13,2000.0,REJECTED,0.0,Eligible,REJECTED,0.0,Eligible,REJECTED,0.0,Eligible
3401,43.8,D,0,13,0.02,2000.0,REJECTED,0.0,Eligible,REJECTED,0.0,Eligible,REJECTED,0.0,Eligible
3402,45.6,D,10,3,0.12,2869.0,REJECTED,0.0,< 6 vends,REJECTED,0.0,< 4 vends,REJECTED,0.0,Eligible
3403,37.6,D,1,2,0.16,2000.0,REJECTED,0.0,< 6 vends,REJECTED,0.0,< 4 vends,REJECTED,0.0,< 3 vends
3404,69.1,B,3,4,0.04,72000.0,REJECTED,0.0,< 6 vends,APPROVED,20000.0,Eligible,APPROVED,20000.0,Eligible
3405,46.8,D,0,13,0.05,1750.0,REJECTED,0.0,Eligible,REJECTED,0.0,Eligible,REJECTED,0.0,Eligible
3406,46.3,D,1,6,0.07,2062.0,REJECTED,0.0,Eligible,REJECTED,0.0,Eligible,REJECTED,0.0,Eligible
3407,40.2,D,0,9,0.02,1500.0,REJECTED,0.0,Eligible,REJECTED,0.0,Eligible,REJECTED,0.0,Eligible
3408,45.0,D,4,11,0.02,2000.0,REJECTED,0.0,Eligible,REJECTED,0.0,Eligible,REJECTED,0.0,Eligible
3409,41.4,D,0,9,0.02,1500.0,REJECTED,0.0,Eligible,REJECTED,0.0,Eligible,REJECTED,0.0,Eligible
3410,45.6,D,3,5,0.07,2937.5,REJECTED,0.0,< 6 vends,REJECTED,0.0,Eligible,REJECTED,0.0,Eligible
3411,70.1,B,1,10,0.05,46000.0,APPROVED,7500.0,Eligible,APPROVED,20000.0,Eligible,APPROVED,20000.0,Eligible
3412,46.8,D,0,12,0.04,2000.0,REJECTED,0.0,Eligible,REJECTED,0.0,Eligible,REJECTED,0.0,Eligible
3413,39.5,D,6,3,0.05,1797.5,REJECTED,0.0,< 6 vends,REJECTED,0.0,< 4 vends,REJECTED,0.0,Eligible
3414,70.4,B,0,6,0.06,67000.0,APPROVED,7500.0,Eligible,APPROVED,20000.0,Eligible,APPROVED,20000.0,Eligible
3415,42.7,D,2,6,0.07,1500.0,REJECTED,0.0,Eligible,REJECTED,0.0,Eligible,REJECTED,0.0,Eligible
3416,40.1,D,1,3,0.08,2000.0,REJECTED,0.0,< 6 vends,REJECTED,0.0,< 4 vends,REJECTED,0.0,Eligible
3417,41.7,D,2,6,0.05,1750.0,REJECTED,0.0,Eligible,REJECTED,0.0,Eligible,REJECTED,0.0,Eligible
3418,33.7,D,3,2,0.17,1997.0,REJECTED,0.0,< 6 vends,REJECTED,0.0,< 4 vends,REJECTED,0.0,< 3 vends
3419,68.1,B,33,4,0.03,55000.0,REJECTED,0.0,< 6 vends; > 30 days dormant,APPROVED,20000.0,Eligible,APPROVED,20000.0,Eligible
3420,43.1,D,0,5,0.03,1500.0,REJECTED,0.0,< 6 vends,REJECTED,0.0,Eligible,REJECTED,0.0,Eligible
3421,38.1,D,2,5,0.09,1750.0,REJECTED,0.0,< 6 vends,REJECTED,0.0,Eligible,REJECTED,0.0,Eligible
3422,38.0,D,0,4,0.07,1750.0,REJECTED,0.0,< 6 vends,REJECTED,0.0,Eligible,REJECTED,0.0,Eligible
3423,45.4,D,2,8,0.02,2000.0,REJECTED,0.0,Eligible,REJECTED,0.0,Eligible,REJECTED,0.0,Eligible
3424,38.0,D,3,4,0.12,2676.0,REJECTED,0.0,< 6 vends,REJECTED,0.0,Eligible,REJECTED,0.0,Eligible
3425,39.2,D,1,8,0.07,2063.0,REJECTED,0.0,Eligible,REJECTED,0.0,Eligible,REJECTED,0.0,Eligible
3426,67.3,B,13,1,0.17,200206.5,REJECTED,0.0,< 6 vends,REJECTED,0.0,< 4 vends,REJECTED,0.0,< 3 vends
3427,34.5,D,16,5,0.11,1500.0,REJECTED,0.0,< 6 vends,REJECTED,0.0,Eligible,REJECTED,0.0,Eligible
3428,34.4,D,3,2,0.12,2000.0,REJECTED,0.0,< 6 vends,REJECTED,0.0,< 4 vends,REJECTED,0.0,< 3 vends
3429,40.9,D,2,9,0.08,2000.0,REJECTED,0.0,Eligible,REJECTED,0.0,Eligible,REJECTED,0.0,Eligible
3430,40.2,D,1,6,0.06,2000.0,REJECTED,0.0,Eligible,REJECTED,0.0,Eligible,REJECTED,0.0,Eligible
3431,40.0,D,3,4,0.11,2000.0,REJECTED,0.0,< 6 vends,REJECTED,0.0,Eligible,REJECTED,0.0,Eligible
3432,40.0,D,15,6,0.09,2500.0,REJECTED,0.0,Eligible,REJECTED,0.0,Eligible,REJECTED,0.0,Eligible
3433,42.6,D,11,9,0.06,1600.0,REJECTED,0.0,Eligible,REJECTED,0.0,Eligible,REJECTED,0.0,Eligible
3434,42.5,D,3,4,0.02,2000.0,REJECTED,0.0,< 6 vends,REJECTED,0.0,Eligible,REJECTED,0.0,Eligible
3435,65.4,B,0,8,0.08,41500.0,APPROVED,7500.0,Eligible,APPROVED,20000.0,Eligible,APPROVED,20000.0,Eligible
3436,44.5,D,88,0,0.09,2728.5,REJECTED,0.0,< 6 vends; > 30 days dormant,REJECTED,0.0,< 4 vends; > 45 days dormant,REJECTED,0.0,< 3 vends; > 60 days dormant
3437,70.8,B,5,13,0.07,50000.0,APPROVED,7500.0,Eligible,APPROVED,20000.0,Eligible,APPROVED,20000.0,Eligible
3438,45.5,D,18,9,0.06,2000.0,REJECTED,0.0,Eligible,REJECTED,0.0,Eligible,REJECTED,0.0,Eligible
3439,40.0,D,2,4,0.06,2000.0,REJECTED,0.0,< 6 vends,REJECTED,0.0,Eligible,REJECTED,0.0,Eligible
3440,74.2,B,4,6,0.02,180000.0,APPROVED,7500.0,Eligible,APPROVED,20000.0,Eligible,APPROVED,20000.0,Eligible
3441,44.7,D,2,8,0.04,2000.0,REJECTED,0.0,Eligible,REJECTED,0.0,Eligible,REJECTED,0.0,Eligible
3442,44.7,D,1,3,0.0,2000.0,REJECTED,0.0,< 6 vends,REJECTED,0.0,< 4 vends,REJECTED,0.0,Eligible
3443,42.9,D,18,6,0.02,2000.0,REJECTED,0.0,Eligible,REJECTED,0.0,Eligible,REJECTED,0.0,Eligible
3444,42.5,D,1,11,0.1,1750.0,REJECTED,0.0,Eligible,REJECTED,0.0,Eligible,REJECTED,0.0,Eligible
3445,47.0,D,5,10,0.0,2000.0,REJECTED,0.0,Eligible,REJECTED,0.0,Eligible,REJECTED,0.0,Eligible
3446,44.1,D,1,13,0.04,2000.0,REJECTED,0.0,Eligible,REJECTED,0.0,Eligible,REJECTED,0.0,Eligible
3447,46.3,D,8,8,0.04,2000.0,REJECTED,0.0,Eligible,REJECTED,0.0,Eligible,REJECTED,0.0,Eligible
3448,38.7,D,29,4,0.13,1289.0,REJECTED,0.0,< 6 vends,REJECTED,0.0,Eligible,REJECTED,0.0,Eligible
3449,75.4,B,1,7,0.0,59000.0,APPROVED,7500.0,Eligible,APPROVED,20000.0,Eligible,APPROVED,20000.0,Eligible
3450,43.5,D,5,9,0.07,2172.5,REJECTED,0.0,Eligible,REJECTED,0.0,Eligible,REJECTED,0.0,Eligible
3451,42.2,D,3,4,0.15,2000.0,REJECTED,0.0,< 6 vends,REJECTED,0.0,Eligible,REJECTED,0.0,Eligible
3452,34.3,D,4,2,0.0,2000.0,REJECTED,0.0,< 6 vends,REJECTED,0.0,< 4 vends,REJECTED,0.0,< 3 vends
3453,71.8,B,10,7,0.09,63000.0,APPROVED,7500.0,Eligible,APPROVED,20000.0,Eligible,APPROVED,20000.0,Eligible
3454,70.5,B,0,3,0.03,63000.0,REJECTED,0.0,< 6 vends,REJECTED,0.0,< 4 vends,APPROVED,20000.0,Eligible
3455,38.4,D,0,3,0.07,1750.0,REJECTED,0.0,< 6 vends,REJECTED,0.0,< 4 vends,REJECTED,0.0,Eligible
3456,64.7,C,1,2,0.12,80000.0,REJECTED,0.0,< 6 vends,REJECTED,0.0,< 4 vends,REJECTED,0.0,< 3 vends
3457,44.0,D,3,8,0.04,1703.0,REJECTED,0.0,Eligible,REJECTED,0.0,Eligible,REJECTED,0.0,Eligible
3458,44.7,D,0,7,0.06,2000.0,REJECTED,0.0,Eligible,REJECTED,0.0,Eligible,REJECTED,0.0,Eligible
3459,42.6,D,3,5,0.09,2000.0,REJECTED,0.0,< 6 vends,REJECTED,0.0,Eligible,REJECTED,0.0,Eligible
3460,40.6,D,1,4,0.14,2000.0,REJECTED,0.0,< 6 vends,REJECTED,0.0,Eligible,REJECTED,0.0,Eligible
3461,43.9,D,2,6,0.0,2000.0,REJECTED,0.0,Eligible,REJECTED,0.0,Eligible,REJECTED,0.0,Eligible
3462,41.2,D,4,3,0.06,1875.0,REJECTED,0.0,< 6 vends,REJECTED,0.0,< 4 vends,REJECTED,0.0,Eligible
3463,36.5,D,6,4,0.0,2500.0,REJECTED,0.0,< 6 vends,REJECTED,0.0,Eligible,REJECTED,0.0,Eligible
3464,69.5,B,3,4,0.06,57000.0,REJECTED,0.0,< 6 vends,APPROVED,20000.0,Eligible,APPROVED,20000.0,Eligible
3465,46.5,D,1,8,0.0,2000.0,REJECTED,0.0,Eligible,REJECTED,0.0,Eligible,REJECTED,0.0,Eligible
3466,60.2,C,9,1,0.29,151727.0,REJECTED,0.0,< 6 vends; High Failure Rate (29%),REJECTED,0.0,< 4 vends,REJECTED,0.0,< 3 vends
3467,43.5,D,0,11,0.07,1557.5,REJECTED,0.0,Eligible,REJECTED,0.0,Eligible,REJECTED,0.0,Eligible
3468,45.3,D,28,6,0.11,3000.0,REJECTED,0.0,Eligible,REJECTED,0.0,Eligible,REJECTED,0.0,Eligible
3469,50.6,C,3,10,0.02,2000.0,REJECTED,0.0,Below Min Loan Size,REJECTED,0.0,Below Min Loan Size,REJECTED,0.0,Below Min Loan Size
3470,29.9,D,2,2,0.2,1250.0,REJECTED,0.0,< 6 vends,REJECTED,0.0,< 4 vends,REJECTED,0.0,< 3 vends
3471,72.0,B,1,4,0.04,75000.0,REJECTED,0.0,< 6 vends,APPROVED,20000.0,Eligible,APPROVED,20000.0,Eligible
3472,36.6,D,10,7,0.03,1500.0,REJECTED,0.0,Eligible,REJECTED,0.0,Eligible,REJECTED,0.0,Eligible
3473,41.5,D,5,3,0.2,2315.5,REJECTED,0.0,< 6 vends,REJECTED,0.0,< 4 vends,REJECTED,0.0,Eligible
3474,38.6,D,8,5,0.14,2110.0,REJECTED,0.0,< 6 vends,REJECTED,0.0,Eligible,REJECTED,0.0,Eligible
3475,42.9,D,5,7,0.09,2000.0,REJECTED,0.0,Eligible,REJECTED,0.0,Eligible,REJECTED,0.0,Eligible
3476,33.9,D,1,3,0.0,1875.0,REJECTED,0.0,< 6 vends,REJECTED,0.0,< 4 vends,REJECTED,0.0,Eligible
3477,45.4,D,0,5,0.0,1750.0,REJECTED,0.0,< 6 vends,REJECTED,0.0,Eligible,REJECTED,0.0,Eligible
3478,45.7,D,2,10,0.04,2000.0,REJECTED,0.0,Eligible,REJECTED,0.0,Eligible,REJECTED,0.0,Eligible
3479,41.8,D,1,6,0.02,1500.0,REJECTED,0.0,Eligible,REJECTED,0.0,Eligible,REJECTED,0.0,Eligible
3480,39.6,D,9,2,0.0,2585.5,REJECTED,0.0,< 6 vends,REJECTED,0.0,< 4 vends,REJECTED,0.0,< 3 vends
3481,35.1,D,1,5,0.08,1485.0,REJECTED,0.0,< 6 vends,REJECTED,0.0,Eligible,REJECTED,0.0,Eligible
3482,39.1,D,1,5,0.15,2000.0,REJECTED,0.0,< 6 vends,REJECTED,0.0,Eligible,REJECTED,0.0,Eligible
3483,71.6,B,1,11,0.02,54000.0,APPROVED,7500.0,Eligible,APPROVED,20000.0,Eligible,APPROVED,20000.0,Eligible
3484,66.3,B,9,3,0.0,50000.0,REJECTED,0.0,< 6 vends,REJECTED,0.0,< 4 vends,APPROVED,20000.0,Eligible
3485,70.3,B,0,7,0.0,59000.0,APPROVED,7500.0,Eligible,APPROVED,20000.0,Eligible,APPROVED,20000.0,Eligible
3486,39.9,D,5,6,0.15,1776.0,REJECTED,0.0,Eligible,REJECTED,0.0,Eligible,REJECTED,0.0,Eligible
3487,44.5,D,3,12,0.04,1750.0,REJECTED,0.0,Eligible,REJECTED,0.0,Eligible,REJECTED,0.0,Eligible
3488,42.7,D,0,5,0.06,1750.0,REJECTED,0.0,< 6 vends,REJECTED,0.0,Eligible,REJECTED,0.0,Eligible
3489,69.4,B,1,6,0.07,190000.0,APPROVED,7500.0,Eligible,APPROVED,20000.0,Eligible,APPROVED,20000.0,Eligible
3490,41.5,D,14,5,0.05,2000.0,REJECTED,0.0,< 6 vends,REJECTED,0.0,Eligible,REJECTED,0.0,Eligible
3491,68.2,B,3,3,0.0,180000.0,REJECTED,0.0,< 6 vends,REJECTED,0.0,< 4 vends,APPROVED,20000.0,Eligible
3492,43.4,D,9,14,0.06,2000.0,REJECTED,0.0,Eligible,REJECTED,0.0,Eligible,REJECTED,0.0,Eligible
3493,53.4,C,1,7,0.0,2000.0,REJECTED,0.0,Below Min Loan Size,REJECTED,0.0,Below Min Loan Size,REJECTED,0.0,Below Min Loan Size
3494,38.6,D,4,6,0.19,1375.0,REJECTED,0.0,Eligible,REJECTED,0.0,Eligible,REJECTED,0.0,Eligible
3495,45.2,D,1,9,0.04,2000.0,REJECTED,0.0,Eligible,REJECTED,0.0,Eligible,REJECTED,0.0,Eligible
3496,46.4,D,1,12,0.08,2000.0,REJECTED,0.0,Eligible,REJECTED,0.0,Eligible,REJECTED,0.0,Eligible
3497,70.3,B,1,7,0.07,50000.0,APPROVED,7500.0,Eligible,APPROVED,20000.0,Eligible,APPROVED,20000.0,Eligible
3498,49.8,D,0,14,0.0,2000.0,REJECTED,0.0,Eligible,REJECTED,0.0,Eligible,REJECTED,0.0,Eligible
3499,42.2,D,0,11,0.07,1750.0,REJECTED,0.0,Eligible,REJECTED,0.0,Eligible,REJECTED,0.0,Eligible
3500,35.4,D,60,0,0.09,1750.0,REJECTED,0.0,< 6 vends; > 30 days dormant,REJECTED,0.0,< 4 vends; > 45 days dormant,REJECTED,0.0,< 3 vends
3501,35.8,D,3,7,0.07,1610.0,REJECTED,0.0,Eligible,REJECTED,0.0,Eligible,REJECTED,0.0,Eligible
3502,47.1,D,23,4,0.06,3000.0,REJECTED,0.0,< 6 vends,REJECTED,0.0,Eligible,REJECTED,0.0,Eligible
3503,66.3,B,4,4,0.05,180000.0,REJECTED,0.0,< 6 vends,APPROVED,20000.0,Eligible,APPROVED,20000.0,Eligible
3504,36.7,D,4,8,0.0,1500.0,REJECTED,0.0,Eligible,REJECTED,0.0,Eligible,REJECTED,0.0,Eligible
3505,38.6,D,66,0,0.1,1500.0,REJECTED,0.0,< 6 vends; > 30 days dormant,REJECTED,0.0,< 4 vends; > 45 days dormant,REJECTED,0.0,< 3 vends; > 60 days dormant
3506,32.5,D,2,1,0.09,1250.0,REJECTED,0.0,< 6 vends,REJECTED,0.0,< 4 vends,REJECTED,0.0,< 3 vends
3507,46.0,D,1,9,0.02,2069.5,REJECTED,0.0,Eligible,REJECTED,0.0,Eligible,REJECTED,0.0,Eligible
3508,45.8,D,2,8,0.05,2000.0,REJECTED,0.0,Eligible,REJECTED,0.0,Eligible,REJECTED,0.0,Eligible
3509,28.9,D,3,3,0.15,1000.0,REJECTED,0.0,< 6 vends,REJECTED,0.0,< 4 vends,REJECTED,0.0,Eligible
3510,37.8,D,2,2,0.0,2345.0,REJECTED,0.0,< 6 vends,REJECTED,0.0,< 4 vends,REJECTED,0.0,< 3 vends
3511,40.6,D,1,2,0.12,2000.0,REJECTED,0.0,< 6 vends,REJECTED,0.0,< 4 vends,REJECTED,0.0,< 3 vends
3512,46.3,D,0,4,0.04,3228.0,REJECTED,0.0,< 6 vends,REJECTED,0.0,Eligible,REJECTED,0.0,Eligible
3513,39.9,D,5,6,0.06,1875.0,REJECTED,0.0,Eligible,REJECTED,0.0,Eligible,REJECTED,0.0,Eligible
3514,42.4,D,0,8,0.09,2000.0,REJECTED,0.0,Eligible,REJECTED,0.0,Eligible,REJECTED,0.0,Eligible
3515,45.2,D,5,9,0.07,2000.0,REJECTED,0.0,Eligible,REJECTED,0.0,Eligible,REJECTED,0.0,Eligible
3516,57.8,C,4,1,0.0,67500.0,REJECTED,0.0,< 6 vends,REJECTED,0.0,< 4 vends,REJECTED,0.0,< 3 vends
3517,43.7,D,0,9,0.06,2000.0,REJECTED,0.0,Eligible,REJECTED,0.0,Eligible,REJECTED,0.0,Eligible
3518,41.0,D,4,8,0.04,1500.0,REJECTED,0.0,Eligible,REJECTED,0.0,Eligible,REJECTED,0.0,Eligible
3519,43.3,D,12,2,0.09,1000.0,REJECTED,0.0,< 6 vends,REJECTED,0.0,< 4 vends,REJECTED,0.0,< 3 vends
3520,30.8,D,3,2,0.06,1250.0,REJECTED,0.0,< 6 vends,REJECTED,0.0,< 4 vends,REJECTED,0.0,< 3 vends
3521,38.6,D,2,9,0.03,1500.0,REJECTED,0.0,Eligible,REJECTED,0.0,Eligible,REJECTED,0.0,Eligible
3522,41.9,D,9,11,0.05,1609.0,REJECTED,0.0,Eligible,REJECTED,0.0,Eligible,REJECTED,0.0,Eligible
3523,45.1,D,10,10,0.02,2000.0,REJECTED,0.0,Eligible,REJECTED,0.0,Eligible,REJECTED,0.0,Eligible
3524,42.6,D,0,10,0.0,1500.0,REJECTED,0.0,Eligible,REJECTED,0.0,Eligible,REJECTED,0.0,Eligible
3525,74.4,B,0,7,0.04,60000.0,APPROVED,7500.0,Eligible,APPROVED,20000.0,Eligible,APPROVED,20000.0,Eligible
3526,40.3,D,1,4,0.07,2500.0,REJECTED,0.0,< 6 vends,REJECTED,0.0,Eligible,REJECTED,0.0,Eligible
3527,44.1,D,0,11,0.04,1750.0,REJECTED,0.0,Eligible,REJECTED,0.0,Eligible,REJECTED,0.0,Eligible
3528,37.4,D,3,9,0.11,1500.0,REJECTED,0.0,Eligible,REJECTED,0.0,Eligible,REJECTED,0.0,Eligible
3529,49.9,D,9,15,0.0,2422.5,REJECTED,0.0,Eligible,REJECTED,0.0,Eligible,REJECTED,0.0,Eligible
3530,67.4,B,25,2,0.15,120000.0,REJECTED,0.0,< 6 vends,REJECTED,0.0,< 4 vends,REJECTED,0.0,< 3 vends
3531,65.6,B,5,4,0.08,46000.0,REJECTED,0.0,< 6 vends,APPROVED,20000.0,Eligible,APPROVED,20000.0,Eligible
3532,63.3,C,22,2,0.07,72500.0,REJECTED,0.0,< 6 vends,REJECTED,0.0,< 4 vends,REJECTED,0.0,< 3 vends
3533,70.1,B,2,8,0.05,56500.0,APPROVED,7500.0,Eligible,APPROVED,20000.0,Eligible,APPROVED,20000.0,Eligible
3534,70.7,B,4,6,0.02,49500.0,APPROVED,7500.0,Eligible,APPROVED,20000.0,Eligible,APPROVED,20000.0,Eligible
3535,47.7,D,4,11,0.02,2000.0,REJECTED,0.0,Eligible,REJECTED,0.0,Eligible,REJECTED,0.0,Eligible
3536,42.4,D,4,9,0.04,1500.0,REJECTED,0.0,Eligible,REJECTED,0.0,Eligible,REJECTED,0.0,Eligible
3537,43.2,D,14,6,0.07,2000.0,REJECTED,0.0,Eligible,REJECTED,0.0,Eligible,REJECTED,0.0,Eligible
3538,48.3,D,8,6,0.03,2750.0,REJECTED,0.0,Eligible,REJECTED,0.0,Eligible,REJECTED,0.0,Eligible
3539,46.2,D,2,11,0.04,2000.0,REJECTED,0.0,Eligible,REJECTED,0.0,Eligible,REJECTED,0.0,Eligible
3540,37.7,D,24,5,0.08,1581.0,REJECTED,0.0,< 6 vends,REJECTED,0.0,Eligible,REJECTED,0.0,Eligible
3541,42.5,D,3,8,0.04,1750.0,REJECTED,0.0,Eligible,REJECTED,0.0,Eligible,REJECTED,0.0,Eligible
3542,35.4,D,26,2,0.1,2000.0,REJECTED,0.0,< 6 vends,REJECTED,0.0,< 4 vends,REJECTED,0.0,< 3 vends
3543,42.9,D,8,4,0.08,3000.0,REJECTED,0.0,< 6 vends,REJECTED,0.0,Eligible,REJECTED,0.0,Eligible
3544,54.2,C,0,16,0.04,2802.0,REJECTED,0.0,Below Min Loan Size,REJECTED,0.0,Below Min Loan Size,APPROVED,2102.0,Eligible
3545,44.4,D,2,6,0.06,2000.0,REJECTED,0.0,Eligible,REJECTED,0.0,Eligible,REJECTED,0.0,Eligible
3546,44.7,D,3,8,0.07,2174.5,REJECTED,0.0,Eligible,REJECTED,0.0,Eligible,REJECTED,0.0,Eligible
3547,32.1,D,2,4,0.07,1500.0,REJECTED,0.0,< 6 vends,REJECTED,0.0,Eligible,REJECTED,0.0,Eligible
3548,36.8,D,15,7,0.1,1533.0,REJECTED,0.0,Eligible,REJECTED,0.0,Eligible,REJECTED,0.0,Eligible
3549,41.0,D,3,9,0.12,2000.0,REJECTED,0.0,Eligible,REJECTED,0.0,Eligible,REJECTED,0.0,Eligible
3550,46.4,D,5,9,0.08,2006.5,REJECTED,0.0,Eligible,REJECTED,0.0,Eligible,REJECTED,0.0,Eligible
3551,39.6,D,0,7,0.03,1500.0,REJECTED,0.0,Eligible,REJECTED,0.0,Eligible,REJECTED,0.0,Eligible
3552,47.6,D,4,4,0.04,2000.0,REJECTED,0.0,< 6 vends,REJECTED,0.0,Eligible,REJECTED,0.0,Eligible
3553,28.7,D,1,2,0.1,1163.0,REJECTED,0.0,< 6 vends,REJECTED,0.0,< 4 vends,REJECTED,0.0,< 3 vends
3554,61.5,C,1,3,0.0,45500.0,REJECTED,0.0,< 6 vends,REJECTED,0.0,< 4 vends,APPROVED,20000.0,Eligible
3555,46.7,D,7,9,0.02,2000.0,REJECTED,0.0,Eligible,REJECTED,0.0,Eligible,REJECTED,0.0,Eligible
3556,67.5,B,9,5,0.03,50000.0,REJECTED,0.0,< 6 vends,APPROVED,20000.0,Eligible,APPROVED,20000.0,Eligible
3557,41.1,D,2,6,0.08,2015.0,REJECTED,0.0,Eligible,REJECTED,0.0,Eligible,REJECTED,0.0,Eligible
3558,40.6,D,2,2,0.13,2500.0,REJECTED,0.0,< 6 vends,REJECTED,0.0,< 4 vends,REJECTED,0.0,< 3 vends
3559,71.4,B,0,11,0.05,54000.0,APPROVED,7500.0,Eligible,APPROVED,20000.0,Eligible,APPROVED,20000.0,Eligible
3560,66.9,B,4,6,0.07,49000.0,APPROVED,7500.0,Eligible,APPROVED,20000.0,Eligible,APPROVED,20000.0,Eligible
3561,44.9,D,1,2,0.14,1750.0,REJECTED,0.0,< 6 vends,REJECTED,0.0,< 4 vends,REJECTED,0.0,< 3 vends
3562,66.3,B,3,4,0.1,48000.0,REJECTED,0.0,< 6 vends,APPROVED,20000.0,Eligible,APPROVED,20000.0,Eligible
3563,43.8,D,41,2,0.08,1500.0,REJECTED,0.0,< 6 vends; > 30 days dormant,REJECTED,0.0,< 4 vends,REJECTED,0.0,< 3 vends
3564,43.4,D,7,8,0.04,2000.0,REJECTED,0.0,Eligible,REJECTED,0.0,Eligible,REJECTED,0.0,Eligible
3565,38.7,D,2,6,0.12,1500.0,REJECTED,0.0,Eligible,REJECTED,0.0,Eligible,REJECTED,0.0,Eligible
3566,46.5,D,2,4,0.15,3000.0,REJECTED,0.0,< 6 vends,REJECTED,0.0,Eligible,REJECTED,0.0,Eligible
3567,33.2,D,4,2,0.13,1808.0,REJECTED,0.0,< 6 vends,REJECTED,0.0,< 4 vends,REJECTED,0.0,< 3 vends
3568,74.6,B,7,11,0.05,200000.0,APPROVED,7500.0,Eligible,APPROVED,20000.0,Eligible,APPROVED,20000.0,Eligible
3569,71.1,B,0,12,0.11,51000.0,APPROVED,7500.0,Eligible,APPROVED,20000.0,Eligible,APPROVED,20000.0,Eligible
3570,42.2,D,4,6,0.05,2000.0,REJECTED,0.0,Eligible,REJECTED,0.0,Eligible,REJECTED,0.0,Eligible
3571,67.6,B,4,4,0.07,57000.0,REJECTED,0.0,< 6 vends,APPROVED,20000.0,Eligible,APPROVED,20000.0,Eligible
3572,74.2,B,1,11,0.0,63500.0,APPROVED,7500.0,Eligible,APPROVED,20000.0,Eligible,APPROVED,20000.0,Eligible
3573,43.1,D,3,10,0.11,2000.0,REJECTED,0.0,Eligible,REJECTED,0.0,Eligible,REJECTED,0.0,Eligible
3574,33.0,D,5,3,0.12,1500.0,REJECTED,0.0,< 6 vends,REJECTED,0.0,< 4 vends,REJECTED,0.0,Eligible
3575,42.4,D,16,2,0.23,2000.0,REJECTED,0.0,< 6 vends; High Failure Rate (23%),REJECTED,0.0,< 4 vends,REJECTED,0.0,< 3 vends
3576,46.1,D,0,11,0.04,2000.0,REJECTED,0.0,Eligible,REJECTED,0.0,Eligible,REJECTED,0.0,Eligible
3577,42.9,D,0,12,0.07,2000.0,REJECTED,0.0,Eligible,REJECTED,0.0,Eligible,REJECTED,0.0,Eligible
3578,62.2,C,2,2,0.09,75000.0,REJECTED,0.0,< 6 vends,REJECTED,0.0,< 4 vends,REJECTED,0.0,< 3 vends
3579,39.8,D,3,2,0.0,2000.0,REJECTED,0.0,< 6 vends,REJECTED,0.0,< 4 vends,REJECTED,0.0,< 3 vends
3580,37.0,D,2,2,0.11,2191.0,REJECTED,0.0,< 6 vends,REJECTED,0.0,< 4 vends,REJECTED,0.0,< 3 vends
3581,45.6,D,5,8,0.02,1798.0,REJECTED,0.0,Eligible,REJECTED,0.0,Eligible,REJECTED,0.0,Eligible
3582,45.7,D,5,7,0.04,2000.0,REJECTED,0.0,Eligible,REJECTED,0.0,Eligible,REJECTED,0.0,Eligible
3583,41.9,D,15,7,0.05,1563.0,REJECTED,0.0,Eligible,REJECTED,0.0,Eligible,REJECTED,0.0,Eligible
3584,44.9,D,4,4,0.07,2875.0,REJECTED,0.0,< 6 vends,REJECTED,0.0,Eligible,REJECTED,0.0,Eligible
3585,70.2,B,17,6,0.05,50000.0,APPROVED,7500.0,Eligible,APPROVED,20000.0,Eligible,APPROVED,20000.0,Eligible
3586,43.9,D,0,10,0.06,1500.0,REJECTED,0.0,Eligible,REJECTED,0.0,Eligible,REJECTED,0.0,Eligible
3587,50.0,C,12,7,0.05,1750.0,REJECTED,0.0,Below Min Loan Size,REJECTED,0.0,Below Min Loan Size,REJECTED,0.0,Below Min Loan Size
3588,45.3,D,3,5,0.05,2500.0,REJECTED,0.0,< 6 vends,REJECTED,0.0,Eligible,REJECTED,0.0,Eligible
3589,42.8,D,2,8,0.07,2000.0,REJECTED,0.0,Eligible,REJECTED,0.0,Eligible,REJECTED,0.0,Eligible
3590,43.8,D,5,2,0.08,2687.5,REJECTED,0.0,< 6 vends,REJECTED,0.0,< 4 vends,REJECTED,0.0,< 3 vends
3591,45.2,D,2,10,0.02,2000.0,REJECTED,0.0,Eligible,REJECTED,0.0,Eligible,REJECTED,0.0,Eligible
3592,46.4,D,2,12,0.06,2000.0,REJECTED,0.0,Eligible,REJECTED,0.0,Eligible,REJECTED,0.0,Eligible
3593,49.0,D,6,7,0.06,3000.0,REJECTED,0.0,Eligible,REJECTED,0.0,Eligible,REJECTED,0.0,Eligible
3594,42.0,D,1,11,0.07,2000.0,REJECTED,0.0,Eligible,REJECTED,0.0,Eligible,REJECTED,0.0,Eligible
3595,36.1,D,0,7,0.1,1500.0,REJECTED,0.0,Eligible,REJECTED,0.0,Eligible,REJECTED,0.0,Eligible
3596,35.4,D,1,2,0.11,2000.0,REJECTED,0.0,< 6 vends,REJECTED,0.0,< 4 vends,REJECTED,0.0,< 3 vends
3597,37.4,D,3,4,0.11,1788.5,REJECTED,0.0,< 6 vends,REJECTED,0.0,Eligible,REJECTED,0.0,Eligible
3598,41.9,D,5,7,0.03,2000.0,REJECTED,0.0,Eligible,REJECTED,0.0,Eligible,REJECTED,0.0,Eligible
3599,45.3,D,1,11,0.11,2000.0,REJECTED,0.0,Eligible,REJECTED,0.0,Eligible,REJECTED,0.0,Eligible
3600,36.6,D,6,5,0.04,1875.0,REJECTED,0.0,< 6 vends,REJECTED,0.0,Eligible,REJECTED,0.0,Eligible
3601,39.0,D,3,5,0.04,1750.0,REJECTED,0.0,< 6 vends,REJECTED,0.0,Eligible,REJECTED,0.0,Eligible
3602,72.8,B,0,7,0.12,188740.0,APPROVED,7500.0,Eligible,APPROVED,20000.0,Eligible,APPROVED,20000.0,Eligible
3603,42.5,D,5,7,0.02,2000.0,REJECTED,0.0,Eligible,REJECTED,0.0,Eligible,REJECTED,0.0,Eligible
3604,72.5,B,24,7,0.04,52000.0,APPROVED,7500.0,Eligible,APPROVED,20000.0,Eligible,APPROVED,20000.0,Eligible
3605,45.0,D,4,8,0.07,2000.0,REJECTED,0.0,Eligible,REJECTED,0.0,Eligible,REJECTED,0.0,Eligible
3606,44.8,D,1,12,0.02,2000.0,REJECTED,0.0,Eligible,REJECTED,0.0,Eligible,REJECTED,0.0,Eligible
3607,31.0,D,1,3,0.21,1500.0,REJECTED,0.0,< 6 vends; High Failure Rate (21%),REJECTED,0.0,< 4 vends,REJECTED,0.0,Eligible
3608,46.3,D,16,4,0.07,2000.0,REJECTED,0.0,< 6 vends,REJECTED,0.0,Eligible,REJECTED,0.0,Eligible
3609,44.2,D,2,15,0.0,1750.0,REJECTED,0.0,Eligible,REJECTED,0.0,Eligible,REJECTED,0.0,Eligible
3610,34.1,D,0,4,0.0,1625.0,REJECTED,0.0,< 6 vends,REJECTED,0.0,Eligible,REJECTED,0.0,Eligible
3611,42.1,D,2,10,0.03,2063.5,REJECTED,0.0,Eligible,REJECTED,0.0,Eligible,REJECTED,0.0,Eligible
3612,41.4,D,1,7,0.16,2437.5,REJECTED,0.0,Eligible,REJECTED,0.0,Eligible,REJECTED,0.0,Eligible
3613,46.3,D,3,9,0.02,2500.0,REJECTED,0.0,Eligible,REJECTED,0.0,Eligible,REJECTED,0.0,Eligible
3614,41.6,D,5,5,0.11,2000.0,REJECTED,0.0,< 6 vends,REJECTED,0.0,Eligible,REJECTED,0.0,Eligible
3615,68.3,B,5,5,0.11,49500.0,REJECTED,0.0,< 6 vends,APPROVED,20000.0,Eligible,APPROVED,20000.0,Eligible
3616,37.3,D,3,7,0.1,1750.0,REJECTED,0.0,Eligible,REJECTED,0.0,Eligible,REJECTED,0.0,Eligible
3617,39.1,D,0,4,0.0,2087.0,REJECTED,0.0,< 6 vends,REJECTED,0.0,Eligible,REJECTED,0.0,Eligible
3618,33.2,D,2,1,0.23,1937.0,REJECTED,0.0,< 6 vends; High Failure Rate (23%),REJECTED,0.0,< 4 vends,REJECTED,0.0,< 3 vends
3619,46.6,D,1,13,0.02,2500.0,REJECTED,0.0,Eligible,REJECTED,0.0,Eligible,REJECTED,0.0,Eligible
3620,47.1,D,5,8,0.04,2000.0,REJECTED,0.0,Eligible,REJECTED,0.0,Eligible,REJECTED,0.0,Eligible
3621,36.6,D,2,10,0.08,1125.0,REJECTED,0.0,Eligible,REJECTED,0.0,Eligible,REJECTED,0.0,Eligible
3622,74.5,B,0,6,0.02,51000.0,APPROVED,7500.0,Eligible,APPROVED,20000.0,Eligible,APPROVED,20000.0,Eligible
3623,73.5,B,1,7,0.04,49000.0,APPROVED,7500.0,Eligible,APPROVED,20000.0,Eligible,APPROVED,20000.0,Eligible
3624,48.4,D,1,8,0.05,2000.0,REJECTED,0.0,Eligible,REJECTED,0.0,Eligible,REJECTED,0.0,Eligible
3625,47.0,D,0,13,0.0,2000.0,REJECTED,0.0,Eligible,REJECTED,0.0,Eligible,REJECTED,0.0,Eligible
3626,44.2,D,3,8,0.05,2000.0,REJECTED,0.0,Eligible,REJECTED,0.0,Eligible,REJECTED,0.0,Eligible
3627,36.1,D,2,1,0.0,2000.0,REJECTED,0.0,< 6 vends,REJECTED,0.0,< 4 vends,REJECTED,0.0,< 3 vends
3628,36.2,D,1,5,0.26,1750.0,REJECTED,0.0,< 6 vends; High Failure Rate (26%),REJECTED,0.0,Eligible,REJECTED,0.0,Eligible
3629,72.9,B,0,13,0.05,59000.0,APPROVED,7500.0,Eligible,APPROVED,20000.0,Eligible,APPROVED,20000.0,Eligible
3630,46.8,D,3,9,0.07,2000.0,REJECTED,0.0,Eligible,REJECTED,0.0,Eligible,REJECTED,0.0,Eligible
3631,42.8,D,4,6,0.06,2000.0,REJECTED,0.0,Eligible,REJECTED,0.0,Eligible,REJECTED,0.0,Eligible
3632,44.3,D,4,6,0.05,2000.0,REJECTED,0.0,Eligible,REJECTED,0.0,Eligible,REJECTED,0.0,Eligible
3633,41.6,D,13,6,0.0,2000.0,REJECTED,0.0,Eligible,REJECTED,0.0,Eligible,REJECTED,0.0,Eligible
3634,36.8,D,2,6,0.05,2000.0,REJECTED,0.0,Eligible,REJECTED,0.0,Eligible,REJECTED,0.0,Eligible
3635,63.3,C,0,2,0.14,225000.0,REJECTED,0.0,< 6 vends,REJECTED,0.0,< 4 vends,REJECTED,0.0,< 3 vends
3636,69.2,B,18,6,0.11,61500.0,APPROVED,7500.0,Eligible,APPROVED,20000.0,Eligible,APPROVED,20000.0,Eligible
3637,45.8,D,19,3,0.08,3000.0,REJECTED,0.0,< 6 vends,REJECTED,0.0,< 4 vends,REJECTED,0.0,Eligible
3638,69.1,B,0,6,0.11,50000.0,APPROVED,7500.0,Eligible,APPROVED,20000.0,Eligible,APPROVED,20000.0,Eligible
3639,37.4,D,8,4,0.09,1750.0,REJECTED,0.0,< 6 vends,REJECTED,0.0,Eligible,REJECTED,0.0,Eligible
3640,39.1,D,18,6,0.03,2000.0,REJECTED,0.0,Eligible,REJECTED,0.0,Eligible,REJECTED,0.0,Eligible
3641,37.3,D,0,3,0.14,1500.0,REJECTED,0.0,< 6 vends,REJECTED,0.0,< 4 vends,REJECTED,0.0,Eligible
3642,42.5,D,4,10,0.04,1875.0,REJECTED,0.0,Eligible,REJECTED,0.0,Eligible,REJECTED,0.0,Eligible
3643,50.6,C,2,13,0.05,2076.0,REJECTED,0.0,Below Min Loan Size,REJECTED,0.0,Below Min Loan Size,REJECTED,0.0,Below Min Loan Size
3644,67.1,B,9,5,0.17,47500.0,REJECTED,0.0,< 6 vends,APPROVED,20000.0,Eligible,APPROVED,20000.0,Eligible
3645,42.4,D,1,3,0.06,1625.0,REJECTED,0.0,< 6 vends,REJECTED,0.0,< 4 vends,REJECTED,0.0,Eligible
3646,69.4,B,20,3,0.0,53000.0,REJECTED,0.0,< 6 vends,REJECTED,0.0,< 4 vends,APPROVED,20000.0,Eligible
3647,49.4,D,4,11,0.02,2264.0,REJECTED,0.0,Eligible,REJECTED,0.0,Eligible,REJECTED,0.0,Eligible
3648,68.6,B,20,3,0.15,135000.0,REJECTED,0.0,< 6 vends,REJECTED,0.0,< 4 vends,APPROVED,20000.0,Eligible
3649,44.7,D,3,6,0.0,1875.0,REJECTED,0.0,Eligible,REJECTED,0.0,Eligible,REJECTED,0.0,Eligible
3650,44.5,D,5,8,0.0,2000.0,REJECTED,0.0,Eligible,REJECTED,0.0,Eligible,REJECTED,0.0,Eligible
3651,40.6,D,5,5,0.08,2250.0,REJECTED,0.0,< 6 vends,REJECTED,0.0,Eligible,REJECTED,0.0,Eligible
3652,38.5,D,4,6,0.18,2000.0,REJECTED,0.0,Eligible,REJECTED,0.0,Eligible,REJECTED,0.0,Eligible
3653,42.9,D,3,6,0.03,2000.0,REJECTED,0.0,Eligible,REJECTED,0.0,Eligible,REJECTED,0.0,Eligible
3654,45.9,D,1,9,0.03,2000.0,REJECTED,0.0,Eligible,REJECTED,0.0,Eligible,REJECTED,0.0,Eligible
3655,60.4,C,31,1,0.09,44500.0,REJECTED,0.0,< 6 vends; > 30 days dormant,REJECTED,0.0,< 4 vends,REJECTED,0.0,< 3 vends
3656,40.9,D,3,8,0.12,1685.5,REJECTED,0.0,Eligible,REJECTED,0.0,Eligible,REJECTED,0.0,Eligible
3657,55.2,C,89,0,0.25,37000.0,REJECTED,0.0,< 6 vends; > 30 days dormant; High Failure Rate (25%),REJECTED,0.0,< 4 vends; > 45 days dormant,REJECTED,0.0,< 3 vends; > 60 days dormant
3658,31.7,D,18,2,0.0,1500.0,REJECTED,0.0,< 6 vends,REJECTED,0.0,< 4 vends,REJECTED,0.0,< 3 vends
3659,43.5,D,5,8,0.0,2000.0,REJECTED,0.0,Eligible,REJECTED,0.0,Eligible,REJECTED,0.0,Eligible
3660,45.2,D,2,10,0.0,2000.0,REJECTED,0.0,Eligible,REJECTED,0.0,Eligible,REJECTED,0.0,Eligible
3661,39.5,D,1,2,0.12,1500.0,REJECTED,0.0,< 6 vends,REJECTED,0.0,< 4 vends,REJECTED,0.0,< 3 vends
3662,36.0,D,2,3,0.09,2000.0,REJECTED,0.0,< 6 vends,REJECTED,0.0,< 4 vends,REJECTED,0.0,Eligible
3663,40.0,D,10,7,0.13,1987.0,REJECTED,0.0,Eligible,REJECTED,0.0,Eligible,REJECTED,0.0,Eligible
3664,48.4,D,11,14,0.08,2000.0,REJECTED,0.0,Eligible,REJECTED,0.0,Eligible,REJECTED,0.0,Eligible
3665,36.7,D,1,4,0.16,2000.0,REJECTED,0.0,< 6 vends,REJECTED,0.0,Eligible,REJECTED,0.0,Eligible
3666,35.7,D,20,2,0.21,1000.0,REJECTED,0.0,< 6 vends; High Failure Rate (21%),REJECTED,0.0,< 4 vends,REJECTED,0.0,< 3 vends
3667,42.6,D,5,11,0.02,2000.0,REJECTED,0.0,Eligible,REJECTED,0.0,Eligible,REJECTED,0.0,Eligible
3668,34.5,D,0,5,0.21,1500.0,REJECTED,0.0,< 6 vends; High Failure Rate (21%),REJECTED,0.0,Eligible,REJECTED,0.0,Eligible
3669,41.3,D,1,10,0.04,1500.0,REJECTED,0.0,Eligible,REJECTED,0.0,Eligible,REJECTED,0.0,Eligible
3670,38.2,D,3,5,0.03,1750.0,REJECTED,0.0,< 6 vends,REJECTED,0.0,Eligible,REJECTED,0.0,Eligible
3671,43.4,D,13,11,0.02,1500.0,REJECTED,0.0,Eligible,REJECTED,0.0,Eligible,REJECTED,0.0,Eligible
3672,43.2,D,1,1,0.06,2000.0,REJECTED,0.0,< 6 vends,REJECTED,0.0,< 4 vends,REJECTED,0.0,< 3 vends
3673,44.1,D,2,16,0.0,2000.0,REJECTED,0.0,Eligible,REJECTED,0.0,Eligible,REJECTED,0.0,Eligible
3674,70.3,B,0,5,0.11,180000.0,REJECTED,0.0,< 6 vends,APPROVED,20000.0,Eligible,APPROVED,20000.0,Eligible
3675,42.5,D,5,7,0.07,2000.0,REJECTED,0.0,Eligible,REJECTED,0.0,Eligible,REJECTED,0.0,Eligible
3676,45.8,D,26,3,0.08,1500.0,REJECTED,0.0,< 6 vends,REJECTED,0.0,< 4 vends,REJECTED,0.0,Eligible
3677,47.0,D,0,12,0.06,1869.0,REJECTED,0.0,Eligible,REJECTED,0.0,Eligible,REJECTED,0.0,Eligible
3678,40.8,D,1,8,0.0,2000.0,REJECTED,0.0,Eligible,REJECTED,0.0,Eligible,REJECTED,0.0,Eligible
3679,46.2,D,1,17,0.02,2000.0,REJECTED,0.0,Eligible,REJECTED,0.0,Eligible,REJECTED,0.0,Eligible
3680,35.8,D,97,0,0.0,2500.0,REJECTED,0.0,< 6 vends; > 30 days dormant,REJECTED,0.0,< 4 vends; > 45 days dormant,REJECTED,0.0,< 3 vends; > 60 days dormant
3681,47.0,D,0,9,0.02,2000.0,REJECTED,0.0,Eligible,REJECTED,0.0,Eligible,REJECTED,0.0,Eligible
3682,40.4,D,2,7,0.07,1750.0,REJECTED,0.0,Eligible,REJECTED,0.0,Eligible,REJECTED,0.0,Eligible
3683,41.6,D,5,7,0.1,1625.0,REJECTED,0.0,Eligible,REJECTED,0.0,Eligible,REJECTED,0.0,Eligible
3684,38.0,D,12,5,0.08,1500.0,REJECTED,0.0,< 6 vends,REJECTED,0.0,Eligible,REJECTED,0.0,Eligible
3685,36.8,D,10,2,0.19,2000.0,REJECTED,0.0,< 6 vends,REJECTED,0.0,< 4 vends,REJECTED,0.0,< 3 vends
3686,48.0,D,6,9,0.09,2750.0,REJECTED,0.0,Eligible,REJECTED,0.0,Eligible,REJECTED,0.0,Eligible
3687,60.4,C,3,1,0.06,40000.0,REJECTED,0.0,< 6 vends,REJECTED,0.0,< 4 vends,REJECTED,0.0,< 3 vends
3688,39.5,D,3,8,0.03,1750.0,REJECTED,0.0,Eligible,REJECTED,0.0,Eligible,REJECTED,0.0,Eligible
3689,51.5,C,5,2,0.0,5000.0,REJECTED,0.0,< 6 vends,REJECTED,0.0,< 4 vends,REJECTED,0.0,< 3 vends
3690,43.9,D,1,4,0.16,2937.5,REJECTED,0.0,< 6 vends,REJECTED,0.0,Eligible,REJECTED,0.0,Eligible
3691,40.9,D,7,7,0.07,1500.0,REJECTED,0.0,Eligible,REJECTED,0.0,Eligible,REJECTED,0.0,Eligible
3692,45.4,D,1,10,0.08,2000.0,REJECTED,0.0,Eligible,REJECTED,0.0,Eligible,REJECTED,0.0,Eligible
3693,34.3,D,2,2,0.12,1500.0,REJECTED,0.0,< 6 vends,REJECTED,0.0,< 4 vends,REJECTED,0.0,< 3 vends
3694,41.8,D,5,5,0.03,2500.0,REJECTED,0.0,< 6 vends,REJECTED,0.0,Eligible,REJECTED,0.0,Eligible
3695,31.8,D,84,0,0.1,1750.0,REJECTED,0.0,< 6 vends; > 30 days dormant,REJECTED,0.0,< 4 vends; > 45 days dormant,REJECTED,0.0,< 3 vends; > 60 days dormant
3696,46.9,D,5,12,0.02,2000.0,REJECTED,0.0,Eligible,REJECTED,0.0,Eligible,REJECTED,0.0,Eligible
3697,46.1,D,1,10,0.04,2000.0,REJECTED,0.0,Eligible,REJECTED,0.0,Eligible,REJECTED,0.0,Eligible
3698,37.9,D,0,6,0.03,1500.0,REJECTED,0.0,Eligible,REJECTED,0.0,Eligible,REJECTED,0.0,Eligible
3699,44.8,D,3,8,0.04,2000.0,REJECTED,0.0,Eligible,REJECTED,0.0,Eligible,REJECTED,0.0,Eligible
3700,74.2,B,3,10,0.02,150000.0,APPROVED,7500.0,Eligible,APPROVED,20000.0,Eligible,APPROVED,20000.0,Eligible
3701,43.6,D,4,4,0.04,1500.0,REJECTED,0.0,< 6 vends,REJECTED,0.0,Eligible,REJECTED,0.0,Eligible
3702,67.0,B,27,2,0.0,50000.0,REJECTED,0.0,< 6 vends,REJECTED,0.0,< 4 vends,REJECTED,0.0,< 3 vends
3703,46.9,D,3,6,0.02,1750.0,REJECTED,0.0,Eligible,REJECTED,0.0,Eligible,REJECTED,0.0,Eligible
3704,67.2,B,3,8,0.04,49000.0,APPROVED,7500.0,Eligible,APPROVED,20000.0,Eligible,APPROVED,20000.0,Eligible
3705,45.4,D,1,10,0.06,2000.0,REJECTED,0.0,Eligible,REJECTED,0.0,Eligible,REJECTED,0.0,Eligible
3706,42.7,D,2,6,0.02,2000.0,REJECTED,0.0,Eligible,REJECTED,0.0,Eligible,REJECTED,0.0,Eligible
3707,50.2,C,13,2,0.1,5000.0,REJECTED,0.0,< 6 vends,REJECTED,0.0,< 4 vends,REJECTED,0.0,< 3 vends
3708,38.8,D,7,7,0.07,1500.0,REJECTED,0.0,Eligible,REJECTED,0.0,Eligible,REJECTED,0.0,Eligible
3709,36.4,D,1,4,0.06,2000.0,REJECTED,0.0,< 6 vends,REJECTED,0.0,Eligible,REJECTED,0.0,Eligible
3710,71.3,B,11,10,0.02,59000.0,APPROVED,7500.0,Eligible,APPROVED,20000.0,Eligible,APPROVED,20000.0,Eligible
3711,35.3,D,5,6,0.04,1500.0,REJECTED,0.0,Eligible,REJECTED,0.0,Eligible,REJECTED,0.0,Eligible
3712,45.9,D,3,5,0.05,2000.0,REJECTED,0.0,< 6 vends,REJECTED,0.0,Eligible,REJECTED,0.0,Eligible
3713,68.8,B,24,9,0.09,72500.0,APPROVED,7500.0,Eligible,APPROVED,20000.0,Eligible,APPROVED,20000.0,Eligible
3714,42.3,D,12,5,0.05,1911.0,REJECTED,0.0,< 6 vends,REJECTED,0.0,Eligible,REJECTED,0.0,Eligible
3715,41.8,D,2,7,0.03,2000.0,REJECTED,0.0,Eligible,REJECTED,0.0,Eligible,REJECTED,0.0,Eligible
3716,36.0,D,7,6,0.04,1625.0,REJECTED,0.0,Eligible,REJECTED,0.0,Eligible,REJECTED,0.0,Eligible
3717,44.1,D,1,10,0.02,2000.0,REJECTED,0.0,Eligible,REJECTED,0.0,Eligible,REJECTED,0.0,Eligible
3718,44.6,D,0,9,0.08,1937.5,REJECTED,0.0,Eligible,REJECTED,0.0,Eligible,REJECTED,0.0,Eligible
3719,43.1,D,1,9,0.02,1500.0,REJECTED,0.0,Eligible,REJECTED,0.0,Eligible,REJECTED,0.0,Eligible
3720,37.9,D,0,6,0.13,1570.5,REJECTED,0.0,Eligible,REJECTED,0.0,Eligible,REJECTED,0.0,Eligible
3721,58.6,C,2,3,0.18,50000.0,REJECTED,0.0,< 6 vends,REJECTED,0.0,< 4 vends,APPROVED,20000.0,Eligible
3722,62.2,C,14,2,0.33,71000.0,REJECTED,0.0,< 6 vends; High Failure Rate (33%),REJECTED,0.0,< 4 vends,REJECTED,0.0,< 3 vends
3723,34.8,D,4,4,0.04,1625.0,REJECTED,0.0,< 6 vends,REJECTED,0.0,Eligible,REJECTED,0.0,Eligible
3724,69.9,B,28,7,0.0,63000.0,APPROVED,7500.0,Eligible,APPROVED,20000.0,Eligible,APPROVED,20000.0,Eligible
3725,34.9,D,3,4,0.05,1812.5,REJECTED,0.0,< 6 vends,REJECTED,0.0,Eligible,REJECTED,0.0,Eligible
3726,34.1,D,2,4,0.19,1500.0,REJECTED,0.0,< 6 vends,REJECTED,0.0,Eligible,REJECTED,0.0,Eligible
3727,45.7,D,1,9,0.06,2172.5,REJECTED,0.0,Eligible,REJECTED,0.0,Eligible,REJECTED,0.0,Eligible
3728,45.4,D,14,12,0.06,1823.0,REJECTED,0.0,Eligible,REJECTED,0.0,Eligible,REJECTED,0.0,Eligible
3729,70.3,B,2,8,0.08,150000.0,APPROVED,7500.0,Eligible,APPROVED,20000.0,Eligible,APPROVED,20000.0,Eligible
3730,48.3,D,1,5,0.06,2250.0,REJECTED,0.0,< 6 vends,REJECTED,0.0,Eligible,REJECTED,0.0,Eligible
3731,68.7,B,4,10,0.0,56500.0,APPROVED,7500.0,Eligible,APPROVED,20000.0,Eligible,APPROVED,20000.0,Eligible
3732,40.8,D,22,2,0.1,2687.5,REJECTED,0.0,< 6 vends,REJECTED,0.0,< 4 vends,REJECTED,0.0,< 3 vends
3733,35.5,D,34,2,0.0,2250.0,REJECTED,0.0,< 6 vends; > 30 days dormant,REJECTED,0.0,< 4 vends,REJECTED,0.0,< 3 vends
3734,39.9,D,0,14,0.03,1750.0,REJECTED,0.0,Eligible,REJECTED,0.0,Eligible,REJECTED,0.0,Eligible
3735,44.5,D,0,7,0.05,2000.0,REJECTED,0.0,Eligible,REJECTED,0.0,Eligible,REJECTED,0.0,Eligible
3736,46.2,D,1,13,0.02,2000.0,REJECTED,0.0,Eligible,REJECTED,0.0,Eligible,REJECTED,0.0,Eligible
3737,66.5,B,5,3,0.07,62500.0,REJECTED,0.0,< 6 vends,REJECTED,0.0,< 4 vends,APPROVED,20000.0,Eligible
3738,34.9,D,3,3,0.12,2000.0,REJECTED,0.0,< 6 vends,REJECTED,0.0,< 4 vends,REJECTED,0.0,Eligible
3739,46.1,D,1,8,0.02,2000.0,REJECTED,0.0,Eligible,REJECTED,0.0,Eligible,REJECTED,0.0,Eligible
3740,46.6,D,3,8,0.07,1937.5,REJECTED,0.0,Eligible,REJECTED,0.0,Eligible,REJECTED,0.0,Eligible
3741,46.1,D,0,8,0.05,2000.0,REJECTED,0.0,Eligible,REJECTED,0.0,Eligible,REJECTED,0.0,Eligible
3742,42.1,D,1,6,0.04,2000.0,REJECTED,0.0,Eligible,REJECTED,0.0,Eligible,REJECTED,0.0,Eligible
3743,42.1,D,3,10,0.08,1500.0,REJECTED,0.0,Eligible,REJECTED,0.0,Eligible,REJECTED,0.0,Eligible
3744,77.0,B,8,8,0.06,172542.0,APPROVED,7500.0,Eligible,APPROVED,20000.0,Eligible,APPROVED,20000.0,Eligible
3745,70.0,B,0,9,0.05,63000.0,APPROVED,7500.0,Eligible,APPROVED,20000.0,Eligible,APPROVED,20000.0,Eligible
3746,45.9,D,0,5,0.07,2500.0,REJECTED,0.0,< 6 vends,REJECTED,0.0,Eligible,REJECTED,0.0,Eligible
3747,40.7,D,3,7,0.11,2000.0,REJECTED,0.0,Eligible,REJECTED,0.0,Eligible,REJECTED,0.0,Eligible
3748,43.6,D,5,11,0.06,1937.5,REJECTED,0.0,Eligible,REJECTED,0.0,Eligible,REJECTED,0.0,Eligible
3749,31.9,D,66,0,0.0,1500.0,REJECTED,0.0,< 6 vends; > 30 days dormant,REJECTED,0.0,< 4 vends; > 45 days dormant,REJECTED,0.0,< 3 vends; > 60 days dormant
3750,36.9,D,5,5,0.12,2000.0,REJECTED,0.0,< 6 vends,REJECTED,0.0,Eligible,REJECTED,0.0,Eligible
3751,41.0,D,25,6,0.14,2000.0,REJECTED,0.0,Eligible,REJECTED,0.0,Eligible,REJECTED,0.0,Eligible
3752,35.7,D,34,1,0.0,1950.0,REJECTED,0.0,< 6 vends; > 30 days dormant,REJECTED,0.0,< 4 vends,REJECTED,0.0,< 3 vends
3753,42.9,D,4,9,0.06,2000.0,REJECTED,0.0,Eligible,REJECTED,0.0,Eligible,REJECTED,0.0,Eligible
3754,42.6,D,5,11,0.05,2000.0,REJECTED,0.0,Eligible,REJECTED,0.0,Eligible,REJECTED,0.0,Eligible
3755,45.3,D,0,13,0.06,2000.0,REJECTED,0.0,Eligible,REJECTED,0.0,Eligible,REJECTED,0.0,Eligible
3756,40.6,D,0,11,0.02,1625.0,REJECTED,0.0,Eligible,REJECTED,0.0,Eligible,REJECTED,0.0,Eligible
3757,32.1,D,3,2,0.0,1500.0,REJECTED,0.0,< 6 vends,REJECTED,0.0,< 4 vends,REJECTED,0.0,< 3 vends
3758,40.9,D,0,6,0.11,2000.0,REJECTED,0.0,Eligible,REJECTED,0.0,Eligible,REJECTED,0.0,Eligible
3759,40.2,D,4,7,0.12,1937.5,REJECTED,0.0,Eligible,REJECTED,0.0,Eligible,REJECTED,0.0,Eligible
3760,37.0,D,9,5,0.11,1875.0,REJECTED,0.0,< 6 vends,REJECTED,0.0,Eligible,REJECTED,0.0,Eligible
3761,43.9,D,1,10,0.12,2000.0,REJECTED,0.0,Eligible,REJECTED,0.0,Eligible,REJECTED,0.0,Eligible
3762,77.2,B,5,13,0.0,180000.0,APPROVED,7500.0,Eligible,APPROVED,20000.0,Eligible,APPROVED,20000.0,Eligible
3763,38.3,D,7,4,0.14,1782.0,REJECTED,0.0,< 6 vends,REJECTED,0.0,Eligible,REJECTED,0.0,Eligible
3764,35.2,D,5,2,0.09,2000.0,REJECTED,0.0,< 6 vends,REJECTED,0.0,< 4 vends,REJECTED,0.0,< 3 vends
3765,39.4,D,1,6,0.09,2000.0,REJECTED,0.0,Eligible,REJECTED,0.0,Eligible,REJECTED,0.0,Eligible
3766,44.6,D,9,8,0.0,1577.0,REJECTED,0.0,Eligible,REJECTED,0.0,Eligible,REJECTED,0.0,Eligible
3767,42.4,D,5,11,0.03,2000.0,REJECTED,0.0,Eligible,REJECTED,0.0,Eligible,REJECTED,0.0,Eligible
3768,70.5,B,2,5,0.03,51000.0,REJECTED,0.0,< 6 vends,APPROVED,20000.0,Eligible,APPROVED,20000.0,Eligible
3769,39.1,D,3,3,0.08,2000.0,REJECTED,0.0,< 6 vends,REJECTED,0.0,< 4 vends,REJECTED,0.0,Eligible
3770,73.9,B,8,9,0.02,200000.0,APPROVED,7500.0,Eligible,APPROVED,20000.0,Eligible,APPROVED,20000.0,Eligible
3771,42.8,D,9,12,0.04,1750.0,REJECTED,0.0,Eligible,REJECTED,0.0,Eligible,REJECTED,0.0,Eligible
3772,40.7,D,10,10,0.03,2000.0,REJECTED,0.0,Eligible,REJECTED,0.0,Eligible,REJECTED,0.0,Eligible
3773,49.9,D,1,11,0.07,1937.5,REJECTED,0.0,Eligible,REJECTED,0.0,Eligible,REJECTED,0.0,Eligible
3774,43.4,D,3,10,0.02,1500.0,REJECTED,0.0,Eligible,REJECTED,0.0,Eligible,REJECTED,0.0,Eligible
3775,44.8,D,0,6,0.1,2040.5,REJECTED,0.0,Eligible,REJECTED,0.0,Eligible,REJECTED,0.0,Eligible
3776,36.7,D,4,8,0.03,1500.0,REJECTED,0.0,Eligible,REJECTED,0.0,Eligible,REJECTED,0.0,Eligible
3777,42.1,D,0,6,0.0,1750.0,REJECTED,0.0,Eligible,REJECTED,0.0,Eligible,REJECTED,0.0,Eligible
3778,42.5,D,9,6,0.02,1958.0,REJECTED,0.0,Eligible,REJECTED,0.0,Eligible,REJECTED,0.0,Eligible
3779,42.5,D,3,12,0.11,2000.0,REJECTED,0.0,Eligible,REJECTED,0.0,Eligible,REJECTED,0.0,Eligible
3780,31.4,D,0,2,0.2,1750.0,REJECTED,0.0,< 6 vends,REJECTED,0.0,< 4 vends,REJECTED,0.0,< 3 vends
3781,39.7,D,0,6,0.09,1500.0,REJECTED,0.0,Eligible,REJECTED,0.0,Eligible,REJECTED,0.0,Eligible
3782,40.9,D,36,1,0.0,2345.0,REJECTED,0.0,< 6 vends; > 30 days dormant,REJECTED,0.0,< 4 vends,REJECTED,0.0,< 3 vends
3783,50.0,C,5,9,0.02,2500.0,REJECTED,0.0,Below Min Loan Size,REJECTED,0.0,Below Min Loan Size,REJECTED,0.0,Below Min Loan Size
3784,44.0,D,30,4,0.07,2000.0,REJECTED,0.0,< 6 vends,REJECTED,0.0,Eligible,REJECTED,0.0,Eligible
3785,48.4,D,5,4,0.11,2000.0,REJECTED,0.0,< 6 vends,REJECTED,0.0,Eligible,REJECTED,0.0,Eligible
3786,43.6,D,4,9,0.02,1954.0,REJECTED,0.0,Eligible,REJECTED,0.0,Eligible,REJECTED,0.0,Eligible
3787,44.0,D,3,11,0.04,2000.0,REJECTED,0.0,Eligible,REJECTED,0.0,Eligible,REJECTED,0.0,Eligible
3788,67.2,B,49,2,0.07,68000.0,REJECTED,0.0,< 6 vends; > 30 days dormant,REJECTED,0.0,< 4 vends; > 45 days dormant,REJECTED,0.0,< 3 vends
3789,48.0,D,1,12,0.02,1921.0,REJECTED,0.0,Eligible,REJECTED,0.0,Eligible,REJECTED,0.0,Eligible
3790,34.7,D,8,3,0.0,1750.0,REJECTED,0.0,< 6 vends,REJECTED,0.0,< 4 vends,REJECTED,0.0,Eligible
3791,70.7,B,4,11,0.07,40000.0,APPROVED,7500.0,Eligible,APPROVED,20000.0,Eligible,APPROVED,20000.0,Eligible
3792,69.8,B,1,5,0.05,50000.0,REJECTED,0.0,< 6 vends,APPROVED,20000.0,Eligible,APPROVED,20000.0,Eligible
3793,31.7,D,33,1,0.07,1500.0,REJECTED,0.0,< 6 vends; > 30 days dormant,REJECTED,0.0,< 4 vends,REJECTED,0.0,< 3 vends
3794,42.8,D,0,7,0.04,1500.0,REJECTED,0.0,Eligible,REJECTED,0.0,Eligible,REJECTED,0.0,Eligible
3795,34.1,D,2,5,0.0,1750.0,REJECTED,0.0,< 6 vends,REJECTED,0.0,Eligible,REJECTED,0.0,Eligible
3796,48.8,D,4,9,0.04,2000.0,REJECTED,0.0,Eligible,REJECTED,0.0,Eligible,REJECTED,0.0,Eligible
3797,48.8,D,2,7,0.05,3000.0,REJECTED,0.0,Eligible,REJECTED,0.0,Eligible,REJECTED,0.0,Eligible
3798,70.5,B,9,8,0.03,180000.0,APPROVED,7500.0,Eligible,APPROVED,20000.0,Eligible,APPROVED,20000.0,Eligible
3799,40.4,D,4,11,0.05,1660.5,REJECTED,0.0,Eligible,REJECTED,0.0,Eligible,REJECTED,0.0,Eligible
3800,39.5,D,3,7,0.04,1500.0,REJECTED,0.0,Eligible,REJECTED,0.0,Eligible,REJECTED,0.0,Eligible
3801,61.8,C,4,1,0.0,175000.0,REJECTED,0.0,< 6 vends,REJECTED,0.0,< 4 vends,REJECTED,0.0,< 3 vends
3802,44.8,D,4,13,0.02,2000.0,REJECTED,0.0,Eligible,REJECTED,0.0,Eligible,REJECTED,0.0,Eligible
3803,39.5,D,0,8,0.12,2000.0,REJECTED,0.0,Eligible,REJECTED,0.0,Eligible,REJECTED,0.0,Eligible
3804,46.3,D,4,8,0.11,2000.0,REJECTED,0.0,Eligible,REJECTED,0.0,Eligible,REJECTED,0.0,Eligible
3805,37.0,D,7,3,0.12,1089.0,REJECTED,0.0,< 6 vends,REJECTED,0.0,< 4 vends,REJECTED,0.0,Eligible
3806,49.8,D,1,5,0.05,2437.5,REJECTED,0.0,< 6 vends,REJECTED,0.0,Eligible,REJECTED,0.0,Eligible
3807,33.8,D,3,3,0.09,1375.0,REJECTED,0.0,< 6 vends,REJECTED,0.0,< 4 vends,REJECTED,0.0,Eligible
3808,36.6,D,5,4,0.08,1500.0,REJECTED,0.0,< 6 vends,REJECTED,0.0,Eligible,REJECTED,0.0,Eligible
3809,40.3,D,3,8,0.06,1750.0,REJECTED,0.0,Eligible,REJECTED,0.0,Eligible,REJECTED,0.0,Eligible
3810,40.5,D,0,2,0.0,1697.0,REJECTED,0.0,< 6 vends,REJECTED,0.0,< 4 vends,REJECTED,0.0,< 3 vends
3811,44.2,D,1,3,0.14,2000.0,REJECTED,0.0,< 6 vends,REJECTED,0.0,< 4 vends,REJECTED,0.0,Eligible
3812,39.7,D,2,7,0.06,2000.0,REJECTED,0.0,Eligible,REJECTED,0.0,Eligible,REJECTED,0.0,Eligible
3813,46.4,D,18,8,0.03,2000.0,REJECTED,0.0,Eligible,REJECTED,0.0,Eligible,REJECTED,0.0,Eligible
3814,71.3,B,1,7,0.05,52000.0,APPROVED,7500.0,Eligible,APPROVED,20000.0,Eligible,APPROVED,20000.0,Eligible
3815,44.9,D,0,10,0.05,2000.0,REJECTED,0.0,Eligible,REJECTED,0.0,Eligible,REJECTED,0.0,Eligible
3816,64.9,C,4,3,0.27,53500.0,REJECTED,0.0,< 6 vends; High Failure Rate (27%),REJECTED,0.0,< 4 vends,APPROVED,20000.0,Eligible
3817,35.5,D,6,3,0.1,1411.0,REJECTED,0.0,< 6 vends,REJECTED,0.0,< 4 vends,REJECTED,0.0,Eligible
3818,33.5,D,1,1,0.08,2000.0,REJECTED,0.0,< 6 vends,REJECTED,0.0,< 4 vends,REJECTED,0.0,< 3 vends
3819,41.3,D,1,8,0.05,2000.0,REJECTED,0.0,Eligible,REJECTED,0.0,Eligible,REJECTED,0.0,Eligible
3820,61.6,C,0,2,0.0,64000.0,REJECTED,0.0,< 6 vends,REJECTED,0.0,< 4 vends,REJECTED,0.0,< 3 vends
3821,44.6,D,33,3,0.0,2500.0,REJECTED,0.0,< 6 vends; > 30 days dormant,REJECTED,0.0,< 4 vends,REJECTED,0.0,Eligible
3822,35.8,D,0,4,0.08,1625.0,REJECTED,0.0,< 6 vends,REJECTED,0.0,Eligible,REJECTED,0.0,Eligible
3823,53.2,C,9,8,0.04,1937.5,REJECTED,0.0,Below Min Loan Size,REJECTED,0.0,Below Min Loan Size,REJECTED,0.0,Below Min Loan Size
3824,42.6,D,1,8,0.08,1500.0,REJECTED,0.0,Eligible,REJECTED,0.0,Eligible,REJECTED,0.0,Eligible
3825,46.8,D,2,11,0.04,1875.0,REJECTED,0.0,Eligible,REJECTED,0.0,Eligible,REJECTED,0.0,Eligible
3826,39.6,D,11,5,0.03,1750.0,REJECTED,0.0,< 6 vends,REJECTED,0.0,Eligible,REJECTED,0.0,Eligible
3827,38.8,D,27,5,0.1,1500.0,REJECTED,0.0,< 6 vends,REJECTED,0.0,Eligible,REJECTED,0.0,Eligible
3828,48.5,D,5,2,0.08,2000.0,REJECTED,0.0,< 6 vends,REJECTED,0.0,< 4 vends,REJECTED,0.0,< 3 vends
3829,43.5,D,1,6,0.1,1750.0,REJECTED,0.0,Eligible,REJECTED,0.0,Eligible,REJECTED,0.0,Eligible
3830,41.2,D,2,10,0.1,1750.0,REJECTED,0.0,Eligible,REJECTED,0.0,Eligible,REJECTED,0.0,Eligible
3831,43.3,D,0,5,0.12,2250.0,REJECTED,0.0,< 6 vends,REJECTED,0.0,Eligible,REJECTED,0.0,Eligible
3832,45.7,D,4,10,0.04,2000.0,REJECTED,0.0,Eligible,REJECTED,0.0,Eligible,REJECTED,0.0,Eligible
3833,31.7,D,0,1,0.16,1375.0,REJECTED,0.0,< 6 vends,REJECTED,0.0,< 4 vends,REJECTED,0.0,< 3 vends
3834,74.3,B,5,6,0.06,66000.0,APPROVED,7500.0,Eligible,APPROVED,20000.0,Eligible,APPROVED,20000.0,Eligible
3835,32.2,D,15,3,0.06,1500.0,REJECTED,0.0,< 6 vends,REJECTED,0.0,< 4 vends,REJECTED,0.0,Eligible
3836,42.5,D,3,7,0.11,2315.0,REJECTED,0.0,Eligible,REJECTED,0.0,Eligible,REJECTED,0.0,Eligible
3837,34.5,D,0,3,0.0,2000.0,REJECTED,0.0,< 6 vends,REJECTED,0.0,< 4 vends,REJECTED,0.0,Eligible
3838,33.9,D,6,4,0.17,1367.0,REJECTED,0.0,< 6 vends,REJECTED,0.0,Eligible,REJECTED,0.0,Eligible
3839,38.8,D,1,7,0.06,2000.0,REJECTED,0.0,Eligible,REJECTED,0.0,Eligible,REJECTED,0.0,Eligible
3840,49.9,D,5,8,0.0,2500.0,REJECTED,0.0,Eligible,REJECTED,0.0,Eligible,REJECTED,0.0,Eligible
3841,48.3,D,1,6,0.0,2000.0,REJECTED,0.0,Eligible,REJECTED,0.0,Eligible,REJECTED,0.0,Eligible
3842,41.7,D,0,4,0.12,1625.0,REJECTED,0.0,< 6 vends,REJECTED,0.0,Eligible,REJECTED,0.0,Eligible
3843,40.5,D,1,3,0.19,2033.0,REJECTED,0.0,< 6 vends,REJECTED,0.0,< 4 vends,REJECTED,0.0,Eligible
3844,43.4,D,4,11,0.08,1750.0,REJECTED,0.0,Eligible,REJECTED,0.0,Eligible,REJECTED,0.0,Eligible
3845,51.1,C,4,10,0.02,2750.0,REJECTED,0.0,Below Min Loan Size,REJECTED,0.0,Below Min Loan Size,APPROVED,2062.0,Eligible
3846,41.8,D,2,7,0.05,2000.0,REJECTED,0.0,Eligible,REJECTED,0.0,Eligible,REJECTED,0.0,Eligible
3847,50.7,C,3,8,0.04,2500.0,REJECTED,0.0,Below Min Loan Size,REJECTED,0.0,Below Min Loan Size,REJECTED,0.0,Below Min Loan Size
3848,66.1,B,31,3,0.12,75000.0,REJECTED,0.0,< 6 vends; > 30 days dormant,REJECTED,0.0,< 4 vends,APPROVED,20000.0,Eligible
3849,40.5,D,15,13,0.04,1500.0,REJECTED,0.0,Eligible,REJECTED,0.0,Eligible,REJECTED,0.0,Eligible
3850,51.2,C,0,14,0.0,2000.0,REJECTED,0.0,Below Min Loan Size,REJECTED,0.0,Below Min Loan Size,REJECTED,0.0,Below Min Loan Size
3851,75.5,B,4,8,0.0,67000.0,APPROVED,7500.0,Eligible,APPROVED,20000.0,Eligible,APPROVED,20000.0,Eligible
3852,45.7,D,3,12,0.02,1625.0,REJECTED,0.0,Eligible,REJECTED,0.0,Eligible,REJECTED,0.0,Eligible
3853,43.6,D,2,11,0.05,1500.0,REJECTED,0.0,Eligible,REJECTED,0.0,Eligible,REJECTED,0.0,Eligible
3854,36.5,D,13,3,0.08,1698.5,REJECTED,0.0,< 6 vends,REJECTED,0.0,< 4 vends,REJECTED,0.0,Eligible
3855,69.7,B,8,6,0.0,50000.0,APPROVED,7500.0,Eligible,APPROVED,20000.0,Eligible,APPROVED,20000.0,Eligible
3856,49.2,D,4,10,0.05,2000.0,REJECTED,0.0,Eligible,REJECTED,0.0,Eligible,REJECTED,0.0,Eligible
3857,42.2,D,9,2,0.1,2000.0,REJECTED,0.0,< 6 vends,REJECTED,0.0,< 4 vends,REJECTED,0.0,< 3 vends
3858,46.6,D,4,5,0.07,1875.0,REJECTED,0.0,< 6 vends,REJECTED,0.0,Eligible,REJECTED,0.0,Eligible
3859,66.1,B,0,5,0.18,165000.0,REJECTED,0.0,< 6 vends,APPROVED,20000.0,Eligible,APPROVED,20000.0,Eligible
3860,37.0,D,1,1,0.04,2000.0,REJECTED,0.0,< 6 vends,REJECTED,0.0,< 4 vends,REJECTED,0.0,< 3 vends
3861,42.2,D,0,5,0.02,1500.0,REJECTED,0.0,< 6 vends,REJECTED,0.0,Eligible,REJECTED,0.0,Eligible
3862,36.5,D,1,4,0.0,1500.0,REJECTED,0.0,< 6 vends,REJECTED,0.0,Eligible,REJECTED,0.0,Eligible
3863,31.6,D,66,0,0.1,1750.0,REJECTED,0.0,< 6 vends; > 30 days dormant,REJECTED,0.0,< 4 vends; > 45 days dormant,REJECTED,0.0,< 3 vends; > 60 days dormant
3864,75.9,B,1,12,0.0,52000.0,APPROVED,7500.0,Eligible,APPROVED,20000.0,Eligible,APPROVED,20000.0,Eligible
3865,30.2,D,34,1,0.09,1436.0,REJECTED,0.0,< 6 vends; > 30 days dormant,REJECTED,0.0,< 4 vends,REJECTED,0.0,< 3 vends
3866,43.6,D,2,11,0.04,1988.0,REJECTED,0.0,Eligible,REJECTED,0.0,Eligible,REJECTED,0.0,Eligible
3867,42.9,D,5,11,0.07,1500.0,REJECTED,0.0,Eligible,REJECTED,0.0,Eligible,REJECTED,0.0,Eligible
3868,39.2,D,0,5,0.03,2000.0,REJECTED,0.0,< 6 vends,REJECTED,0.0,Eligible,REJECTED,0.0,Eligible
3869,65.1,B,1,2,0.0,48000.0,REJECTED,0.0,< 6 vends,REJECTED,0.0,< 4 vends,REJECTED,0.0,< 3 vends
3870,41.6,D,1,3,0.19,2000.0,REJECTED,0.0,< 6 vends,REJECTED,0.0,< 4 vends,REJECTED,0.0,Eligible
3871,41.4,D,3,9,0.06,2000.0,REJECTED,0.0,Eligible,REJECTED,0.0,Eligible,REJECTED,0.0,Eligible
3872,45.1,D,5,10,0.04,2000.0,REJECTED,0.0,Eligible,REJECTED,0.0,Eligible,REJECTED,0.0,Eligible
3873,46.9,D,4,9,0.02,2000.0,REJECTED,0.0,Eligible,REJECTED,0.0,Eligible,REJECTED,0.0,Eligible
3874,71.4,B,0,8,0.07,50000.0,APPROVED,7500.0,Eligible,APPROVED,20000.0,Eligible,APPROVED,20000.0,Eligible
3875,69.2,B,1,5,0.09,75000.0,REJECTED,0.0,< 6 vends,APPROVED,20000.0,Eligible,APPROVED,20000.0,Eligible
3876,45.7,D,3,10,0.0,2000.0,REJECTED,0.0,Eligible,REJECTED,0.0,Eligible,REJECTED,0.0,Eligible
3877,71.2,B,1,9,0.07,72000.0,APPROVED,7500.0,Eligible,APPROVED,20000.0,Eligible,APPROVED,20000.0,Eligible
3878,35.3,D,0,7,0.05,1500.0,REJECTED,0.0,Eligible,REJECTED,0.0,Eligible,REJECTED,0.0,Eligible
3879,48.5,D,4,8,0.05,2422.5,REJECTED,0.0,Eligible,REJECTED,0.0,Eligible,REJECTED,0.0,Eligible
3880,38.2,D,54,1,0.0,2250.0,REJECTED,0.0,< 6 vends; > 30 days dormant,REJECTED,0.0,< 4 vends; > 45 days dormant,REJECTED,0.0,< 3 vends
3881,49.0,D,3,5,0.02,2500.0,REJECTED,0.0,< 6 vends,REJECTED,0.0,Eligible,REJECTED,0.0,Eligible
3882,45.7,D,15,8,0.06,2000.0,REJECTED,0.0,Eligible,REJECTED,0.0,Eligible,REJECTED,0.0,Eligible
3883,47.6,D,10,8,0.0,2000.0,REJECTED,0.0,Eligible,REJECTED,0.0,Eligible,REJECTED,0.0,Eligible
3884,49.5,D,1,9,0.04,2000.0,REJECTED,0.0,Eligible,REJECTED,0.0,Eligible,REJECTED,0.0,Eligible
3885,40.5,D,4,12,0.0,1750.0,REJECTED,0.0,Eligible,REJECTED,0.0,Eligible,REJECTED,0.0,Eligible
3886,66.1,B,23,2,0.11,50000.0,REJECTED,0.0,< 6 vends,REJECTED,0.0,< 4 vends,REJECTED,0.0,< 3 vends
3887,39.8,D,4,11,0.09,1500.0,REJECTED,0.0,Eligible,REJECTED,0.0,Eligible,REJECTED,0.0,Eligible
3888,41.2,D,5,8,0.06,1500.0,REJECTED,0.0,Eligible,REJECTED,0.0,Eligible,REJECTED,0.0,Eligible
3889,71.8,B,5,8,0.08,192006.0,APPROVED,7500.0,Eligible,APPROVED,20000.0,Eligible,APPROVED,20000.0,Eligible
3890,36.0,D,1,5,0.1,1500.0,REJECTED,0.0,< 6 vends,REJECTED,0.0,Eligible,REJECTED,0.0,Eligible
3891,45.4,D,2,3,0.11,1500.0,REJECTED,0.0,< 6 vends,REJECTED,0.0,< 4 vends,REJECTED,0.0,Eligible
3892,43.0,D,5,7,0.05,1500.0,REJECTED,0.0,Eligible,REJECTED,0.0,Eligible,REJECTED,0.0,Eligible
3893,37.5,D,15,4,0.08,2500.0,REJECTED,0.0,< 6 vends,REJECTED,0.0,Eligible,REJECTED,0.0,Eligible
3894,40.3,D,6,13,0.02,1500.0,REJECTED,0.0,Eligible,REJECTED,0.0,Eligible,REJECTED,0.0,Eligible
3895,42.7,D,0,7,0.09,2000.0,REJECTED,0.0,Eligible,REJECTED,0.0,Eligible,REJECTED,0.0,Eligible
3896,47.7,D,0,11,0.07,2000.0,REJECTED,0.0,Eligible,REJECTED,0.0,Eligible,REJECTED,0.0,Eligible
3897,65.9,B,2,6,0.04,50000.0,APPROVED,7500.0,Eligible,APPROVED,20000.0,Eligible,APPROVED,20000.0,Eligible
3898,35.8,D,23,2,0.13,2000.0,REJECTED,0.0,< 6 vends,REJECTED,0.0,< 4 vends,REJECTED,0.0,< 3 vends
3899,66.6,B,8,6,0.15,75000.0,APPROVED,7500.0,Eligible,APPROVED,20000.0,Eligible,APPROVED,20000.0,Eligible
3900,43.3,D,2,7,0.0,2240.0,REJECTED,0.0,Eligible,REJECTED,0.0,Eligible,REJECTED,0.0,Eligible
3901,48.4,D,1,6,0.07,2000.0,REJECTED,0.0,Eligible,REJECTED,0.0,Eligible,REJECTED,0.0,Eligible
3902,47.6,D,1,9,0.02,2000.0,REJECTED,0.0,Eligible,REJECTED,0.0,Eligible,REJECTED,0.0,Eligible
3903,38.5,D,5,4,0.03,1625.0,REJECTED,0.0,< 6 vends,REJECTED,0.0,Eligible,REJECTED,0.0,Eligible
3904,45.6,D,5,9,0.04,2000.0,REJECTED,0.0,Eligible,REJECTED,0.0,Eligible,REJECTED,0.0,Eligible
3905,67.5,B,3,6,0.05,80000.0,APPROVED,7500.0,Eligible,APPROVED,20000.0,Eligible,APPROVED,20000.0,Eligible
3906,44.3,D,3,8,0.02,2000.0,REJECTED,0.0,Eligible,REJECTED,0.0,Eligible,REJECTED,0.0,Eligible
3907,39.3,D,8,6,0.1,2000.0,REJECTED,0.0,Eligible,REJECTED,0.0,Eligible,REJECTED,0.0,Eligible
3908,48.5,D,1,6,0.05,2154.0,REJECTED,0.0,Eligible,REJECTED,0.0,Eligible,REJECTED,0.0,Eligible
3909,49.6,D,0,8,0.02,2000.0,REJECTED,0.0,Eligible,REJECTED,0.0,Eligible,REJECTED,0.0,Eligible
3910,62.9,C,5,5,0.06,51500.0,REJECTED,0.0,< 6 vends,APPROVED,20000.0,Eligible,APPROVED,20000.0,Eligible
3911,69.8,B,1,7,0.05,50000.0,APPROVED,7500.0,Eligible,APPROVED,20000.0,Eligible,APPROVED,20000.0,Eligible
3912,44.9,D,1,4,0.04,2500.0,REJECTED,0.0,< 6 vends,REJECTED,0.0,Eligible,REJECTED,0.0,Eligible
3913,45.3,D,1,5,0.07,1750.0,REJECTED,0.0,< 6 vends,REJECTED,0.0,Eligible,REJECTED,0.0,Eligible
3914,37.1,D,2,3,0.15,2000.0,REJECTED,0.0,< 6 vends,REJECTED,0.0,< 4 vends,REJECTED,0.0,Eligible
3915,60.6,C,5,3,0.08,69000.0,REJECTED,0.0,< 6 vends,REJECTED,0.0,< 4 vends,APPROVED,20000.0,Eligible
3916,44.0,D,0,4,0.03,2000.0,REJECTED,0.0,< 6 vends,REJECTED,0.0,Eligible,REJECTED,0.0,Eligible
3917,45.4,D,1,6,0.0,2000.0,REJECTED,0.0,Eligible,REJECTED,0.0,Eligible,REJECTED,0.0,Eligible
3918,75.6,B,3,9,0.04,180000.0,APPROVED,7500.0,Eligible,APPROVED,20000.0,Eligible,APPROVED,20000.0,Eligible
3919,60.9,C,10,3,0.08,61000.0,REJECTED,0.0,< 6 vends,REJECTED,0.0,< 4 vends,APPROVED,20000.0,Eligible
3920,66.3,B,3,3,0.11,180000.0,REJECTED,0.0,< 6 vends,REJECTED,0.0,< 4 vends,APPROVED,20000.0,Eligible
3921,37.3,D,10,3,0.09,2250.0,REJECTED,0.0,< 6 vends,REJECTED,0.0,< 4 vends,REJECTED,0.0,Eligible
3922,46.7,D,7,9,0.1,2250.0,REJECTED,0.0,Eligible,REJECTED,0.0,Eligible,REJECTED,0.0,Eligible
3923,42.2,D,1,7,0.03,1750.0,REJECTED,0.0,Eligible,REJECTED,0.0,Eligible,REJECTED,0.0,Eligible
3924,39.9,D,28,6,0.09,2500.0,REJECTED,0.0,Eligible,REJECTED,0.0,Eligible,REJECTED,0.0,Eligible
3925,70.8,B,2,10,0.05,65000.0,APPROVED,7500.0,Eligible,APPROVED,20000.0,Eligible,APPROVED,20000.0,Eligible
3926,42.4,D,0,8,0.05,2000.0,REJECTED,0.0,Eligible,REJECTED,0.0,Eligible,REJECTED,0.0,Eligible
3927,34.1,D,2,5,0.0,1663.0,REJECTED,0.0,< 6 vends,REJECTED,0.0,Eligible,REJECTED,0.0,Eligible
3928,70.2,B,0,7,0.03,173430.0,APPROVED,7500.0,Eligible,APPROVED,20000.0,Eligible,APPROVED,20000.0,Eligible
3929,66.0,B,6,3,0.07,52000.0,REJECTED,0.0,< 6 vends,REJECTED,0.0,< 4 vends,APPROVED,20000.0,Eligible
3930,45.7,D,0,11,0.02,2000.0,REJECTED,0.0,Eligible,REJECTED,0.0,Eligible,REJECTED,0.0,Eligible
3931,33.9,D,19,2,0.0,1875.0,REJECTED,0.0,< 6 vends,REJECTED,0.0,< 4 vends,REJECTED,0.0,< 3 vends
3932,48.6,D,4,11,0.03,1750.0,REJECTED,0.0,Eligible,REJECTED,0.0,Eligible,REJECTED,0.0,Eligible
3933,43.0,D,2,7,0.03,2000.0,REJECTED,0.0,Eligible,REJECTED,0.0,Eligible,REJECTED,0.0,Eligible
3934,46.4,D,3,9,0.02,2000.0,REJECTED,0.0,Eligible,REJECTED,0.0,Eligible,REJECTED,0.0,Eligible
3935,74.0,B,5,7,0.04,49000.0,APPROVED,7500.0,Eligible,APPROVED,20000.0,Eligible,APPROVED,20000.0,Eligible
3936,60.5,C,36,2,0.1,46000.0,REJECTED,0.0,< 6 vends; > 30 days dormant,REJECTED,0.0,< 4 vends,REJECTED,0.0,< 3 vends
3937,70.1,B,0,6,0.08,50000.0,APPROVED,7500.0,Eligible,APPROVED,20000.0,Eligible,APPROVED,20000.0,Eligible
3938,38.5,D,0,7,0.02,1250.0,REJECTED,0.0,Eligible,REJECTED,0.0,Eligible,REJECTED,0.0,Eligible
3939,44.2,D,5,5,0.05,2000.0,REJECTED,0.0,< 6 vends,REJECTED,0.0,Eligible,REJECTED,0.0,Eligible
3940,44.2,D,4,6,0.02,1962.5,REJECTED,0.0,Eligible,REJECTED,0.0,Eligible,REJECTED,0.0,Eligible
3941,32.2,D,22,3,0.0,1630.0,REJECTED,0.0,< 6 vends,REJECTED,0.0,< 4 vends,REJECTED,0.0,Eligible
3942,70.5,B,0,6,0.0,51000.0,APPROVED,7500.0,Eligible,APPROVED,20000.0,Eligible,APPROVED,20000.0,Eligible
3943,45.9,D,14,8,0.05,2500.0,REJECTED,0.0,Eligible,REJECTED,0.0,Eligible,REJECTED,0.0,Eligible
3944,50.0,C,1,12,0.05,2000.0,REJECTED,0.0,Below Min Loan Size,REJECTED,0.0,Below Min Loan Size,REJECTED,0.0,Below Min Loan Size
3945,64.3,C,3,5,0.0,49000.0,REJECTED,0.0,< 6 vends,APPROVED,20000.0,Eligible,APPROVED,20000.0,Eligible
3946,43.9,D,28,4,0.17,2000.0,REJECTED,0.0,< 6 vends,REJECTED,0.0,Eligible,REJECTED,0.0,Eligible
3947,41.7,D,4,8,0.0,1500.0,REJECTED,0.0,Eligible,REJECTED,0.0,Eligible,REJECTED,0.0,Eligible
3948,38.3,D,0,10,0.04,1000.0,REJECTED,0.0,Eligible,REJECTED,0.0,Eligible,REJECTED,0.0,Eligible
3949,37.0,D,3,5,0.03,1500.0,REJECTED,0.0,< 6 vends,REJECTED,0.0,Eligible,REJECTED,0.0,Eligible
3950,36.5,D,2,4,0.07,1683.0,REJECTED,0.0,< 6 vends,REJECTED,0.0,Eligible,REJECTED,0.0,Eligible
3951,51.3,C,64,0,0.25,4000.0,REJECTED,0.0,< 6 vends; > 30 days dormant; High Failure Rate (25%),REJECTED,0.0,< 4 vends; > 45 days dormant,REJECTED,0.0,< 3 vends; > 60 days dormant
3952,40.8,D,4,7,0.08,2000.0,REJECTED,0.0,Eligible,REJECTED,0.0,Eligible,REJECTED,0.0,Eligible
3953,43.3,D,0,12,0.0,1500.0,REJECTED,0.0,Eligible,REJECTED,0.0,Eligible,REJECTED,0.0,Eligible
3954,34.5,D,19,2,0.12,1875.0,REJECTED,0.0,< 6 vends,REJECTED,0.0,< 4 vends,REJECTED,0.0,< 3 vends
3955,43.1,D,15,5,0.05,3000.0,REJECTED,0.0,< 6 vends,REJECTED,0.0,Eligible,REJECTED,0.0,Eligible
3956,39.2,D,31,3,0.07,1500.0,REJECTED,0.0,< 6 vends; > 30 days dormant,REJECTED,0.0,< 4 vends,REJECTED,0.0,Eligible
3957,66.4,B,3,5,0.03,52000.0,REJECTED,0.0,< 6 vends,APPROVED,20000.0,Eligible,APPROVED,20000.0,Eligible
3958,41.4,D,4,6,0.12,2000.0,REJECTED,0.0,Eligible,REJECTED,0.0,Eligible,REJECTED,0.0,Eligible
3959,40.4,D,11,8,0.04,1250.0,REJECTED,0.0,Eligible,REJECTED,0.0,Eligible,REJECTED,0.0,Eligible
3960,38.0,D,36,1,0.08,1875.0,REJECTED,0.0,< 6 vends; > 30 days dormant,REJECTED,0.0,< 4 vends,REJECTED,0.0,< 3 vends
3961,38.8,D,5,4,0.15,2000.0,REJECTED,0.0,< 6 vends,REJECTED,0.0,Eligible,REJECTED,0.0,Eligible
3962,71.0,B,17,8,0.05,57000.0,APPROVED,7500.0,Eligible,APPROVED,20000.0,Eligible,APPROVED,20000.0,Eligible
3963,43.7,D,6,5,0.1,2000.0,REJECTED,0.0,< 6 vends,REJECTED,0.0,Eligible,REJECTED,0.0,Eligible
3964,39.4,D,4,4,0.12,1875.0,REJECTED,0.0,< 6 vends,REJECTED,0.0,Eligible,REJECTED,0.0,Eligible
3965,48.2,D,4,12,0.14,2000.0,REJECTED,0.0,Eligible,REJECTED,0.0,Eligible,REJECTED,0.0,Eligible
3966,42.2,D,4,7,0.07,1750.0,REJECTED,0.0,Eligible,REJECTED,0.0,Eligible,REJECTED,0.0,Eligible
3967,29.7,D,65,0,0.3,1500.0,REJECTED,0.0,< 6 vends; > 30 days dormant; High Failure Rate (30%),REJECTED,0.0,< 4 vends; > 45 days dormant,REJECTED,0.0,< 3 vends; > 60 days dormant
3968,44.2,D,6,7,0.08,1659.0,REJECTED,0.0,Eligible,REJECTED,0.0,Eligible,REJECTED,0.0,Eligible
3969,38.8,D,4,8,0.13,2000.0,REJECTED,0.0,Eligible,REJECTED,0.0,Eligible,REJECTED,0.0,Eligible
3970,43.4,D,3,12,0.04,2027.0,REJECTED,0.0,Eligible,REJECTED,0.0,Eligible,REJECTED,0.0,Eligible
3971,44.5,D,1,9,0.02,2000.0,REJECTED,0.0,Eligible,REJECTED,0.0,Eligible,REJECTED,0.0,Eligible
3972,65.8,B,2,3,0.07,51000.0,REJECTED,0.0,< 6 vends,REJECTED,0.0,< 4 vends,APPROVED,20000.0,Eligible
3973,43.9,D,0,7,0.0,2000.0,REJECTED,0.0,Eligible,REJECTED,0.0,Eligible,REJECTED,0.0,Eligible
3974,37.7,D,3,4,0.05,2000.0,REJECTED,0.0,< 6 vends,REJECTED,0.0,Eligible,REJECTED,0.0,Eligible
3975,41.0,D,1,12,0.05,2000.0,REJECTED,0.0,Eligible,REJECTED,0.0,Eligible,REJECTED,0.0,Eligible
3976,43.7,D,2,3,0.08,2000.0,REJECTED,0.0,< 6 vends,REJECTED,0.0,< 4 vends,REJECTED,0.0,Eligible
3977,71.6,B,9,6,0.05,150000.0,APPROVED,7500.0,Eligible,APPROVED,20000.0,Eligible,APPROVED,20000.0,Eligible
3978,38.0,D,0,3,0.1,1957.5,REJECTED,0.0,< 6 vends,REJECTED,0.0,< 4 vends,REJECTED,0.0,Eligible
3979,44.0,D,2,9,0.05,2000.0,REJECTED,0.0,Eligible,REJECTED,0.0,Eligible,REJECTED,0.0,Eligible
3980,48.5,D,7,7,0.02,2000.0,REJECTED,0.0,Eligible,REJECTED,0.0,Eligible,REJECTED,0.0,Eligible
3981,43.6,D,0,11,0.06,2000.0,REJECTED,0.0,Eligible,REJECTED,0.0,Eligible,REJECTED,0.0,Eligible
3982,47.5,D,1,3,0.04,2000.0,REJECTED,0.0,< 6 vends,REJECTED,0.0,< 4 vends,REJECTED,0.0,Eligible
3983,41.2,D,3,11,0.07,1750.0,REJECTED,0.0,Eligible,REJECTED,0.0,Eligible,REJECTED,0.0,Eligible
3984,53.7,C,6,5,0.07,3000.0,REJECTED,0.0,< 6 vends,REJECTED,0.0,Below Min Loan Size,APPROVED,2250.0,Eligible
3985,51.1,C,2,1,0.0,4375.0,REJECTED,0.0,< 6 vends,REJECTED,0.0,< 4 vends,REJECTED,0.0,< 3 vends
3986,43.8,D,2,9,0.1,2000.0,REJECTED,0.0,Eligible,REJECTED,0.0,Eligible,REJECTED,0.0,Eligible
3987,43.7,D,1,3,0.1,2500.0,REJECTED,0.0,< 6 vends,REJECTED,0.0,< 4 vends,REJECTED,0.0,Eligible
3988,46.0,D,1,9,0.11,2000.0,REJECTED,0.0,Eligible,REJECTED,0.0,Eligible,REJECTED,0.0,Eligible
3989,62.5,C,64,0,0.12,63000.0,REJECTED,0.0,< 6 vends; > 30 days dormant,REJECTED,0.0,< 4 vends; > 45 days dormant,REJECTED,0.0,< 3 vends; > 60 days dormant
3990,36.6,D,0,7,0.07,1500.0,REJECTED,0.0,Eligible,REJECTED,0.0,Eligible,REJECTED,0.0,Eligible
3991,43.3,D,7,6,0.04,1886.5,REJECTED,0.0,Eligible,REJECTED,0.0,Eligible,REJECTED,0.0,Eligible
3992,50.7,C,4,7,0.02,2250.0,REJECTED,0.0,Below Min Loan Size,REJECTED,0.0,Below Min Loan Size,REJECTED,0.0,Below Min Loan Size
3993,44.3,D,1,7,0.0,2000.0,REJECTED,0.0,Eligible,REJECTED,0.0,Eligible,REJECTED,0.0,Eligible
3994,66.6,B,2,5,0.13,190000.0,REJECTED,0.0,< 6 vends,APPROVED,20000.0,Eligible,APPROVED,20000.0,Eligible
3995,40.6,D,0,13,0.12,2000.0,REJECTED,0.0,Eligible,REJECTED,0.0,Eligible,REJECTED,0.0,Eligible
3996,67.9,B,2,6,0.0,71000.0,APPROVED,7500.0,Eligible,APPROVED,20000.0,Eligible,APPROVED,20000.0,Eligible
3997,40.0,D,10,8,0.0,1500.0,REJECTED,0.0,Eligible,REJECTED,0.0,Eligible,REJECTED,0.0,Eligible
3998,46.3,D,1,16,0.05,1978.0,REJECTED,0.0,Eligible,REJECTED,0.0,Eligible,REJECTED,0.0,Eligible
3999,44.5,D,12,6,0.09,2000.0,REJECTED,0.0,Eligible,REJECTED,0.0,Eligible,REJECTED,0.0,Eligible
4000,43.6,D,1,6,0.02,1500.0,REJECTED,0.0,Eligible,REJECTED,0.0,Eligible,REJECTED,0.0,Eligible
4001,42.8,D,8,9,0.02,2000.0,REJECTED,0.0,Eligible,REJECTED,0.0,Eligible,REJECTED,0.0,Eligible
4002,46.2,D,2,12,0.04,1938.0,REJECTED,0.0,Eligible,REJECTED,0.0,Eligible,REJECTED,0.0,Eligible
4003,45.3,D,3,8,0.07,1875.0,REJECTED,0.0,Eligible,REJECTED,0.0,Eligible,REJECTED,0.0,Eligible
4004,67.6,B,2,9,0.13,50000.0,APPROVED,7500.0,Eligible,APPROVED,20000.0,Eligible,APPROVED,20000.0,Eligible
4005,43.8,D,3,8,0.03,2000.0,REJECTED,0.0,Eligible,REJECTED,0.0,Eligible,REJECTED,0.0,Eligible
4006,40.5,D,3,3,0.04,2000.0,REJECTED,0.0,< 6 vends,REJECTED,0.0,< 4 vends,REJECTED,0.0,Eligible
4007,40.6,D,19,6,0.08,1812.5,REJECTED,0.0,Eligible,REJECTED,0.0,Eligible,REJECTED,0.0,Eligible
4008,29.3,D,31,2,0.08,1125.0,REJECTED,0.0,< 6 vends; > 30 days dormant,REJECTED,0.0,< 4 vends,REJECTED,0.0,< 3 vends
4009,41.0,D,3,6,0.12,2000.0,REJECTED,0.0,Eligible,REJECTED,0.0,Eligible,REJECTED,0.0,Eligible
4010,42.9,D,3,8,0.09,2172.5,REJECTED,0.0,Eligible,REJECTED,0.0,Eligible,REJECTED,0.0,Eligible
4011,33.2,D,19,3,0.14,1500.0,REJECTED,0.0,< 6 vends,REJECTED,0.0,< 4 vends,REJECTED,0.0,Eligible
4012,40.4,D,18,5,0.14,1937.5,REJECTED,0.0,< 6 vends,REJECTED,0.0,Eligible,REJECTED,0.0,Eligible
4013,71.5,B,5,9,0.02,40000.0,APPROVED,7500.0,Eligible,APPROVED,20000.0,Eligible,APPROVED,20000.0,Eligible
4014,51.4,C,1,12,0.03,1750.0,REJECTED,0.0,Below Min Loan Size,REJECTED,0.0,Below Min Loan Size,REJECTED,0.0,Below Min Loan Size
4015,39.5,D,86,0,0.1,1750.0,REJECTED,0.0,< 6 vends; > 30 days dormant,REJECTED,0.0,< 4 vends; > 45 days dormant,REJECTED,0.0,< 3 vends; > 60 days dormant
4016,37.1,D,12,8,0.12,1500.0,REJECTED,0.0,Eligible,REJECTED,0.0,Eligible,REJECTED,0.0,Eligible
4017,38.4,D,11,3,0.13,1500.0,REJECTED,0.0,< 6 vends,REJECTED,0.0,< 4 vends,REJECTED,0.0,Eligible
4018,41.5,D,0,5,0.07,2000.0,REJECTED,0.0,< 6 vends,REJECTED,0.0,Eligible,REJECTED,0.0,Eligible
4019,45.1,D,7,5,0.05,2000.0,REJECTED,0.0,< 6 vends,REJECTED,0.0,Eligible,REJECTED,0.0,Eligible
4020,39.5,D,2,7,0.0,1500.0,REJECTED,0.0,Eligible,REJECTED,0.0,Eligible,REJECTED,0.0,Eligible
4021,72.6,B,0,12,0.02,182137.5,APPROVED,7500.0,Eligible,APPROVED,20000.0,Eligible,APPROVED,20000.0,Eligible
4022,50.8,C,3,7,0.04,2450.0,REJECTED,0.0,Below Min Loan Size,REJECTED,0.0,Below Min Loan Size,REJECTED,0.0,Below Min Loan Size
4023,41.7,D,4,12,0.05,2000.0,REJECTED,0.0,Eligible,REJECTED,0.0,Eligible,REJECTED,0.0,Eligible
4024,36.0,D,5,2,0.08,2000.0,REJECTED,0.0,< 6 vends,REJECTED,0.0,< 4 vends,REJECTED,0.0,< 3 vends
4025,46.1,D,3,11,0.02,1901.0,REJECTED,0.0,Eligible,REJECTED,0.0,Eligible,REJECTED,0.0,Eligible
4026,41.8,D,0,10,0.0,1989.0,REJECTED,0.0,Eligible,REJECTED,0.0,Eligible,REJECTED,0.0,Eligible
4027,45.5,D,0,7,0.04,2000.0,REJECTED,0.0,Eligible,REJECTED,0.0,Eligible,REJECTED,0.0,Eligible
4028,43.9,D,1,5,0.04,2000.0,REJECTED,0.0,< 6 vends,REJECTED,0.0,Eligible,REJECTED,0.0,Eligible
4029,38.6,D,5,5,0.12,1000.0,REJECTED,0.0,< 6 vends,REJECTED,0.0,Eligible,REJECTED,0.0,Eligible
4030,68.9,B,3,8,0.06,67000.0,APPROVED,7500.0,Eligible,APPROVED,20000.0,Eligible,APPROVED,20000.0,Eligible
4031,41.7,D,3,6,0.0,2000.0,REJECTED,0.0,Eligible,REJECTED,0.0,Eligible,REJECTED,0.0,Eligible
4032,41.0,D,34,3,0.04,2250.0,REJECTED,0.0,< 6 vends; > 30 days dormant,REJECTED,0.0,< 4 vends,REJECTED,0.0,Eligible
4033,45.6,D,4,8,0.13,2000.0,REJECTED,0.0,Eligible,REJECTED,0.0,Eligible,REJECTED,0.0,Eligible
4034,41.7,D,2,6,0.05,1561.0,REJECTED,0.0,Eligible,REJECTED,0.0,Eligible,REJECTED,0.0,Eligible
4035,73.8,B,0,6,0.05,180000.0,APPROVED,7500.0,Eligible,APPROVED,20000.0,Eligible,APPROVED,20000.0,Eligible
4036,32.4,D,45,1,0.07,1625.0,REJECTED,0.0,< 6 vends; > 30 days dormant,REJECTED,0.0,< 4 vends,REJECTED,0.0,< 3 vends
4037,35.9,D,42,1,0.07,1750.0,REJECTED,0.0,< 6 vends; > 30 days dormant,REJECTED,0.0,< 4 vends,REJECTED,0.0,< 3 vends
4038,46.1,D,2,7,0.04,2000.0,REJECTED,0.0,Eligible,REJECTED,0.0,Eligible,REJECTED,0.0,Eligible
4039,41.4,D,1,7,0.05,1750.0,REJECTED,0.0,Eligible,REJECTED,0.0,Eligible,REJECTED,0.0,Eligible
4040,39.3,D,1,4,0.06,1500.0,REJECTED,0.0,< 6 vends,REJECTED,0.0,Eligible,REJECTED,0.0,Eligible
4041,47.1,D,1,7,0.02,2304.0,REJECTED,0.0,Eligible,REJECTED,0.0,Eligible,REJECTED,0.0,Eligible
4042,42.3,D,8,10,0.05,2000.0,REJECTED,0.0,Eligible,REJECTED,0.0,Eligible,REJECTED,0.0,Eligible
4043,50.1,C,1,11,0.07,2178.0,REJECTED,0.0,Below Min Loan Size,REJECTED,0.0,Below Min Loan Size,REJECTED,0.0,Below Min Loan Size
4044,71.8,B,13,9,0.09,69000.0,APPROVED,7500.0,Eligible,APPROVED,20000.0,Eligible,APPROVED,20000.0,Eligible
4045,72.8,B,0,10,0.0,200000.0,APPROVED,7500.0,Eligible,APPROVED,20000.0,Eligible,APPROVED,20000.0,Eligible
4046,39.6,D,4,6,0.16,1750.0,REJECTED,0.0,Eligible,REJECTED,0.0,Eligible,REJECTED,0.0,Eligible
4047,40.1,D,14,6,0.07,1750.0,REJECTED,0.0,Eligible,REJECTED,0.0,Eligible,REJECTED,0.0,Eligible
4048,35.7,D,25,5,0.05,1500.0,REJECTED,0.0,< 6 vends,REJECTED,0.0,Eligible,REJECTED,0.0,Eligible
4049,39.7,D,4,9,0.0,1500.0,REJECTED,0.0,Eligible,REJECTED,0.0,Eligible,REJECTED,0.0,Eligible
4050,42.3,D,0,10,0.0,1625.0,REJECTED,0.0,Eligible,REJECTED,0.0,Eligible,REJECTED,0.0,Eligible
4051,46.5,D,2,8,0.11,1974.5,REJECTED,0.0,Eligible,REJECTED,0.0,Eligible,REJECTED,0.0,Eligible
4052,63.2,C,11,1,0.0,59000.0,REJECTED,0.0,< 6 vends,REJECTED,0.0,< 4 vends,REJECTED,0.0,< 3 vends
4053,73.3,B,1,8,0.03,195227.0,APPROVED,7500.0,Eligible,APPROVED,20000.0,Eligible,APPROVED,20000.0,Eligible
4054,40.9,D,6,5,0.05,1827.0,REJECTED,0.0,< 6 vends,REJECTED,0.0,Eligible,REJECTED,0.0,Eligible
4055,44.6,D,9,4,0.1,2000.0,REJECTED,0.0,< 6 vends,REJECTED,0.0,Eligible,REJECTED,0.0,Eligible
4056,44.1,D,17,5,0.03,2978.0,REJECTED,0.0,< 6 vends,REJECTED,0.0,Eligible,REJECTED,0.0,Eligible
4057,36.6,D,0,3,0.04,2000.0,REJECTED,0.0,< 6 vends,REJECTED,0.0,< 4 vends,REJECTED,0.0,Eligible
4058,36.6,D,0,5,0.11,1875.0,REJECTED,0.0,< 6 vends,REJECTED,0.0,Eligible,REJECTED,0.0,Eligible
4059,42.3,D,0,8,0.05,2000.0,REJECTED,0.0,Eligible,REJECTED,0.0,Eligible,REJECTED,0.0,Eligible
4060,41.7,D,13,6,0.12,1821.0,REJECTED,0.0,Eligible,REJECTED,0.0,Eligible,REJECTED,0.0,Eligible
4061,35.1,D,10,5,0.1,1875.0,REJECTED,0.0,< 6 vends,REJECTED,0.0,Eligible,REJECTED,0.0,Eligible
4062,43.4,D,2,7,0.02,2000.0,REJECTED,0.0,Eligible,REJECTED,0.0,Eligible,REJECTED,0.0,Eligible
4063,67.7,B,6,5,0.08,190207.0,REJECTED,0.0,< 6 vends,APPROVED,20000.0,Eligible,APPROVED,20000.0,Eligible
4064,40.1,D,18,4,0.03,1928.0,REJECTED,0.0,< 6 vends,REJECTED,0.0,Eligible,REJECTED,0.0,Eligible
4065,43.6,D,3,7,0.04,2000.0,REJECTED,0.0,Eligible,REJECTED,0.0,Eligible,REJECTED,0.0,Eligible
4066,69.6,B,20,1,0.05,45000.0,REJECTED,0.0,< 6 vends,REJECTED,0.0,< 4 vends,REJECTED,0.0,< 3 vends
4067,41.6,D,9,10,0.04,1500.0,REJECTED,0.0,Eligible,REJECTED,0.0,Eligible,REJECTED,0.0,Eligible
4068,50.5,C,2,15,0.04,2000.0,REJECTED,0.0,Below Min Loan Size,REJECTED,0.0,Below Min Loan Size,REJECTED,0.0,Below Min Loan Size
4069,48.6,D,1,9,0.07,2000.0,REJECTED,0.0,Eligible,REJECTED,0.0,Eligible,REJECTED,0.0,Eligible
4070,42.6,D,8,4,0.04,1769.0,REJECTED,0.0,< 6 vends,REJECTED,0.0,Eligible,REJECTED,0.0,Eligible
4071,73.1,B,5,15,0.04,50500.0,APPROVED,7500.0,Eligible,APPROVED,20000.0,Eligible,APPROVED,20000.0,Eligible
4072,70.8,B,6,8,0.1,50000.0,APPROVED,7500.0,Eligible,APPROVED,20000.0,Eligible,APPROVED,20000.0,Eligible
4073,46.0,D,0,8,0.02,2000.0,REJECTED,0.0,Eligible,REJECTED,0.0,Eligible,REJECTED,0.0,Eligible
4074,43.0,D,12,4,0.13,2000.0,REJECTED,0.0,< 6 vends,REJECTED,0.0,Eligible,REJECTED,0.0,Eligible
4075,41.0,D,2,5,0.0,2000.0,REJECTED,0.0,< 6 vends,REJECTED,0.0,Eligible,REJECTED,0.0,Eligible
4076,38.8,D,17,5,0.07,2000.0,REJECTED,0.0,< 6 vends,REJECTED,0.0,Eligible,REJECTED,0.0,Eligible
4077,46.8,D,1,10,0.03,1875.0,REJECTED,0.0,Eligible,REJECTED,0.0,Eligible,REJECTED,0.0,Eligible
4078,44.6,D,3,10,0.04,2000.0,REJECTED,0.0,Eligible,REJECTED,0.0,Eligible,REJECTED,0.0,Eligible
4079,44.7,D,1,11,0.04,2000.0,REJECTED,0.0,Eligible,REJECTED,0.0,Eligible,REJECTED,0.0,Eligible
4080,69.5,B,4,5,0.03,50000.0,REJECTED,0.0,< 6 vends,APPROVED,20000.0,Eligible,APPROVED,20000.0,Eligible
4081,32.9,D,1,2,0.09,1949.5,REJECTED,0.0,< 6 vends,REJECTED,0.0,< 4 vends,REJECTED,0.0,< 3 vends
4082,42.0,D,10,4,0.09,2000.0,REJECTED,0.0,< 6 vends,REJECTED,0.0,Eligible,REJECTED,0.0,Eligible
4083,43.5,D,4,8,0.05,2000.0,REJECTED,0.0,Eligible,REJECTED,0.0,Eligible,REJECTED,0.0,Eligible
4084,47.1,D,1,17,0.05,2000.0,REJECTED,0.0,Eligible,REJECTED,0.0,Eligible,REJECTED,0.0,Eligible
4085,44.4,D,20,7,0.06,2000.0,REJECTED,0.0,Eligible,REJECTED,0.0,Eligible,REJECTED,0.0,Eligible
4086,37.6,D,3,3,0.13,2000.0,REJECTED,0.0,< 6 vends,REJECTED,0.0,< 4 vends,REJECTED,0.0,Eligible
4087,44.2,D,4,9,0.03,2000.0,REJECTED,0.0,Eligible,REJECTED,0.0,Eligible,REJECTED,0.0,Eligible
4088,38.4,D,7,4,0.04,2000.0,REJECTED,0.0,< 6 vends,REJECTED,0.0,Eligible,REJECTED,0.0,Eligible
4089,33.7,D,3,2,0.0,1500.0,REJECTED,0.0,< 6 vends,REJECTED,0.0,< 4 vends,REJECTED,0.0,< 3 vends
4090,37.5,D,7,4,0.07,1824.0,REJECTED,0.0,< 6 vends,REJECTED,0.0,Eligible,REJECTED,0.0,Eligible
4091,40.2,D,5,5,0.09,2000.0,REJECTED,0.0,< 6 vends,REJECTED,0.0,Eligible,REJECTED,0.0,Eligible
4092,64.7,C,2,9,0.04,45000.0,APPROVED,5000.0,Eligible,APPROVED,20000.0,Eligible,APPROVED,20000.0,Eligible
4093,48.4,D,0,9,0.0,2000.0,REJECTED,0.0,Eligible,REJECTED,0.0,Eligible,REJECTED,0.0,Eligible
4094,44.1,D,1,10,0.04,1910.0,REJECTED,0.0,Eligible,REJECTED,0.0,Eligible,REJECTED,0.0,Eligible
4095,45.7,D,12,8,0.03,2000.0,REJECTED,0.0,Eligible,REJECTED,0.0,Eligible,REJECTED,0.0,Eligible
4096,40.7,D,5,5,0.12,2000.0,REJECTED,0.0,< 6 vends,REJECTED,0.0,Eligible,REJECTED,0.0,Eligible
4097,44.4,D,1,8,0.02,2000.0,REJECTED,0.0,Eligible,REJECTED,0.0,Eligible,REJECTED,0.0,Eligible
4098,36.7,D,3,2,0.0,2000.0,REJECTED,0.0,< 6 vends,REJECTED,0.0,< 4 vends,REJECTED,0.0,< 3 vends
4099,47.0,D,16,5,0.0,2000.0,REJECTED,0.0,< 6 vends,REJECTED,0.0,Eligible,REJECTED,0.0,Eligible
4100,45.4,D,1,7,0.12,2556.0,REJECTED,0.0,Eligible,REJECTED,0.0,Eligible,REJECTED,0.0,Eligible
4101,47.6,D,3,9,0.04,2003.0,REJECTED,0.0,Eligible,REJECTED,0.0,Eligible,REJECTED,0.0,Eligible
4102,46.6,D,2,9,0.04,2000.0,REJECTED,0.0,Eligible,REJECTED,0.0,Eligible,REJECTED,0.0,Eligible
4103,43.8,D,25,6,0.08,2000.0,REJECTED,0.0,Eligible,REJECTED,0.0,Eligible,REJECTED,0.0,Eligible
4104,41.1,D,2,9,0.1,2000.0,REJECTED,0.0,Eligible,REJECTED,0.0,Eligible,REJECTED,0.0,Eligible
4105,47.5,D,5,11,0.02,2000.0,REJECTED,0.0,Eligible,REJECTED,0.0,Eligible,REJECTED,0.0,Eligible
4106,44.8,D,5,9,0.02,2000.0,REJECTED,0.0,Eligible,REJECTED,0.0,Eligible,REJECTED,0.0,Eligible
4107,70.2,B,0,8,0.07,54000.0,APPROVED,7500.0,Eligible,APPROVED,20000.0,Eligible,APPROVED,20000.0,Eligible
4108,29.5,D,3,4,0.22,1000.0,REJECTED,0.0,< 6 vends; High Failure Rate (22%),REJECTED,0.0,Eligible,REJECTED,0.0,Eligible
4109,44.3,D,3,9,0.1,2000.0,REJECTED,0.0,Eligible,REJECTED,0.0,Eligible,REJECTED,0.0,Eligible
4110,71.0,B,4,10,0.04,45500.0,APPROVED,7500.0,Eligible,APPROVED,20000.0,Eligible,APPROVED,20000.0,Eligible
4111,42.1,D,5,8,0.02,1500.0,REJECTED,0.0,Eligible,REJECTED,0.0,Eligible,REJECTED,0.0,Eligible
4112,49.7,D,0,11,0.02,2500.0,REJECTED,0.0,Eligible,REJECTED,0.0,Eligible,REJECTED,0.0,Eligible
4113,37.9,D,3,10,0.02,1000.0,REJECTED,0.0,Eligible,REJECTED,0.0,Eligible,REJECTED,0.0,Eligible
4114,38.2,D,29,8,0.05,1367.0,REJECTED,0.0,Eligible,REJECTED,0.0,Eligible,REJECTED,0.0,Eligible
4115,32.0,D,4,2,0.17,1750.0,REJECTED,0.0,< 6 vends,REJECTED,0.0,< 4 vends,REJECTED,0.0,< 3 vends
4116,37.0,D,10,7,0.11,1875.0,REJECTED,0.0,Eligible,REJECTED,0.0,Eligible,REJECTED,0.0,Eligible
4117,43.8,D,2,3,0.18,1500.0,REJECTED,0.0,< 6 vends,REJECTED,0.0,< 4 vends,REJECTED,0.0,Eligible
4118,31.3,D,36,1,0.15,1500.0,REJECTED,0.0,< 6 vends; > 30 days dormant,REJECTED,0.0,< 4 vends,REJECTED,0.0,< 3 vends
4119,35.8,D,0,9,0.06,1221.5,REJECTED,0.0,Eligible,REJECTED,0.0,Eligible,REJECTED,0.0,Eligible
4120,43.2,D,4,6,0.13,2172.5,REJECTED,0.0,Eligible,REJECTED,0.0,Eligible,REJECTED,0.0,Eligible
4121,35.5,D,3,1,0.05,2000.0,REJECTED,0.0,< 6 vends,REJECTED,0.0,< 4 vends,REJECTED,0.0,< 3 vends
4122,32.5,D,0,1,0.14,1687.5,REJECTED,0.0,< 6 vends,REJECTED,0.0,< 4 vends,REJECTED,0.0,< 3 vends
4123,38.8,D,1,8,0.07,2000.0,REJECTED,0.0,Eligible,REJECTED,0.0,Eligible,REJECTED,0.0,Eligible
4124,35.2,D,6,2,0.0,2000.0,REJECTED,0.0,< 6 vends,REJECTED,0.0,< 4 vends,REJECTED,0.0,< 3 vends
4125,49.5,D,3,12,0.05,2000.0,REJECTED,0.0,Eligible,REJECTED,0.0,Eligible,REJECTED,0.0,Eligible
4126,38.8,D,2,3,0.14,1500.0,REJECTED,0.0,< 6 vends,REJECTED,0.0,< 4 vends,REJECTED,0.0,Eligible
4127,40.9,D,2,5,0.13,2000.0,REJECTED,0.0,< 6 vends,REJECTED,0.0,Eligible,REJECTED,0.0,Eligible
4128,34.1,D,26,6,0.12,1500.0,REJECTED,0.0,Eligible,REJECTED,0.0,Eligible,REJECTED,0.0,Eligible
4129,38.4,D,3,5,0.16,2000.0,REJECTED,0.0,< 6 vends,REJECTED,0.0,Eligible,REJECTED,0.0,Eligible
4130,41.7,D,2,9,0.06,1500.0,REJECTED,0.0,Eligible,REJECTED,0.0,Eligible,REJECTED,0.0,Eligible
4131,34.1,D,16,1,0.1,2000.0,REJECTED,0.0,< 6 vends,REJECTED,0.0,< 4 vends,REJECTED,0.0,< 3 vends
4132,42.6,D,1,7,0.05,2000.0,REJECTED,0.0,Eligible,REJECTED,0.0,Eligible,REJECTED,0.0,Eligible
4133,74.8,B,4,12,0.06,50000.0,APPROVED,7500.0,Eligible,APPROVED,20000.0,Eligible,APPROVED,20000.0,Eligible
4134,68.4,B,0,3,0.03,49000.0,REJECTED,0.0,< 6 vends,REJECTED,0.0,< 4 vends,APPROVED,20000.0,Eligible
4135,46.4,D,2,12,0.1,3000.0,REJECTED,0.0,Eligible,REJECTED,0.0,Eligible,REJECTED,0.0,Eligible
4136,65.8,B,24,1,0.0,80000.0,REJECTED,0.0,< 6 vends,REJECTED,0.0,< 4 vends,REJECTED,0.0,< 3 vends
4137,45.7,D,0,11,0.02,2000.0,REJECTED,0.0,Eligible,REJECTED,0.0,Eligible,REJECTED,0.0,Eligible
4138,44.3,D,11,5,0.04,2000.0,REJECTED,0.0,< 6 vends,REJECTED,0.0,Eligible,REJECTED,0.0,Eligible
4139,48.3,D,3,10,0.04,2000.0,REJECTED,0.0,Eligible,REJECTED,0.0,Eligible,REJECTED,0.0,Eligible
4140,41.6,D,0,6,0.07,2000.0,REJECTED,0.0,Eligible,REJECTED,0.0,Eligible,REJECTED,0.0,Eligible
4141,43.0,D,1,10,0.0,1905.5,REJECTED,0.0,Eligible,REJECTED,0.0,Eligible,REJECTED,0.0,Eligible
4142,38.4,D,10,9,0.08,1500.0,REJECTED,0.0,Eligible,REJECTED,0.0,Eligible,REJECTED,0.0,Eligible
4143,39.4,D,3,2,0.0,2500.0,REJECTED,0.0,< 6 vends,REJECTED,0.0,< 4 vends,REJECTED,0.0,< 3 vends
4144,46.8,D,1,9,0.04,1838.5,REJECTED,0.0,Eligible,REJECTED,0.0,Eligible,REJECTED,0.0,Eligible
4145,70.7,B,3,9,0.07,64000.0,APPROVED,7500.0,Eligible,APPROVED,20000.0,Eligible,APPROVED,20000.0,Eligible
4146,59.9,C,4,3,0.0,50000.0,REJECTED,0.0,< 6 vends,REJECTED,0.0,< 4 vends,APPROVED,20000.0,Eligible
4147,41.4,D,32,1,0.0,1625.0,REJECTED,0.0,< 6 vends; > 30 days dormant,REJECTED,0.0,< 4 vends,REJECTED,0.0,< 3 vends
4148,41.2,D,0,7,0.06,2000.0,REJECTED,0.0,Eligible,REJECTED,0.0,Eligible,REJECTED,0.0,Eligible
4149,43.4,D,57,1,0.1,3000.0,REJECTED,0.0,< 6 vends; > 30 days dormant,REJECTED,0.0,< 4 vends; > 45 days dormant,REJECTED,0.0,< 3 vends
4150,50.0,C,5,11,0.06,1500.0,REJECTED,0.0,Below Min Loan Size,REJECTED,0.0,Below Min Loan Size,REJECTED,0.0,Below Min Loan Size
4151,64.9,C,31,1,0.0,150000.0,REJECTED,0.0,< 6 vends; > 30 days dormant,REJECTED,0.0,< 4 vends,REJECTED,0.0,< 3 vends
4152,43.2,D,5,8,0.09,1908.0,REJECTED,0.0,Eligible,REJECTED,0.0,Eligible,REJECTED,0.0,Eligible
4153,42.5,D,2,8,0.05,1706.0,REJECTED,0.0,Eligible,REJECTED,0.0,Eligible,REJECTED,0.0,Eligible
4154,61.7,C,65,0,0.0,180000.0,REJECTED,0.0,< 6 vends; > 30 days dormant,REJECTED,0.0,< 4 vends; > 45 days dormant,REJECTED,0.0,< 3 vends; > 60 days dormant
4155,30.8,D,4,2,0.14,1375.0,REJECTED,0.0,< 6 vends,REJECTED,0.0,< 4 vends,REJECTED,0.0,< 3 vends
4156,43.1,D,0,8,0.0,1500.0,REJECTED,0.0,Eligible,REJECTED,0.0,Eligible,REJECTED,0.0,Eligible
4157,70.9,B,8,4,0.02,55000.0,REJECTED,0.0,< 6 vends,APPROVED,20000.0,Eligible,APPROVED,20000.0,Eligible
4158,59.1,C,36,1,0.12,63000.0,REJECTED,0.0,< 6 vends; > 30 days dormant,REJECTED,0.0,< 4 vends,REJECTED,0.0,< 3 vends
4159,39.6,D,7,2,0.08,1500.0,REJECTED,0.0,< 6 vends,REJECTED,0.0,< 4 vends,REJECTED,0.0,< 3 vends
4160,41.1,D,2,5,0.08,2000.0,REJECTED,0.0,< 6 vends,REJECTED,0.0,Eligible,REJECTED,0.0,Eligible
4161,66.6,B,0,7,0.11,40000.0,APPROVED,7500.0,Eligible,APPROVED,20000.0,Eligible,APPROVED,20000.0,Eligible
4162,70.6,B,11,9,0.02,54000.0,APPROVED,7500.0,Eligible,APPROVED,20000.0,Eligible,APPROVED,20000.0,Eligible
4163,38.7,D,0,7,0.12,2345.0,REJECTED,0.0,Eligible,REJECTED,0.0,Eligible,REJECTED,0.0,Eligible
4164,41.7,D,0,4,0.05,1883.0,REJECTED,0.0,< 6 vends,REJECTED,0.0,Eligible,REJECTED,0.0,Eligible
4165,34.4,D,3,2,0.0,2000.0,REJECTED,0.0,< 6 vends,REJECTED,0.0,< 4 vends,REJECTED,0.0,< 3 vends
4166,67.0,B,4,4,0.08,75000.0,REJECTED,0.0,< 6 vends,APPROVED,20000.0,Eligible,APPROVED,20000.0,Eligible
4167,45.7,D,2,5,0.0,3000.0,REJECTED,0.0,< 6 vends,REJECTED,0.0,Eligible,REJECTED,0.0,Eligible
4168,35.3,D,7,2,0.05,1750.0,REJECTED,0.0,< 6 vends,REJECTED,0.0,< 4 vends,REJECTED,0.0,< 3 vends
4169,43.0,D,3,3,0.08,2500.0,REJECTED,0.0,< 6 vends,REJECTED,0.0,< 4 vends,REJECTED,0.0,Eligible
4170,37.4,D,0,3,0.04,1875.0,REJECTED,0.0,< 6 vends,REJECTED,0.0,< 4 vends,REJECTED,0.0,Eligible
4171,39.8,D,4,2,0.07,2000.0,REJECTED,0.0,< 6 vends,REJECTED,0.0,< 4 vends,REJECTED,0.0,< 3 vends
4172,40.8,D,3,4,0.08,2000.0,REJECTED,0.0,< 6 vends,REJECTED,0.0,Eligible,REJECTED,0.0,Eligible
4173,42.3,D,1,6,0.05,2000.0,REJECTED,0.0,Eligible,REJECTED,0.0,Eligible,REJECTED,0.0,Eligible
4174,37.0,D,0,4,0.1,1750.0,REJECTED,0.0,< 6 vends,REJECTED,0.0,Eligible,REJECTED,0.0,Eligible
4175,73.9,B,0,7,0.06,48000.0,APPROVED,7500.0,Eligible,APPROVED,20000.0,Eligible,APPROVED,20000.0,Eligible
4176,47.0,D,3,10,0.05,1750.0,REJECTED,0.0,Eligible,REJECTED,0.0,Eligible,REJECTED,0.0,Eligible
4177,62.9,C,3,3,0.07,53000.0,REJECTED,0.0,< 6 vends,REJECTED,0.0,< 4 vends,APPROVED,20000.0,Eligible
4178,33.2,D,14,4,0.14,1750.0,REJECTED,0.0,< 6 vends,REJECTED,0.0,Eligible,REJECTED,0.0,Eligible
4179,43.7,D,2,9,0.08,1875.0,REJECTED,0.0,Eligible,REJECTED,0.0,Eligible,REJECTED,0.0,Eligible
4180,60.3,C,32,3,0.0,38500.0,REJECTED,0.0,< 6 vends; > 30 days dormant,REJECTED,0.0,< 4 vends,APPROVED,20000.0,Eligible
4181,66.7,B,0,10,0.03,47000.0,APPROVED,7500.0,Eligible,APPROVED,20000.0,Eligible,APPROVED,20000.0,Eligible
4182,43.1,D,1,10,0.04,1798.0,REJECTED,0.0,Eligible,REJECTED,0.0,Eligible,REJECTED,0.0,Eligible
4183,43.0,D,4,13,0.08,1433.0,REJECTED,0.0,Eligible,REJECTED,0.0,Eligible,REJECTED,0.0,Eligible
4184,39.8,D,4,9,0.02,1500.0,REJECTED,0.0,Eligible,REJECTED,0.0,Eligible,REJECTED,0.0,Eligible
4185,38.3,D,33,2,0.09,2382.0,REJECTED,0.0,< 6 vends; > 30 days dormant,REJECTED,0.0,< 4 vends,REJECTED,0.0,< 3 vends
4186,33.6,D,2,4,0.0,2000.0,REJECTED,0.0,< 6 vends,REJECTED,0.0,Eligible,REJECTED,0.0,Eligible
4187,52.4,C,3,10,0.06,2500.0,REJECTED,0.0,Below Min Loan Size,REJECTED,0.0,Below Min Loan Size,REJECTED,0.0,Below Min Loan Size
4188,44.0,D,3,13,0.08,2000.0,REJECTED,0.0,Eligible,REJECTED,0.0,Eligible,REJECTED,0.0,Eligible
4189,43.8,D,3,6,0.02,2000.0,REJECTED,0.0,Eligible,REJECTED,0.0,Eligible,REJECTED,0.0,Eligible
4190,65.5,B,64,0,0.0,250000.0,REJECTED,0.0,< 6 vends; > 30 days dormant,REJECTED,0.0,< 4 vends; > 45 days dormant,REJECTED,0.0,< 3 vends; > 60 days dormant
4191,40.5,D,0,3,0.07,2000.0,REJECTED,0.0,< 6 vends,REJECTED,0.0,< 4 vends,REJECTED,0.0,Eligible
4192,36.7,D,14,1,0.22,2000.0,REJECTED,0.0,< 6 vends; High Failure Rate (22%),REJECTED,0.0,< 4 vends,REJECTED,0.0,< 3 vends
4193,42.2,D,5,7,0.03,1750.0,REJECTED,0.0,Eligible,REJECTED,0.0,Eligible,REJECTED,0.0,Eligible
4194,43.1,D,2,10,0.04,1633.0,REJECTED,0.0,Eligible,REJECTED,0.0,Eligible,REJECTED,0.0,Eligible
4195,43.5,D,1,2,0.17,2000.0,REJECTED,0.0,< 6 vends,REJECTED,0.0,< 4 vends,REJECTED,0.0,< 3 vends
4196,72.1,B,0,7,0.03,71500.0,APPROVED,7500.0,Eligible,APPROVED,20000.0,Eligible,APPROVED,20000.0,Eligible
4197,33.3,D,1,2,0.0,2000.0,REJECTED,0.0,< 6 vends,REJECTED,0.0,< 4 vends,REJECTED,0.0,< 3 vends
4198,69.6,B,8,10,0.03,44000.0,APPROVED,7500.0,Eligible,APPROVED,20000.0,Eligible,APPROVED,20000.0,Eligible
4199,41.3,D,0,2,0.12,2000.0,REJECTED,0.0,< 6 vends,REJECTED,0.0,< 4 vends,REJECTED,0.0,< 3 vends
4200,74.5,B,1,7,0.02,63000.0,APPROVED,7500.0,Eligible,APPROVED,20000.0,Eligible,APPROVED,20000.0,Eligible
4201,75.1,B,5,13,0.05,189527.0,APPROVED,7500.0,Eligible,APPROVED,20000.0,Eligible,APPROVED,20000.0,Eligible
4202,37.3,D,2,2,0.07,2000.0,REJECTED,0.0,< 6 vends,REJECTED,0.0,< 4 vends,REJECTED,0.0,< 3 vends
4203,34.5,D,4,2,0.07,1750.0,REJECTED,0.0,< 6 vends,REJECTED,0.0,< 4 vends,REJECTED,0.0,< 3 vends
4204,37.4,D,1,4,0.16,1750.0,REJECTED,0.0,< 6 vends,REJECTED,0.0,Eligible,REJECTED,0.0,Eligible
4205,44.1,D,4,10,0.0,2000.0,REJECTED,0.0,Eligible,REJECTED,0.0,Eligible,REJECTED,0.0,Eligible
4206,41.5,D,9,4,0.07,2000.0,REJECTED,0.0,< 6 vends,REJECTED,0.0,Eligible,REJECTED,0.0,Eligible
4207,43.0,D,1,11,0.02,1812.5,REJECTED,0.0,Eligible,REJECTED,0.0,Eligible,REJECTED,0.0,Eligible
4208,45.6,D,1,15,0.04,1875.0,REJECTED,0.0,Eligible,REJECTED,0.0,Eligible,REJECTED,0.0,Eligible
4209,42.3,D,1,4,0.16,2000.0,REJECTED,0.0,< 6 vends,REJECTED,0.0,Eligible,REJECTED,0.0,Eligible
4210,50.3,C,5,13,0.06,2250.0,REJECTED,0.0,Below Min Loan Size,REJECTED,0.0,Below Min Loan Size,REJECTED,0.0,Below Min Loan Size
4211,44.4,D,0,12,0.04,2000.0,REJECTED,0.0,Eligible,REJECTED,0.0,Eligible,REJECTED,0.0,Eligible
4212,47.3,D,5,9,0.04,2000.0,REJECTED,0.0,Eligible,REJECTED,0.0,Eligible,REJECTED,0.0,Eligible
4213,43.8,D,1,7,0.08,2000.0,REJECTED,0.0,Eligible,REJECTED,0.0,Eligible,REJECTED,0.0,Eligible
4214,47.1,D,12,7,0.07,2000.0,REJECTED,0.0,Eligible,REJECTED,0.0,Eligible,REJECTED,0.0,Eligible
4215,42.9,D,14,9,0.05,1750.0,REJECTED,0.0,Eligible,REJECTED,0.0,Eligible,REJECTED,0.0,Eligible
4216,45.7,D,4,15,0.03,1500.0,REJECTED,0.0,Eligible,REJECTED,0.0,Eligible,REJECTED,0.0,Eligible
4217,46.2,D,4,8,0.05,2345.0,REJECTED,0.0,Eligible,REJECTED,0.0,Eligible,REJECTED,0.0,Eligible
4218,37.3,D,0,4,0.07,1750.0,REJECTED,0.0,< 6 vends,REJECTED,0.0,Eligible,REJECTED,0.0,Eligible
4219,44.2,D,0,7,0.06,1500.0,REJECTED,0.0,Eligible,REJECTED,0.0,Eligible,REJECTED,0.0,Eligible
4220,49.9,D,3,12,0.02,2000.0,REJECTED,0.0,Eligible,REJECTED,0.0,Eligible,REJECTED,0.0,Eligible
4221,40.6,D,0,8,0.05,2000.0,REJECTED,0.0,Eligible,REJECTED,0.0,Eligible,REJECTED,0.0,Eligible
4222,41.7,D,0,9,0.06,1500.0,REJECTED,0.0,Eligible,REJECTED,0.0,Eligible,REJECTED,0.0,Eligible
4223,60.5,C,4,3,0.0,45500.0,REJECTED,0.0,< 6 vends,REJECTED,0.0,< 4 vends,APPROVED,20000.0,Eligible
4224,44.4,D,1,6,0.02,2000.0,REJECTED,0.0,Eligible,REJECTED,0.0,Eligible,REJECTED,0.0,Eligible
4225,44.3,D,2,17,0.06,2000.0,REJECTED,0.0,Eligible,REJECTED,0.0,Eligible,REJECTED,0.0,Eligible
4226,41.1,D,0,4,0.06,3000.0,REJECTED,0.0,< 6 vends,REJECTED,0.0,Eligible,REJECTED,0.0,Eligible
4227,49.3,D,1,11,0.05,2148.0,REJECTED,0.0,Eligible,REJECTED,0.0,Eligible,REJECTED,0.0,Eligible
4228,43.1,D,3,9,0.0,1750.0,REJECTED,0.0,Eligible,REJECTED,0.0,Eligible,REJECTED,0.0,Eligible
4229,44.1,D,0,9,0.11,2000.0,REJECTED,0.0,Eligible,REJECTED,0.0,Eligible,REJECTED,0.0,Eligible
4230,37.8,D,0,10,0.05,1128.5,REJECTED,0.0,Eligible,REJECTED,0.0,Eligible,REJECTED,0.0,Eligible
4231,39.3,D,4,7,0.08,1625.0,REJECTED,0.0,Eligible,REJECTED,0.0,Eligible,REJECTED,0.0,Eligible
4232,70.4,B,17,7,0.07,50000.0,APPROVED,7500.0,Eligible,APPROVED,20000.0,Eligible,APPROVED,20000.0,Eligible
4233,40.3,D,10,6,0.07,2000.0,REJECTED,0.0,Eligible,REJECTED,0.0,Eligible,REJECTED,0.0,Eligible
4234,37.3,D,0,6,0.08,2000.0,REJECTED,0.0,Eligible,REJECTED,0.0,Eligible,REJECTED,0.0,Eligible
4235,67.6,B,0,2,0.12,180000.0,REJECTED,0.0,< 6 vends,REJECTED,0.0,< 4 vends,REJECTED,0.0,< 3 vends
4236,45.3,D,0,12,0.02,2000.0,REJECTED,0.0,Eligible,REJECTED,0.0,Eligible,REJECTED,0.0,Eligible
4237,44.0,D,3,12,0.0,1984.5,REJECTED,0.0,Eligible,REJECTED,0.0,Eligible,REJECTED,0.0,Eligible
4238,44.7,D,4,4,0.23,3000.0,REJECTED,0.0,< 6 vends; High Failure Rate (23%),REJECTED,0.0,Eligible,REJECTED,0.0,Eligible
4239,43.8,D,8,12,0.08,1875.0,REJECTED,0.0,Eligible,REJECTED,0.0,Eligible,REJECTED,0.0,Eligible
4240,40.9,D,0,11,0.05,1500.0,REJECTED,0.0,Eligible,REJECTED,0.0,Eligible,REJECTED,0.0,Eligible
4241,34.2,D,2,3,0.07,2000.0,REJECTED,0.0,< 6 vends,REJECTED,0.0,< 4 vends,REJECTED,0.0,Eligible
4242,50.1,C,3,8,0.08,2000.0,REJECTED,0.0,Below Min Loan Size,REJECTED,0.0,Below Min Loan Size,REJECTED,0.0,Below Min Loan Size
4243,71.5,B,12,5,0.0,58500.0,REJECTED,0.0,< 6 vends,APPROVED,20000.0,Eligible,APPROVED,20000.0,Eligible
4244,48.1,D,11,11,0.02,2000.0,REJECTED,0.0,Eligible,REJECTED,0.0,Eligible,REJECTED,0.0,Eligible
4245,43.2,D,0,5,0.04,2000.0,REJECTED,0.0,< 6 vends,REJECTED,0.0,Eligible,REJECTED,0.0,Eligible
4246,47.0,D,3,13,0.09,1821.5,REJECTED,0.0,Eligible,REJECTED,0.0,Eligible,REJECTED,0.0,Eligible
4247,44.5,D,1,15,0.0,2000.0,REJECTED,0.0,Eligible,REJECTED,0.0,Eligible,REJECTED,0.0,Eligible
4248,46.4,D,2,17,0.1,1500.0,REJECTED,0.0,Eligible,REJECTED,0.0,Eligible,REJECTED,0.0,Eligible
4249,45.4,D,0,7,0.09,1500.0,REJECTED,0.0,Eligible,REJECTED,0.0,Eligible,REJECTED,0.0,Eligible
4250,51.4,C,5,11,0.05,2500.0,REJECTED,0.0,Below Min Loan Size,REJECTED,0.0,Below Min Loan Size,REJECTED,0.0,Below Min Loan Size
4251,46.4,D,0,9,0.06,2000.0,REJECTED,0.0,Eligible,REJECTED,0.0,Eligible,REJECTED,0.0,Eligible
4252,31.5,D,6,4,0.18,1375.0,REJECTED,0.0,< 6 vends,REJECTED,0.0,Eligible,REJECTED,0.0,Eligible
4253,47.5,D,12,10,0.04,2500.0,REJECTED,0.0,Eligible,REJECTED,0.0,Eligible,REJECTED,0.0,Eligible
4254,36.3,D,1,3,0.07,2000.0,REJECTED,0.0,< 6 vends,REJECTED,0.0,< 4 vends,REJECTED,0.0,Eligible
4255,38.3,D,47,2,0.1,1500.0,REJECTED,0.0,< 6 vends; > 30 days dormant,REJECTED,0.0,< 4 vends; > 45 days dormant,REJECTED,0.0,< 3 vends
4256,41.7,D,1,12,0.0,1776.5,REJECTED,0.0,Eligible,REJECTED,0.0,Eligible,REJECTED,0.0,Eligible
4257,40.6,D,2,4,0.11,1500.0,REJECTED,0.0,< 6 vends,REJECTED,0.0,Eligible,REJECTED,0.0,Eligible
4258,45.4,D,4,10,0.09,2000.0,REJECTED,0.0,Eligible,REJECTED,0.0,Eligible,REJECTED,0.0,Eligible
4259,46.5,D,2,8,0.04,2000.0,REJECTED,0.0,Eligible,REJECTED,0.0,Eligible,REJECTED,0.0,Eligible
4260,36.0,D,4,7,0.08,1750.0,REJECTED,0.0,Eligible,REJECTED,0.0,Eligible,REJECTED,0.0,Eligible
4261,42.3,D,8,10,0.07,2000.0,REJECTED,0.0,Eligible,REJECTED,0.0,Eligible,REJECTED,0.0,Eligible
4262,44.8,D,0,13,0.02,1500.0,REJECTED,0.0,Eligible,REJECTED,0.0,Eligible,REJECTED,0.0,Eligible
4263,67.5,B,4,6,0.06,50000.0,APPROVED,7500.0,Eligible,APPROVED,20000.0,Eligible,APPROVED,20000.0,Eligible
4264,35.3,D,0,4,0.08,1500.0,REJECTED,0.0,< 6 vends,REJECTED,0.0,Eligible,REJECTED,0.0,Eligible
4265,46.7,D,0,8,0.08,2000.0,REJECTED,0.0,Eligible,REJECTED,0.0,Eligible,REJECTED,0.0,Eligible
4266,62.4,C,4,2,0.0,50000.0,REJECTED,0.0,< 6 vends,REJECTED,0.0,< 4 vends,REJECTED,0.0,< 3 vends
4267,44.1,D,1,4,0.0,2567.5,REJECTED,0.0,< 6 vends,REJECTED,0.0,Eligible,REJECTED,0.0,Eligible
4268,43.7,D,0,5,0.06,2000.0,REJECTED,0.0,< 6 vends,REJECTED,0.0,Eligible,REJECTED,0.0,Eligible
4269,43.7,D,1,8,0.12,2000.0,REJECTED,0.0,Eligible,REJECTED,0.0,Eligible,REJECTED,0.0,Eligible
4270,44.5,D,0,7,0.0,1500.0,REJECTED,0.0,Eligible,REJECTED,0.0,Eligible,REJECTED,0.0,Eligible
4271,44.5,D,3,4,0.12,2000.0,REJECTED,0.0,< 6 vends,REJECTED,0.0,Eligible,REJECTED,0.0,Eligible
4272,38.4,D,2,9,0.1,2000.0,REJECTED,0.0,Eligible,REJECTED,0.0,Eligible,REJECTED,0.0,Eligible
4273,44.0,D,1,8,0.13,2000.0,REJECTED,0.0,Eligible,REJECTED,0.0,Eligible,REJECTED,0.0,Eligible
4274,54.2,C,3,6,0.02,3000.0,REJECTED,0.0,Below Min Loan Size,REJECTED,0.0,Below Min Loan Size,APPROVED,2250.0,Eligible
4275,36.9,D,8,8,0.08,1250.0,REJECTED,0.0,Eligible,REJECTED,0.0,Eligible,REJECTED,0.0,Eligible
4276,43.1,D,4,9,0.0,2000.0,REJECTED,0.0,Eligible,REJECTED,0.0,Eligible,REJECTED,0.0,Eligible
4277,34.7,D,1,5,0.0,1750.0,REJECTED,0.0,< 6 vends,REJECTED,0.0,Eligible,REJECTED,0.0,Eligible
4278,44.9,D,6,7,0.04,2000.0,REJECTED,0.0,Eligible,REJECTED,0.0,Eligible,REJECTED,0.0,Eligible
4279,73.1,B,11,9,0.03,191792.0,APPROVED,7500.0,Eligible,APPROVED,20000.0,Eligible,APPROVED,20000.0,Eligible
4280,72.4,B,5,11,0.1,66000.0,APPROVED,7500.0,Eligible,APPROVED,20000.0,Eligible,APPROVED,20000.0,Eligible
4281,45.1,D,0,7,0.04,2000.0,REJECTED,0.0,Eligible,REJECTED,0.0,Eligible,REJECTED,0.0,Eligible
4282,44.9,D,5,9,0.12,1909.0,REJECTED,0.0,Eligible,REJECTED,0.0,Eligible,REJECTED,0.0,Eligible
4283,72.1,B,2,6,0.0,200000.0,APPROVED,7500.0,Eligible,APPROVED,20000.0,Eligible,APPROVED,20000.0,Eligible
4284,35.1,D,1,1,0.2,1500.0,REJECTED,0.0,< 6 vends,REJECTED,0.0,< 4 vends,REJECTED,0.0,< 3 vends
4285,36.7,D,0,6,0.08,2000.0,REJECTED,0.0,Eligible,REJECTED,0.0,Eligible,REJECTED,0.0,Eligible
4286,74.0,B,13,7,0.02,180000.0,APPROVED,7500.0,Eligible,APPROVED,20000.0,Eligible,APPROVED,20000.0,Eligible
4287,46.3,D,3,12,0.06,2000.0,REJECTED,0.0,Eligible,REJECTED,0.0,Eligible,REJECTED,0.0,Eligible
4288,36.6,D,0,6,0.22,2000.0,REJECTED,0.0,High Failure Rate (22%),REJECTED,0.0,Eligible,REJECTED,0.0,Eligible
4289,37.3,D,27,3,0.07,2000.0,REJECTED,0.0,< 6 vends,REJECTED,0.0,< 4 vends,REJECTED,0.0,Eligible
4290,44.8,D,5,9,0.08,2000.0,REJECTED,0.0,Eligible,REJECTED,0.0,Eligible,REJECTED,0.0,Eligible
4291,71.7,B,12,10,0.06,50000.0,APPROVED,7500.0,Eligible,APPROVED,20000.0,Eligible,APPROVED,20000.0,Eligible
4292,68.9,B,22,6,0.09,192250.5,APPROVED,7500.0,Eligible,APPROVED,20000.0,Eligible,APPROVED,20000.0,Eligible
4293,70.3,B,12,3,0.03,60000.0,REJECTED,0.0,< 6 vends,REJECTED,0.0,< 4 vends,APPROVED,20000.0,Eligible
4294,40.0,D,4,6,0.07,2000.0,REJECTED,0.0,Eligible,REJECTED,0.0,Eligible,REJECTED,0.0,Eligible
4295,68.0,B,17,2,0.03,54500.0,REJECTED,0.0,< 6 vends,REJECTED,0.0,< 4 vends,REJECTED,0.0,< 3 vends
4296,71.8,B,1,8,0.02,52000.0,APPROVED,7500.0,Eligible,APPROVED,20000.0,Eligible,APPROVED,20000.0,Eligible
4297,40.3,D,2,6,0.06,2000.0,REJECTED,0.0,Eligible,REJECTED,0.0,Eligible,REJECTED,0.0,Eligible
4298,46.4,D,2,11,0.05,2000.0,REJECTED,0.0,Eligible,REJECTED,0.0,Eligible,REJECTED,0.0,Eligible
4299,44.4,D,0,8,0.06,2000.0,REJECTED,0.0,Eligible,REJECTED,0.0,Eligible,REJECTED,0.0,Eligible
4300,40.7,D,0,6,0.03,2000.0,REJECTED,0.0,Eligible,REJECTED,0.0,Eligible,REJECTED,0.0,Eligible
4301,34.9,D,31,1,0.09,1750.0,REJECTED,0.0,< 6 vends; > 30 days dormant,REJECTED,0.0,< 4 vends,REJECTED,0.0,< 3 vends
4302,66.1,B,0,3,0.0,150000.0,REJECTED,0.0,< 6 vends,REJECTED,0.0,< 4 vends,APPROVED,20000.0,Eligible
4303,38.8,D,2,4,0.07,2000.0,REJECTED,0.0,< 6 vends,REJECTED,0.0,Eligible,REJECTED,0.0,Eligible
4304,41.2,D,14,2,0.0,2250.0,REJECTED,0.0,< 6 vends,REJECTED,0.0,< 4 vends,REJECTED,0.0,< 3 vends
4305,44.3,D,1,10,0.08,1875.0,REJECTED,0.0,Eligible,REJECTED,0.0,Eligible,REJECTED,0.0,Eligible
4306,40.7,D,0,12,0.04,1013.0,REJECTED,0.0,Eligible,REJECTED,0.0,Eligible,REJECTED,0.0,Eligible
4307,41.6,D,0,15,0.04,1500.0,REJECTED,0.0,Eligible,REJECTED,0.0,Eligible,REJECTED,0.0,Eligible
4308,42.9,D,0,4,0.02,1544.0,REJECTED,0.0,< 6 vends,REJECTED,0.0,Eligible,REJECTED,0.0,Eligible
4309,42.1,D,1,4,0.15,2000.0,REJECTED,0.0,< 6 vends,REJECTED,0.0,Eligible,REJECTED,0.0,Eligible
4310,43.4,D,1,11,0.02,1500.0,REJECTED,0.0,Eligible,REJECTED,0.0,Eligible,REJECTED,0.0,Eligible
4311,47.5,D,0,11,0.06,2000.0,REJECTED,0.0,Eligible,REJECTED,0.0,Eligible,REJECTED,0.0,Eligible
4312,41.7,D,6,16,0.04,1500.0,REJECTED,0.0,Eligible,REJECTED,0.0,Eligible,REJECTED,0.0,Eligible
4313,43.5,D,1,13,0.05,2000.0,REJECTED,0.0,Eligible,REJECTED,0.0,Eligible,REJECTED,0.0,Eligible
4314,35.4,D,0,7,0.15,1469.0,REJECTED,0.0,Eligible,REJECTED,0.0,Eligible,REJECTED,0.0,Eligible
4315,63.6,C,1,1,0.18,45000.0,REJECTED,0.0,< 6 vends,REJECTED,0.0,< 4 vends,REJECTED,0.0,< 3 vends
4316,49.6,D,0,10,0.03,2000.0,REJECTED,0.0,Eligible,REJECTED,0.0,Eligible,REJECTED,0.0,Eligible
4317,31.5,D,4,2,0.0,1500.0,REJECTED,0.0,< 6 vends,REJECTED,0.0,< 4 vends,REJECTED,0.0,< 3 vends
4318,41.6,D,11,4,0.14,2250.0,REJECTED,0.0,< 6 vends,REJECTED,0.0,Eligible,REJECTED,0.0,Eligible
4319,47.1,D,0,8,0.08,2500.0,REJECTED,0.0,Eligible,REJECTED,0.0,Eligible,REJECTED,0.0,Eligible
4320,38.7,D,25,2,0.11,2000.0,REJECTED,0.0,< 6 vends,REJECTED,0.0,< 4 vends,REJECTED,0.0,< 3 vends
4321,67.8,B,17,5,0.05,37000.0,REJECTED,0.0,< 6 vends,APPROVED,20000.0,Eligible,APPROVED,20000.0,Eligible
4322,39.4,D,47,2,0.17,2500.0,REJECTED,0.0,< 6 vends; > 30 days dormant,REJECTED,0.0,< 4 vends; > 45 days dormant,REJECTED,0.0,< 3 vends
4323,43.9,D,0,9,0.09,1866.5,REJECTED,0.0,Eligible,REJECTED,0.0,Eligible,REJECTED,0.0,Eligible
4324,36.4,D,14,7,0.16,2000.0,REJECTED,0.0,Eligible,REJECTED,0.0,Eligible,REJECTED,0.0,Eligible
4325,67.3,B,4,4,0.05,53000.0,REJECTED,0.0,< 6 vends,APPROVED,20000.0,Eligible,APPROVED,20000.0,Eligible
4326,47.4,D,5,2,0.0,3750.0,REJECTED,0.0,< 6 vends,REJECTED,0.0,< 4 vends,REJECTED,0.0,< 3 vends
4327,32.1,D,2,4,0.0,1500.0,REJECTED,0.0,< 6 vends,REJECTED,0.0,Eligible,REJECTED,0.0,Eligible
4328,76.6,B,0,7,0.0,63000.0,APPROVED,7500.0,Eligible,APPROVED,20000.0,Eligible,APPROVED,20000.0,Eligible
4329,72.4,B,0,3,0.02,64000.0,REJECTED,0.0,< 6 vends,REJECTED,0.0,< 4 vends,APPROVED,20000.0,Eligible
4330,41.8,D,0,10,0.12,1750.0,REJECTED,0.0,Eligible,REJECTED,0.0,Eligible,REJECTED,0.0,Eligible
4331,45.2,D,3,6,0.0,1890.0,REJECTED,0.0,Eligible,REJECTED,0.0,Eligible,REJECTED,0.0,Eligible
4332,44.6,D,2,12,0.0,2000.0,REJECTED,0.0,Eligible,REJECTED,0.0,Eligible,REJECTED,0.0,Eligible
4333,42.4,D,0,11,0.03,2000.0,REJECTED,0.0,Eligible,REJECTED,0.0,Eligible,REJECTED,0.0,Eligible
4334,42.9,D,0,5,0.08,2000.0,REJECTED,0.0,< 6 vends,REJECTED,0.0,Eligible,REJECTED,0.0,Eligible
4335,45.0,D,21,5,0.06,2000.0,REJECTED,0.0,< 6 vends,REJECTED,0.0,Eligible,REJECTED,0.0,Eligible
4336,41.4,D,0,5,0.0,1500.0,REJECTED,0.0,< 6 vends,REJECTED,0.0,Eligible,REJECTED,0.0,Eligible
4337,40.7,D,2,8,0.07,2000.0,REJECTED,0.0,Eligible,REJECTED,0.0,Eligible,REJECTED,0.0,Eligible
4338,35.2,D,5,4,0.0,1866.5,REJECTED,0.0,< 6 vends,REJECTED,0.0,Eligible,REJECTED,0.0,Eligible
4339,68.1,B,12,10,0.05,46500.0,APPROVED,7500.0,Eligible,APPROVED,20000.0,Eligible,APPROVED,20000.0,Eligible
4340,51.2,C,5,7,0.02,2000.0,REJECTED,0.0,Below Min Loan Size,REJECTED,0.0,Below Min Loan Size,REJECTED,0.0,Below Min Loan Size
4341,34.8,D,0,4,0.12,1500.0,REJECTED,0.0,< 6 vends,REJECTED,0.0,Eligible,REJECTED,0.0,Eligible
4342,46.5,D,0,6,0.1,2000.0,REJECTED,0.0,Eligible,REJECTED,0.0,Eligible,REJECTED,0.0,Eligible
4343,46.4,D,2,7,0.0,2000.0,REJECTED,0.0,Eligible,REJECTED,0.0,Eligible,REJECTED,0.0,Eligible
4344,68.3,B,1,5,0.15,79500.0,REJECTED,0.0,< 6 vends,APPROVED,20000.0,Eligible,APPROVED,20000.0,Eligible
4345,49.2,D,2,12,0.02,2000.0,REJECTED,0.0,Eligible,REJECTED,0.0,Eligible,REJECTED,0.0,Eligible
4346,45.1,D,3,9,0.11,2000.0,REJECTED,0.0,Eligible,REJECTED,0.0,Eligible,REJECTED,0.0,Eligible
4347,43.0,D,12,9,0.13,2000.0,REJECTED,0.0,Eligible,REJECTED,0.0,Eligible,REJECTED,0.0,Eligible
4348,36.1,D,2,4,0.08,2000.0,REJECTED,0.0,< 6 vends,REJECTED,0.0,Eligible,REJECTED,0.0,Eligible
4349,74.9,B,0,13,0.02,63500.0,APPROVED,7500.0,Eligible,APPROVED,20000.0,Eligible,APPROVED,20000.0,Eligible
4350,49.7,D,1,4,0.05,2500.0,REJECTED,0.0,< 6 vends,REJECTED,0.0,Eligible,REJECTED,0.0,Eligible
4351,67.3,B,5,6,0.08,68000.0,APPROVED,7500.0,Eligible,APPROVED,20000.0,Eligible,APPROVED,20000.0,Eligible
4352,44.0,D,0,8,0.09,2000.0,REJECTED,0.0,Eligible,REJECTED,0.0,Eligible,REJECTED,0.0,Eligible
4353,41.0,D,2,11,0.07,1796.5,REJECTED,0.0,Eligible,REJECTED,0.0,Eligible,REJECTED,0.0,Eligible
4354,43.5,D,12,7,0.02,2000.0,REJECTED,0.0,Eligible,REJECTED,0.0,Eligible,REJECTED,0.0,Eligible
4355,38.5,D,1,7,0.11,2020.0,REJECTED,0.0,Eligible,REJECTED,0.0,Eligible,REJECTED,0.0,Eligible
4356,42.9,D,9,14,0.03,2000.0,REJECTED,0.0,Eligible,REJECTED,0.0,Eligible,REJECTED,0.0,Eligible
4357,48.2,D,4,17,0.0,1750.0,REJECTED,0.0,Eligible,REJECTED,0.0,Eligible,REJECTED,0.0,Eligible
4358,69.1,B,32,3,0.09,70000.0,REJECTED,0.0,< 6 vends; > 30 days dormant,REJECTED,0.0,< 4 vends,APPROVED,20000.0,Eligible
4359,46.5,D,12,11,0.07,2000.0,REJECTED,0.0,Eligible,REJECTED,0.0,Eligible,REJECTED,0.0,Eligible
4360,49.6,D,0,11,0.02,2000.0,REJECTED,0.0,Eligible,REJECTED,0.0,Eligible,REJECTED,0.0,Eligible
4361,45.3,D,3,7,0.08,2000.0,REJECTED,0.0,Eligible,REJECTED,0.0,Eligible,REJECTED,0.0,Eligible
4362,41.8,D,1,4,0.03,2000.0,REJECTED,0.0,< 6 vends,REJECTED,0.0,Eligible,REJECTED,0.0,Eligible
4363,38.0,D,2,7,0.04,2000.0,REJECTED,0.0,Eligible,REJECTED,0.0,Eligible,REJECTED,0.0,Eligible
4364,49.8,D,0,8,0.0,2000.0,REJECTED,0.0,Eligible,REJECTED,0.0,Eligible,REJECTED,0.0,Eligible
4365,46.0,D,4,6,0.02,2000.0,REJECTED,0.0,Eligible,REJECTED,0.0,Eligible,REJECTED,0.0,Eligible
4366,42.7,D,3,8,0.03,2000.0,REJECTED,0.0,Eligible,REJECTED,0.0,Eligible,REJECTED,0.0,Eligible
4367,46.1,D,3,11,0.02,2250.0,REJECTED,0.0,Eligible,REJECTED,0.0,Eligible,REJECTED,0.0,Eligible
4368,40.1,D,1,4,0.08,2000.0,REJECTED,0.0,< 6 vends,REJECTED,0.0,Eligible,REJECTED,0.0,Eligible
4369,41.7,D,0,7,0.05,2000.0,REJECTED,0.0,Eligible,REJECTED,0.0,Eligible,REJECTED,0.0,Eligible
4370,72.8,B,1,12,0.06,150000.0,APPROVED,7500.0,Eligible,APPROVED,20000.0,Eligible,APPROVED,20000.0,Eligible
4371,41.0,D,1,6,0.05,1500.0,REJECTED,0.0,Eligible,REJECTED,0.0,Eligible,REJECTED,0.0,Eligible
4372,54.3,C,0,9,0.08,2670.0,REJECTED,0.0,Below Min Loan Size,REJECTED,0.0,Below Min Loan Size,APPROVED,2002.0,Eligible
4373,64.0,C,5,1,0.25,64000.0,REJECTED,0.0,< 6 vends; High Failure Rate (25%),REJECTED,0.0,< 4 vends,REJECTED,0.0,< 3 vends
4374,45.0,D,2,9,0.06,2000.0,REJECTED,0.0,Eligible,REJECTED,0.0,Eligible,REJECTED,0.0,Eligible
4375,43.1,D,0,10,0.02,2000.0,REJECTED,0.0,Eligible,REJECTED,0.0,Eligible,REJECTED,0.0,Eligible
4376,44.6,D,0,9,0.02,1500.0,REJECTED,0.0,Eligible,REJECTED,0.0,Eligible,REJECTED,0.0,Eligible
4377,43.6,D,3,9,0.02,2000.0,REJECTED,0.0,Eligible,REJECTED,0.0,Eligible,REJECTED,0.0,Eligible
4378,41.8,D,3,8,0.02,1500.0,REJECTED,0.0,Eligible,REJECTED,0.0,Eligible,REJECTED,0.0,Eligible
4379,74.7,B,0,13,0.02,65000.0,APPROVED,7500.0,Eligible,APPROVED,20000.0,Eligible,APPROVED,20000.0,Eligible
4380,74.9,B,0,16,0.04,180000.0,APPROVED,7500.0,Eligible,APPROVED,20000.0,Eligible,APPROVED,20000.0,Eligible
4381,39.8,D,3,3,0.17,2000.0,REJECTED,0.0,< 6 vends,REJECTED,0.0,< 4 vends,REJECTED,0.0,Eligible
4382,41.5,D,2,10,0.08,1500.0,REJECTED,0.0,Eligible,REJECTED,0.0,Eligible,REJECTED,0.0,Eligible
4383,45.6,D,5,6,0.07,2000.0,REJECTED,0.0,Eligible,REJECTED,0.0,Eligible,REJECTED,0.0,Eligible
4384,45.1,D,3,9,0.0,2000.0,REJECTED,0.0,Eligible,REJECTED,0.0,Eligible,REJECTED,0.0,Eligible
4385,37.4,D,6,4,0.08,2000.0,REJECTED,0.0,< 6 vends,REJECTED,0.0,Eligible,REJECTED,0.0,Eligible
4386,47.9,D,2,2,0.03,2783.0,REJECTED,0.0,< 6 vends,REJECTED,0.0,< 4 vends,REJECTED,0.0,< 3 vends
4387,40.1,D,17,1,0.0,2447.0,REJECTED,0.0,< 6 vends,REJECTED,0.0,< 4 vends,REJECTED,0.0,< 3 vends
4388,64.7,C,1,5,0.1,50000.0,REJECTED,0.0,< 6 vends,APPROVED,20000.0,Eligible,APPROVED,20000.0,Eligible
4389,39.6,D,1,2,0.09,2000.0,REJECTED,0.0,< 6 vends,REJECTED,0.0,< 4 vends,REJECTED,0.0,< 3 vends
4390,39.6,D,0,7,0.07,1500.0,REJECTED,0.0,Eligible,REJECTED,0.0,Eligible,REJECTED,0.0,Eligible
4391,35.8,D,81,0,0.0,2000.0,REJECTED,0.0,< 6 vends; > 30 days dormant,REJECTED,0.0,< 4 vends; > 45 days dormant,REJECTED,0.0,< 3 vends; > 60 days dormant
4392,71.1,B,1,11,0.08,50000.0,APPROVED,7500.0,Eligible,APPROVED,20000.0,Eligible,APPROVED,20000.0,Eligible
4393,47.5,D,5,2,0.0,1750.0,REJECTED,0.0,< 6 vends,REJECTED,0.0,< 4 vends,REJECTED,0.0,< 3 vends
4394,43.9,D,0,8,0.07,1500.0,REJECTED,0.0,Eligible,REJECTED,0.0,Eligible,REJECTED,0.0,Eligible
4395,33.9,D,33,3,0.08,2000.0,REJECTED,0.0,< 6 vends; > 30 days dormant,REJECTED,0.0,< 4 vends,REJECTED,0.0,Eligible
4396,69.3,B,1,7,0.03,58500.0,APPROVED,7500.0,Eligible,APPROVED,20000.0,Eligible,APPROVED,20000.0,Eligible
4397,38.5,D,8,8,0.06,1750.0,REJECTED,0.0,Eligible,REJECTED,0.0,Eligible,REJECTED,0.0,Eligible
4398,75.7,B,6,13,0.07,54000.0,APPROVED,7500.0,Eligible,APPROVED,20000.0,Eligible,APPROVED,20000.0,Eligible
4399,45.0,D,0,10,0.09,2000.0,REJECTED,0.0,Eligible,REJECTED,0.0,Eligible,REJECTED,0.0,Eligible
4400,41.5,D,4,8,0.05,2000.0,REJECTED,0.0,Eligible,REJECTED,0.0,Eligible,REJECTED,0.0,Eligible
4401,44.5,D,37,1,0.1,3750.0,REJECTED,0.0,< 6 vends; > 30 days dormant,REJECTED,0.0,< 4 vends,REJECTED,0.0,< 3 vends
4402,45.7,D,0,11,0.04,2000.0,REJECTED,0.0,Eligible,REJECTED,0.0,Eligible,REJECTED,0.0,Eligible
4403,39.1,D,7,7,0.04,2000.0,REJECTED,0.0,Eligible,REJECTED,0.0,Eligible,REJECTED,0.0,Eligible
4404,39.0,D,4,7,0.1,1500.0,REJECTED,0.0,Eligible,REJECTED,0.0,Eligible,REJECTED,0.0,Eligible
4405,36.6,D,2,3,0.07,1500.0,REJECTED,0.0,< 6 vends,REJECTED,0.0,< 4 vends,REJECTED,0.0,Eligible
4406,44.1,D,5,9,0.09,1632.0,REJECTED,0.0,Eligible,REJECTED,0.0,Eligible,REJECTED,0.0,Eligible
4407,44.3,D,36,1,0.09,2875.0,REJECTED,0.0,< 6 vends; > 30 days dormant,REJECTED,0.0,< 4 vends,REJECTED,0.0,< 3 vends
4408,42.4,D,6,4,0.09,2105.0,REJECTED,0.0,< 6 vends,REJECTED,0.0,Eligible,REJECTED,0.0,Eligible
4409,70.4,B,4,10,0.05,50000.0,APPROVED,7500.0,Eligible,APPROVED,20000.0,Eligible,APPROVED,20000.0,Eligible
4410,62.4,C,4,1,0.16,40000.0,REJECTED,0.0,< 6 vends,REJECTED,0.0,< 4 vends,REJECTED,0.0,< 3 vends
4411,41.4,D,2,8,0.03,1750.0,REJECTED,0.0,Eligible,REJECTED,0.0,Eligible,REJECTED,0.0,Eligible
4412,44.1,D,2,7,0.11,2000.0,REJECTED,0.0,Eligible,REJECTED,0.0,Eligible,REJECTED,0.0,Eligible
4413,31.5,D,35,1,0.0,1682.5,REJECTED,0.0,< 6 vends; > 30 days dormant,REJECTED,0.0,< 4 vends,REJECTED,0.0,< 3 vends
4414,43.7,D,4,8,0.07,2000.0,REJECTED,0.0,Eligible,REJECTED,0.0,Eligible,REJECTED,0.0,Eligible
4415,49.7,D,2,7,0.09,3000.0,REJECTED,0.0,Eligible,REJECTED,0.0,Eligible,REJECTED,0.0,Eligible
4416,41.6,D,36,3,0.07,1750.0,REJECTED,0.0,< 6 vends; > 30 days dormant,REJECTED,0.0,< 4 vends,REJECTED,0.0,Eligible
4417,39.2,D,0,8,0.04,2000.0,REJECTED,0.0,Eligible,REJECTED,0.0,Eligible,REJECTED,0.0,Eligible
4418,39.3,D,20,2,0.08,1500.0,REJECTED,0.0,< 6 vends,REJECTED,0.0,< 4 vends,REJECTED,0.0,< 3 vends
4419,31.7,D,5,2,0.08,1626.0,REJECTED,0.0,< 6 vends,REJECTED,0.0,< 4 vends,REJECTED,0.0,< 3 vends
4420,39.2,D,4,3,0.05,2000.0,REJECTED,0.0,< 6 vends,REJECTED,0.0,< 4 vends,REJECTED,0.0,Eligible
4421,40.8,D,4,5,0.0,1750.0,REJECTED,0.0,< 6 vends,REJECTED,0.0,Eligible,REJECTED,0.0,Eligible
4422,38.9,D,5,6,0.15,2345.0,REJECTED,0.0,Eligible,REJECTED,0.0,Eligible,REJECTED,0.0,Eligible
4423,72.9,B,4,9,0.02,180000.0,APPROVED,7500.0,Eligible,APPROVED,20000.0,Eligible,APPROVED,20000.0,Eligible
4424,69.9,B,1,8,0.05,53000.0,APPROVED,7500.0,Eligible,APPROVED,20000.0,Eligible,APPROVED,20000.0,Eligible
4425,47.8,D,2,5,0.16,3000.0,REJECTED,0.0,< 6 vends,REJECTED,0.0,Eligible,REJECTED,0.0,Eligible
4426,45.2,D,30,1,0.06,2500.0,REJECTED,0.0,< 6 vends,REJECTED,0.0,< 4 vends,REJECTED,0.0,< 3 vends
4427,44.7,D,10,6,0.02,2000.0,REJECTED,0.0,Eligible,REJECTED,0.0,Eligible,REJECTED,0.0,Eligible
4428,45.9,D,2,7,0.0,2000.0,REJECTED,0.0,Eligible,REJECTED,0.0,Eligible,REJECTED,0.0,Eligible
4429,45.7,D,3,7,0.07,1782.5,REJECTED,0.0,Eligible,REJECTED,0.0,Eligible,REJECTED,0.0,Eligible
4430,34.5,D,10,3,0.0,1875.0,REJECTED,0.0,< 6 vends,REJECTED,0.0,< 4 vends,REJECTED,0.0,Eligible
4431,44.8,D,4,8,0.04,2000.0,REJECTED,0.0,Eligible,REJECTED,0.0,Eligible,REJECTED,0.0,Eligible
4432,34.2,D,0,3,0.13,2000.0,REJECTED,0.0,< 6 vends,REJECTED,0.0,< 4 vends,REJECTED,0.0,Eligible
4433,42.1,D,0,13,0.02,1625.0,REJECTED,0.0,Eligible,REJECTED,0.0,Eligible,REJECTED,0.0,Eligible
4434,45.4,D,0,5,0.07,1875.0,REJECTED,0.0,< 6 vends,REJECTED,0.0,Eligible,REJECTED,0.0,Eligible
4435,71.8,B,7,8,0.02,74500.0,APPROVED,7500.0,Eligible,APPROVED,20000.0,Eligible,APPROVED,20000.0,Eligible
4436,31.5,D,20,2,0.07,1500.0,REJECTED,0.0,< 6 vends,REJECTED,0.0,< 4 vends,REJECTED,0.0,< 3 vends
4437,73.1,B,2,8,0.04,56000.0,APPROVED,7500.0,Eligible,APPROVED,20000.0,Eligible,APPROVED,20000.0,Eligible
4438,32.0,D,2,2,0.11,1349.5,REJECTED,0.0,< 6 vends,REJECTED,0.0,< 4 vends,REJECTED,0.0,< 3 vends
4439,45.4,D,3,4,0.04,1500.0,REJECTED,0.0,< 6 vends,REJECTED,0.0,Eligible,REJECTED,0.0,Eligible
4440,35.7,D,2,5,0.08,1625.0,REJECTED,0.0,< 6 vends,REJECTED,0.0,Eligible,REJECTED,0.0,Eligible
4441,66.2,B,11,6,0.03,46000.0,APPROVED,7500.0,Eligible,APPROVED,20000.0,Eligible,APPROVED,20000.0,Eligible
4442,33.0,D,1,2,0.14,1875.0,REJECTED,0.0,< 6 vends,REJECTED,0.0,< 4 vends,REJECTED,0.0,< 3 vends
4443,35.8,D,27,2,0.1,2000.0,REJECTED,0.0,< 6 vends,REJECTED,0.0,< 4 vends,REJECTED,0.0,< 3 vends
4444,50.9,C,12,7,0.08,1875.0,REJECTED,0.0,Below Min Loan Size,REJECTED,0.0,Below Min Loan Size,REJECTED,0.0,Below Min Loan Size
4445,43.8,D,1,5,0.05,1500.0,REJECTED,0.0,< 6 vends,REJECTED,0.0,Eligible,REJECTED,0.0,Eligible
4446,37.8,D,1,8,0.07,1931.0,REJECTED,0.0,Eligible,REJECTED,0.0,Eligible,REJECTED,0.0,Eligible
4447,44.7,D,5,11,0.06,2000.0,REJECTED,0.0,Eligible,REJECTED,0.0,Eligible,REJECTED,0.0,Eligible
4448,37.0,D,33,1,0.0,2000.0,REJECTED,0.0,< 6 vends; > 30 days dormant,REJECTED,0.0,< 4 vends,REJECTED,0.0,< 3 vends
4449,46.6,D,2,9,0.07,2000.0,REJECTED,0.0,Eligible,REJECTED,0.0,Eligible,REJECTED,0.0,Eligible
4450,42.5,D,1,10,0.09,2000.0,REJECTED,0.0,Eligible,REJECTED,0.0,Eligible,REJECTED,0.0,Eligible
4451,48.9,D,8,12,0.04,2000.0,REJECTED,0.0,Eligible,REJECTED,0.0,Eligible,REJECTED,0.0,Eligible
4452,47.4,D,0,12,0.12,1979.0,REJECTED,0.0,Eligible,REJECTED,0.0,Eligible,REJECTED,0.0,Eligible
4453,44.2,D,0,4,0.08,2277.5,REJECTED,0.0,< 6 vends,REJECTED,0.0,Eligible,REJECTED,0.0,Eligible
4454,38.0,D,0,2,0.09,1375.0,REJECTED,0.0,< 6 vends,REJECTED,0.0,< 4 vends,REJECTED,0.0,< 3 vends
4455,37.4,D,4,3,0.04,2000.0,REJECTED,0.0,< 6 vends,REJECTED,0.0,< 4 vends,REJECTED,0.0,Eligible
4456,48.7,D,3,9,0.09,1812.5,REJECTED,0.0,Eligible,REJECTED,0.0,Eligible,REJECTED,0.0,Eligible
4457,44.6,D,5,6,0.04,2000.0,REJECTED,0.0,Eligible,REJECTED,0.0,Eligible,REJECTED,0.0,Eligible
4458,64.2,C,0,5,0.22,49500.0,REJECTED,0.0,< 6 vends; High Failure Rate (22%),APPROVED,20000.0,Eligible,APPROVED,20000.0,Eligible
4459,64.7,C,11,1,0.0,50000.0,REJECTED,0.0,< 6 vends,REJECTED,0.0,< 4 vends,REJECTED,0.0,< 3 vends
4460,46.7,D,3,9,0.06,2000.0,REJECTED,0.0,Eligible,REJECTED,0.0,Eligible,REJECTED,0.0,Eligible
4461,71.1,B,19,7,0.0,74000.0,APPROVED,7500.0,Eligible,APPROVED,20000.0,Eligible,APPROVED,20000.0,Eligible
4462,50.7,C,3,12,0.02,2000.0,REJECTED,0.0,Below Min Loan Size,REJECTED,0.0,Below Min Loan Size,REJECTED,0.0,Below Min Loan Size
4463,40.3,D,3,4,0.06,2000.0,REJECTED,0.0,< 6 vends,REJECTED,0.0,Eligible,REJECTED,0.0,Eligible
4464,44.0,D,0,6,0.05,2000.0,REJECTED,0.0,Eligible,REJECTED,0.0,Eligible,REJECTED,0.0,Eligible
4465,44.5,D,1,5,0.11,2000.0,REJECTED,0.0,< 6 vends,REJECTED,0.0,Eligible,REJECTED,0.0,Eligible
4466,44.4,D,4,10,0.04,2000.0,REJECTED,0.0,Eligible,REJECTED,0.0,Eligible,REJECTED,0.0,Eligible
4467,43.3,D,2,13,0.0,1750.0,REJECTED,0.0,Eligible,REJECTED,0.0,Eligible,REJECTED,0.0,Eligible
4468,38.1,D,5,7,0.09,1750.0,REJECTED,0.0,Eligible,REJECTED,0.0,Eligible,REJECTED,0.0,Eligible
4469,70.3,B,5,12,0.08,41000.0,APPROVED,7500.0,Eligible,APPROVED,20000.0,Eligible,APPROVED,20000.0,Eligible
4470,37.4,D,0,10,0.13,1500.0,REJECTED,0.0,Eligible,REJECTED,0.0,Eligible,REJECTED,0.0,Eligible
4471,41.1,D,5,5,0.05,1813.0,REJECTED,0.0,< 6 vends,REJECTED,0.0,Eligible,REJECTED,0.0,Eligible
4472,41.9,D,2,10,0.02,1500.0,REJECTED,0.0,Eligible,REJECTED,0.0,Eligible,REJECTED,0.0,Eligible
4473,68.6,B,1,7,0.07,54500.0,APPROVED,7500.0,Eligible,APPROVED,20000.0,Eligible,APPROVED,20000.0,Eligible
4474,38.6,D,0,10,0.08,1750.0,REJECTED,0.0,Eligible,REJECTED,0.0,Eligible,REJECTED,0.0,Eligible
4475,37.4,D,32,1,0.0,1991.0,REJECTED,0.0,< 6 vends; > 30 days dormant,REJECTED,0.0,< 4 vends,REJECTED,0.0,< 3 vends
4476,69.4,B,1,8,0.13,53500.0,APPROVED,7500.0,Eligible,APPROVED,20000.0,Eligible,APPROVED,20000.0,Eligible
4477,36.2,D,2,4,0.06,2179.0,REJECTED,0.0,< 6 vends,REJECTED,0.0,Eligible,REJECTED,0.0,Eligible
4478,58.4,C,3,4,0.17,5000.0,REJECTED,0.0,< 6 vends,APPROVED,2500.0,Eligible,APPROVED,3750.0,Eligible
4479,42.9,D,3,8,0.02,2000.0,REJECTED,0.0,Eligible,REJECTED,0.0,Eligible,REJECTED,0.0,Eligible
4480,71.8,B,3,10,0.0,71000.0,APPROVED,7500.0,Eligible,APPROVED,20000.0,Eligible,APPROVED,20000.0,Eligible
4481,31.2,D,20,2,0.0,1625.0,REJECTED,0.0,< 6 vends,REJECTED,0.0,< 4 vends,REJECTED,0.0,< 3 vends
4482,46.6,D,2,11,0.02,2000.0,REJECTED,0.0,Eligible,REJECTED,0.0,Eligible,REJECTED,0.0,Eligible
4483,34.1,D,22,1,0.07,2000.0,REJECTED,0.0,< 6 vends,REJECTED,0.0,< 4 vends,REJECTED,0.0,< 3 vends
4484,43.3,D,4,6,0.07,2000.0,REJECTED,0.0,Eligible,REJECTED,0.0,Eligible,REJECTED,0.0,Eligible
4485,49.1,D,4,8,0.02,2250.0,REJECTED,0.0,Eligible,REJECTED,0.0,Eligible,REJECTED,0.0,Eligible
4486,44.9,D,1,13,0.08,1875.0,REJECTED,0.0,Eligible,REJECTED,0.0,Eligible,REJECTED,0.0,Eligible
4487,42.0,D,3,3,0.12,2000.0,REJECTED,0.0,< 6 vends,REJECTED,0.0,< 4 vends,REJECTED,0.0,Eligible
4488,45.8,D,5,8,0.04,2000.0,REJECTED,0.0,Eligible,REJECTED,0.0,Eligible,REJECTED,0.0,Eligible
4489,41.7,D,1,9,0.05,2000.0,REJECTED,0.0,Eligible,REJECTED,0.0,Eligible,REJECTED,0.0,Eligible
4490,35.6,D,4,9,0.0,1500.0,REJECTED,0.0,Eligible,REJECTED,0.0,Eligible,REJECTED,0.0,Eligible
4491,66.5,B,1,6,0.07,59000.0,APPROVED,7500.0,Eligible,APPROVED,20000.0,Eligible,APPROVED,20000.0,Eligible
4492,31.7,D,42,1,0.1,1750.0,REJECTED,0.0,< 6 vends; > 30 days dormant,REJECTED,0.0,< 4 vends,REJECTED,0.0,< 3 vends
4493,34.1,D,8,3,0.18,2000.0,REJECTED,0.0,< 6 vends,REJECTED,0.0,< 4 vends,REJECTED,0.0,Eligible
4494,40.7,D,0,2,0.11,2875.0,REJECTED,0.0,< 6 vends,REJECTED,0.0,< 4 vends,REJECTED,0.0,< 3 vends
4495,68.2,B,26,1,0.1,151707.0,REJECTED,0.0,< 6 vends,REJECTED,0.0,< 4 vends,REJECTED,0.0,< 3 vends
4496,42.5,D,12,5,0.1,2000.0,REJECTED,0.0,< 6 vends,REJECTED,0.0,Eligible,REJECTED,0.0,Eligible
4497,43.9,D,4,8,0.07,1919.0,REJECTED,0.0,Eligible,REJECTED,0.0,Eligible,REJECTED,0.0,Eligible
4498,32.3,D,0,3,0.23,1430.0,REJECTED,0.0,< 6 vends; High Failure Rate (23%),REJECTED,0.0,< 4 vends,REJECTED,0.0,Eligible
4499,50.8,C,1,13,0.08,2000.0,REJECTED,0.0,Below Min Loan Size,REJECTED,0.0,Below Min Loan Size,REJECTED,0.0,Below Min Loan Size
